name,brand,category,barcode,vegNonVeg,available_quantities,ingredients,allergens,side_effects,harm_level,image_url
Malasa Masti,Balaji Wafers,plant-based-foods-and-beverages,8906010500030,,"[""30g""]","[""POTATO (87%)"", ""EDIBLE VEGETABLE OIL (PALMOLEIN)"", ""SUGAR"", ""SPICES & CONDIMENTS 1% (CHILLI"", ""DRY MANGO"", ""CORIANDER"", ""CUMIN"", ""BLACK PEPPER"", ""GINGER"", ""CLOVE)"", ""EDIBLE COMMON SALT"", ""BLACK SALT""]","[""-""]",[],,https://images.openfoodfacts.org/images/products/890/601/050/0030/front_en.26.400.jpg
Tropicana Litchi Delight Juice 1Ltr (Pckt),Tropicana,plant-based-foods-and-beverages,8902080013272,,"[""200 ml""]","[""WATER"", ""LITCHI PULP 13%"", ""SUGAR"", ""CONCENTRATED APPLE JUICE (2%)"", ""ACIDITY REGULATOR (296)"", ""FLAVOUR (NATURAL AND NATURE IDENTICAL FLAVOURING SUBSTANCES)"", ""STABILIZER (440)"", ""IODISED SALT"", ""ANTIOXIDANT (300).""]","[""-""]",[],,https://images.openfoodfacts.org/images/products/890/208/001/3272/front_en.14.400.jpg
Thumbs Up 750ml,coca-cola-company,beverages,8901764042270,,"[""24""]","[""CARBONATED WATER"", ""SUGAR"", ""ACIDITY REGULATOR (338)"", ""CAFFEINE (8.3 mg/100 g)"", ""COLOUR (1506) FLAVOURS (NATURAL"", ""NATURE-IDENTICAL & ARTIFICIAL (COLA) FLAVOURING SUBSTANCES). &quot"", ""CONTAINS CAFFEINE&quot""]","[""-""]",[],,https://images.openfoodfacts.org/images/products/890/176/404/2270/front_en.46.400.jpg
Aachi chicken masala,aachi,plant-based-foods-and-beverages,8906021120470,,"[""100g""]","[""Spice Content - 77% (Red Chilli powder. Turmeric powder"", ""Black Pepper"", ""Cumin"", ""Cassia Bark (Taj)"", ""Cardamom. Garlic flakes"", ""Dry Ginger"", ""Dry Fenugreek Leaves"", ""Mustard). Gram Dhal"", ""Toor Dhal"", ""Urad Dal and Salt - 5%""]","[""mustard""]",[],,https://images.openfoodfacts.org/images/products/890/602/112/0470/front_en.5.400.jpg
Coconut oil,parachute,plant-based-foods-and-beverages,8901088000345,,"[""200ml(182g)""]","[""Coconut Oil""]","[""-""]",[],,https://images.openfoodfacts.org/images/products/890/108/800/0345/front_en.15.400.jpg
Quick Chicken Pizza Instant Noodles,wai-wai,plant-based-foods-and-beverages,8901741003027,,"[""75 g""]","[""Noodles (with seasonings): Wheat flour"", ""Edible vegetable oil (Palm)"", ""lodised salt"", ""Wheat gluten"", ""Softening agent (500ii)"", ""Soya sauce"", ""Black pepper"", ""Flavour enhancer (621"", ""627"", ""631)"", ""Guar gum (412)"", ""Acidity regulator (451i)"", ""Onion"", ""Calcium Carbonate (170i)"", ""Chicken flavour and Caramel (150d) (Carryover from soya sauce). \nSeasoning (in a separate sachet): lodised salt"", ""Sugar"", ""Garlic"", ""Noodle powder"", ""Maltodextrin (1400)"", ""Onion"", ""Flavour enhancer (621.627 631)"", ""Cumin"", ""Chives"", ""White pepper"", ""Oregano"", ""Cheese powder"", ""Citric acid (330)"", ""Hydrolyzed vegetable protein"", ""Dehydrated vegetables. Soy sauce powder"", ""Paprika (160C)"", ""Anticaking agent (551). Yeast extract and Chilli powder. \nFlavoured Oil: Edible Vegetable oil (Palm Olein) & Onion \nCONTAINS PERMITTED NATURAL COLOUR (Caramel 150d"", ""Paprika 160c) AND A FLAVOURS (Natural flavours & Natural flavouring substances"", ""Nature identical flavouring substances and Artificial flavouring substances (Chicken). May contain traces of MILK products & MUSTARD products.\nThis package contains added MONOSODIUM GLUTAMATE (not recommended for children under 12 months)""]","[""chicken"", ""gluten"", ""milk"", ""soybeans""]",[],,https://images.openfoodfacts.org/images/products/890/174/100/3027/front_en.7.400.jpg
amul cow ghee,amul,dairies,8901262030663,,"[""200 ml""]","[""fresh cream""]","[""milk""]",[],,https://images.openfoodfacts.org/images/products/890/126/203/0663/front_en.13.400.jpg
Mountain dew 250ml,pepsi,beverages,8902080365029,,"[""6""]","[""CARBONATED WATER"", ""SUGAR"", ""ACIDITY REGULATORS (330"", ""331)"", ""PRESERVATIVE (211)"", ""CAFFEINE"", ""STABILIZER (445). CONTAINS PERMITTED SYNTHETIC FOOD COLOUR (102) AND ADDED FLAVOUR (NATURAL FLAVOURING SUBSTANCES)""]","[""-""]",[],,https://images.openfoodfacts.org/images/products/890/208/036/5029/front_en.4.400.jpg
Chips barbecue,Lay's,plant-based-foods-and-beverages,3168930007432,,"[""130 g""]","[""potatoes 61%"", ""sunflower oil"", ""rapeseed oil"", ""flavour (sugar"", ""aroma ( soy )"", ""bread crumbs ( wheat )"", ""flavour enhancer (sodium glutamate)"", ""paprika"", ""onion powder"", ""tomato powder"", ""garlic powder"", ""corrector of acidity (citric acid"", ""malic acid)"", ""colour(paprika extract)"", ""smoke flavourings)"", ""salt""]","[""gluten"", ""soybeans""]",[],,https://images.openfoodfacts.org/images/products/316/893/000/7432/front_fr.52.400.jpg
"SYNTHA-6 Ultra Premium Protein Matrix, Chocolate Milkshake",bio-engineered-supplements-nutrition,dietary-supplements,0834266007202,,"[""2.27 kg""]","[""lecithin"", ""salt"", ""cellulose gum"", ""acesulfame potassium"", ""sucralose"", ""papain"", ""bromelain"", ""t gedients: protein matrix comprised ewhey protein concentrate"", ""whey fotein isolate"", ""calcium caseinate"", ""micellar casein"", ""milk protein isolate"", ""egg albumen"", ""glutamine peptides)"", ""sunflower creamer (sunflower oil"", ""corn syrup solids"", ""sodium caseinate"", ""mono - and diglycerides"", ""dipotassium phosphate"", ""tricalcium phosphate"", ""soy lecithin"", ""tocopherols)"", ""polydextrose"", ""cocoa (processed with alkali)"", ""natural and artificial fla vor"", ""mct powder (medium chain triglycerides"", ""nonfat dry milk"", ""disodium phosphate"", ""silicon dioxide)""]","[""eggs"", ""milk"", ""soybeans""]",[],,https://images.openfoodfacts.org/images/products/083/426/600/7202/front_en.34.400.jpg
Daily Rice,good-life,plant-based-foods-and-beverages,8904132969780,,"[""26kg""]","[""Rice""]","[""-""]",[],,https://images.openfoodfacts.org/images/products/890/413/296/9780/front_en.3.400.jpg
Garam Masala,aachi,plant-based-foods-and-beverages,8906021121156,,"[""15 g""]","[""Spice Content - 95% (Coriander"", ""Fennel"", ""Chilli Powder"", ""Cumin"", ""Cassia Bark (Taj)"", ""Garlic Flakes"", ""Dry Ginger Powder"", ""Cloves"", ""Bay leaves"", ""Black Pepper"", ""Cardamom"", ""Turmeric Powder"", ""Star Anise"", ""Dry Fenugreek Leaves"", ""Nutmeg) and Salt-5%.""]","[""-""]",[],,https://images.openfoodfacts.org/images/products/890/602/112/1156/front_en.3.400.jpg
Good Day Cashew Cookies Medium Pack 600g,britannia,snacks,8901063093355,,"[""600 g""]","[""REFINED WHEAT FLOUR (MAIDA)"", ""REFINED PALM OIL"", ""SUGAR"", ""CASHEW NUTS (1.8%)"", ""INVERT SUGAR MILK SOLIDS"", ""BUTTER (0.6%)"", ""RAISING AGENTS [503(ii) & 500(ii)]"", ""IODISED SALT"", ""EMULSIFIERS (322(i)"", ""471 & 472e] AND FLAVOURS [NATURE IDENTICAL AND ARTIFICIAL (MILK AND VANILLA) FLAVOURING SUBSTANCES].""]","[""gluten"", ""milk"", ""nuts"", ""soybeans""]",[],,https://images.openfoodfacts.org/images/products/890/106/309/3355/front_en.3.400.jpg
Lipton Green tea,lipton,plant-based-foods-and-beverages,8901030553134,,"[""13g""]","[""FLAVOURED GREEN TEA TEA BAGS CONTAINS ADDED NATURAL FLAVOURS""]","[""-""]",[],,https://images.openfoodfacts.org/images/products/890/103/055/3134/front_en.6.400.jpg
Creme 4 Fun,dukes,snacks,8901972062947,,"[""150g""]","[""REFINED WHEAT FLOUR(MAIDA)"", ""SUGAR"", ""REFINED PALM OIL"", ""INVERT SYRUP"", ""I0DIZED SALT"", ""RAISING AGENTS [503(ii)"", ""500(ii)]"", ""EMULSIFIERS (322"", ""471)"", ""STARCH"", ""DOUGH CONDITIONER (223)"", ""HJMECTANT (422) AND STRAWBERRY FRUIT POWDER(0.002%). CONTAINS PERMITTED SYNTHETIC FOOD COLOUR(127) AND ADDED FLAVOURS (ARTIFICIAL FLAVOURING SUBSTANCES - VANILLA"", ""STRAWBERRY). (Numbers in brackets as per International Numbering System.)"", ""ALLERGEN: Contains Wheat"", ""Soya & Sulphites. May Contain Traces of Milk & Tree Nuts.""]","[""gluten""]",[],,https://images.openfoodfacts.org/images/products/890/197/206/2947/front_en.8.400.jpg
Dijon Mustard,delouis-fils,condiments,3258831003982,,"[""200g""]","[""Mustard seeds (32%)"", ""vinegar (31%)"", ""water (31%)"", ""salt (6%).""]","[""mustard""]",[],,https://images.openfoodfacts.org/images/products/325/883/100/3982/front_en.4.400.jpg
Special Potato Chiwda,laxminarayan,snacks,5907256003067,,"[""400 g""]","[""Potato"", ""Peanut Oil"", ""Peanuts"", ""Raisins"", ""Cashewnuts"", ""Sugar"", ""Salt"", ""Green Chili Powder"", ""Vegetable Oil. \r\n\r\nContains No Artificial Colours Flavours & Preservatives.""]","[""nuts"", ""peanuts""]",[],,
Chyawanprash with Saffron,patanjali,plant-based-foods-and-beverages,8904109465826,,"[""500 g""]","[""Each 10g contains 450 mg wth(Sida cordifolia) ya Phaseolus tribulus) freg ute (Piper longum) Hai Leramnus labialis) 1 (Pistacia integerrima) Tt ePhyllanthus niruri) T(Vitis vinifera) dha-t (Leptadenia reticulate) 45 mg 45 mg 55 mg 45 mg e 45 mg a 45 mg 25 mg a 45 mg (Terminalia chebula) 45 mg fretu (Tinospora cordifolia) 45 mg 45 mg 45 mg f 45 mg 45 mg 45 mg 45 mg 45 mg 45 mg 90 mg 45 mg 45 mg (Habenaria intermedia) trare (Malaxis acuminate) (Curcuma zedoaria) eet(Cyperus rotundus) T-ta (Boerhaavia diffusa) r(Polygonatum cirrhifolium) eteer (Nymphaea nouchall) rta(Puraria tuberosa) (Adhatoda vasica) r(Roscoea alpine) (Martynia diandra) Mfg. Ii Kl-181""]","[""-""]",[],,
Haldiram's Pasta,haldirams,plant-based-foods-and-beverages,8904004408164,,"[""200 g""]","[""Semoule(Rawa)""]","[""-""]",[],,https://images.openfoodfacts.org/images/products/890/400/440/8164/front_en.5.400.jpg
Moong Dal,haldiram-s,plant-based-foods-and-beverages,8904004403718,,"[""18""]","[""Split Pulse Moong (Moong Dal) (77 %)"", ""Cotton Seed Oil Refined & lodised Salt.""]","[""-""]",[],,
Mixed Fruit Delight,Tropicana,plant-based-foods-and-beverages,8902080011513,,"[""200 ml""]","[""WATER"", ""CONCENTRATED MIXED FRUIT JUICE (10.1%) (FROM APPLE"", ""MANGO"", ""GUAVA"", ""ORANGE"", ""BANANA"", ""APRICOT"", ""PEACH)"", ""SUGAR"", ""ACIDITY REGULATOR (330)"", ""STABILIZERS (466"", ""440)"", ""SALT"", ""SWEETENER (960)"", ""CONTAINS PERMITTED NATURAL COLOUR (160a(i)) AND ADDED FLAVOUR (NATURAL AND NATURE IDENTICAL FLAVOURING SUBSTANCES).""]","[""banana"", ""orange"", ""peach""]",[],,
Pista Chikki,shri-mahalaxmi,snacks,0794712251835,,"[""450 g""]","[""water"", ""gud"", ""sugar"", ""liquid glucose"", ""peanuts"", ""sesam"", ""veg. oil etc.""]","[""peanuts""]",[],,https://images.openfoodfacts.org/images/products/079/471/225/1835/front_en.7.400.jpg
Dr Oetker Funfoods Veg Mayonnaise,Dr. Oetker,condiments,8906002000494,,"[""250""]","[""Refined Soyabean Oil"", ""Water"", ""Sugar"", ""Milk Solids"", ""lodised Salt"", ""Stabilizers (INS415"", ""INS1442)"", ""Acidity Regulators (INS260"", ""Preservatives (INS211"", ""INS202)"", ""Antioxidant (INS319).""]","[""milk"", ""soybeans""]",[],,
Corn Flakes Original,Kellogg's,plant-based-foods-and-beverages,8901499008183,,"[""250 g""]","[""corn grits 87.7%"", ""sugar"", ""malt extract"", ""iodized salt"", ""vitamins"", ""INS320""]","[""-""]",[],,
Amul Taaza Milky Milk,amul,dairies,8901262260121,,"[""500 ml""]","[""PASTEURISED HOMOGENISED TONED MILK""]","[""milk""]",[],,https://images.openfoodfacts.org/images/products/890/126/226/0121/front_en.52.400.jpg
Del Monte Tomato Ketchup,Del Monte,condiments,8901246002075,,"[""1 kg""]","[""Water"", ""Tomato Paste 29%"", ""Sugar"", ""Iodized Salt"", ""Acidity Regulator (INS 260)"", ""Thickeners (INS 1422"", ""INS 415)"", ""Spices and Condiments (Onion Powder"", ""Garlic Powder"", ""and Mixed Spices) and Preservative (INS 211)""]","[""-""]",[],,
Maiyas Moong Dal,maiyas,snacks,8904156707320,,"[""35""]","[""Greengram dal (81.7%)"", ""Edible vegetable oil"", ""Salt. Allergy advice: Made in a facility that processes Peanuts"", ""Treenuts"", ""Milk"", ""Wheat and Sesame.""]","[""gluten"", ""milk"", ""nuts"", ""sesame seeds""]",[],,
Lays Spanish Tomato,fssai,plant-based-foods-and-beverages,8904246910371,,"[""90g""]","[""potato""]","[""-""]",[],,https://images.openfoodfacts.org/images/products/890/424/691/0371/front_en.4.400.jpg
Moong Dal,haldiram-s,plant-based-foods-and-beverages,8904063200136,,"[""1 cup""]","[""Split Mung Bean (74%)"", ""Vegetable Oil (Peanut"", ""Corn & Cotton Seed) And Salt.""]","[""peanuts""]",[],,
Takatak Chatpata Masala,haldiram-s,snacks,8904063258762,,"[""71g""]","[""Rice Meal"", ""Edible Vegetable Oil (Palmolein Oil)"", ""Corn Meal"", ""Gram Meal"", ""Spices and Condiments (Red Chilli Powder (0.8%)"", ""Raw Mango Powder"", ""Coriander Powder"", ""Cumin Powder"", ""Garlic Powder"", ""Anise Powder (0.1 %)"", ""Black Pepper Powder"", ""Nutmeg Powder"", ""Cinnamon Powder"", ""Onion Powder"", ""Spices Extract)"", ""Edible Common Salt"", ""Whey Powder"", ""Maltodextrin"", ""Dextrose and Acidity Regulators (INS 330 & INS 296). CONTAINS ADDED FLAVOUR (NATURAL AND NATURE IDENTICAL FLAVOURING SUBSTANCES)""]","[""milk""]",[],,
Parle tostea 1kg,parle,snacks,19017198,,"[""22g""]","[""FARINE DE BLE"", ""HUILE VEGETALE ČOMESTĪBLE"", ""LEVURE"", ""EXTRAIT DE MALT"", ""SEL"", ""EMULSIFIANT D'ORIGINE VEGÉTALE (ESTERS D'ACIDE DIACETYLTARTRIQUE DE MONO ET DIGCEDIDES (E 47 META BISULFITE DE SODIUM (E 223] ET AMYLASE (E 11C 2. AP MP GH""]","[""-""]",[],,https://images.openfoodfacts.org/images/products/000/001/901/7198/front_en.4.400.jpg
Khatta Meetha,haldiram,snacks,8904004401172,,"[""1""]","[""Refined Palmolein Oil"", ""Rice Flakes (22%)"", ""Bengal Gram Flour (Besan) (21%)"", ""Refined Sugar"", ""Split Pulse Bengal Gram (Chana Dal) (7%) Groundnuts (Peanuts) (5%)"", ""Sago (4%)"", ""Red Lentils (Masur Whole) (2.5%)"", ""Edible Common Salt"", ""Black Salt"", ""Turmeric Acidity Regulator (INS 330)"", ""Red Chilli"", ""Ajwain"", ""Raising Agent S500i) & Asafoetida tard Seed""]","[""peanuts""]",[],,
Simply Salted,Balaji Wafers,snacks,8906010500016,,"[""30 g""]","[""Potato (89%)"", ""Edible Vegetable Oil (Palmolein)"", ""Iodized Salt (0.4%).""]","[""-""]",[],,
Real Mixed fruit juice,real,plant-based-foods-and-beverages,4796008920049,,"[""1l""]","[""FHEOTRETH Tetra Pak BISKTS GOOD Réal Belief Something that's good for children should also make them smile. That's why"", ""what your child needs is a unique blend of fruit nutrition and irresistible taste. At Réal"", ""we believe that healthy is happy. NUTRITIONAL FACTS PER 100 ml Energy Protein Carbohydrate (APPROXIMATE)""]","[""-""]",[],,https://images.openfoodfacts.org/images/products/479/600/892/0049/front_en.20.400.jpg
Wai wai,wai-wai,plant-based-foods-and-beverages,8906013030022,,"[""70g""]","[""Refined WHEAT flour"", ""Edible vegetable oil (Palm)"", ""WHEAT gluten"", ""lodised salt"", ""Acidity regulator (500ii"", ""451i"", ""1 70i)"", ""Thickener (412)\nFlavour enhancer (621) SOY sauce"", ""Tomato saUce"", ""Green chilli sauce"", ""Onion"", ""Black pepper"", ""Citric acid\n(330) and Caramel (150d) (carryover from soya sauce\nSeasoning (Codex/Indian FC 12.2.2): lodised solt"", ""Sugar"", ""Spices and condiments"", ""Black salt"", ""Fleur\nenhancers (621"", ""627"", ""631)"", ""Garic"", ""Molodetrin\n(1400)"", ""Coriander"", ""Tecmeric (100i1)"", ""Chilli"", ""Cunin"", ""Ginger"", ""Hydrolyzed protein"", ""Citric Acid (330)"", ""ock\npepper"", ""Clove"", ""Small cardamom"", ""Cinnamon"", ""Boy\nleaves"", ""Fennel"", ""Big cardamom"", ""Anistar"", ""Anlicoeno\nogent (551)"", ""Emulsifying and stabilizing ogent (433)\nOnion Flavoured Oil: Edible Vegetable oil\n(Palro Olein) & On""]","[""en:gluten"", ""en:soybeans""]",[],,
Chana Pulao,ashoka,plant-based-foods-and-beverages,8901552023450,,"[""280g (10oz)""]","[""Water"", ""Basmati Rice"", ""Chickpeas"", ""Potatoes"", ""Onions"", ""Tomato"", ""Sunflower Oil"", ""Tomato Paste"", ""Salt"", ""Garlic"", ""Ginger"", ""Green chilli"", ""Coriander leaves"", ""Mint Leaves"", ""Red Chilli Powder"", ""Spices (Coriander Powder"", ""Black Pepper"", ""Aniseeds"", ""Cinnamon"", ""Nutmeg"", ""Sesame Seeds"", ""Black Cardamom"", ""Green Cardamom"", ""Clove"", ""Bay Leaves"", ""Star anise"", ""Caraway Seeds"", ""Ajwain Seeds"", ""Mace"", ""Stone Flower)"", ""Cumin"", ""Turmeric Powder"", ""Turmeric"", ""Oleoresin""]","[""sesame seeds""]",[],,
Raw Pressery Valencia Orange,raw-pressery,beverages-and-beverages-preparations,8904258700465,,"[""1000ml""]","[""VALENCIA ORANGE JUICE (99.8%)"", ""CITRUS FIBER"", ""ANTIOXIDANTS [(INS 224)"", ""VITAMIN C-INS 300] CONTAINS NATURALLY OCCURING SUGARS""]","[""-""]",[],,https://images.openfoodfacts.org/images/products/890/425/870/0465/front_en.5.400.jpg
Pepsi Cola Zero Sugar 250ml Can,pepsico,beverages,8902080285020,,"[""7""]","[""CARBONATED WATER"", ""ACIDITY REGULATORS (338"", ""330) SMEETENERS (955"", ""950)"", ""PRESERVATIVE (211)"", ""CAFFEINE\nCONTAINS PERMITTED NATURAL COLOUR (150d) AND ADDED FLAVOUR (NATURAL FLAVOURING SUBSTANCES).""]","[""-""]",[],,
Protinex Original,protinex,dietary-supplements,8906048500835,,"[""250 g""]","[""Peanut protein hydrolysate (56%)"", ""sugar"", ""malt extract"", ""maltodextrin"", ""minerals (tribasic calcium phosphate"", ""ferrous gluconate)"", ""choline bitartrate vitamins (ascorbic acid"", ""niacinamide"", ""d-alpha tocopheryl acetate"", ""phytomenadione"", ""retinyl palmitate"", ""thiamine mononitrate"", ""ergocalciferol"", ""riboflavin"", ""pantothenol"", ""pyridoxine hydrochloride"", ""folic acid"", ""cyanocobalamin"", ""d-biotin).""]","[""-""]",[],,
Passendale classic,passendale,dairies,5410942104158,,"[""190g (5*38g)""]","[""pasteurized cow's milk"", ""salt"", ""lactic acid ferments"", ""rennet"", ""natural dye: annatto""]","[""milk""]",[],,https://images.openfoodfacts.org/images/products/541/094/210/4158/front_en.78.400.jpg
KitchenFeast GARAM MASALA,kitchenfeast-the-superb-taste,plant-based-foods-and-beverages,8939997630902,,"[""100g""]","[""Black Pepper Cumin Ginger Big Cardamom Bay Leaves Cinnamon Coriander Clove Small Cardamom Long Pepper Nutmeg • Mace Fennel.""]","[""-""]",[],,
KitchenFeast MEAT MASALA,kitchenfeast-the-superb-taste,plant-based-foods-and-beverages,8939998813984,,"[""100g""]","[""Coriander"", ""Turmeric"", ""Cumin"", ""Red Chilli"", ""Ginger"", ""Poppy Seeds"", ""Kashmiri Chilli"", ""• Salt"", ""Fennel"", ""Fenugreek Seeds"", ""Black Pepper"", ""Small Cardamom"", ""Big Cardamom"", ""Bay Leaves"", ""Black Salt"", ""Black Mustard"", ""Indian Mustard"", ""Nutmeg Mace""]","[""-""]",[],,
Maggi rich tomato sauce,Maggi,condiments,89000717,,"[""200g""]","[""water"", ""sugar"", ""tomato paste"", ""salt"", ""acidity regulator"", ""thickening agents""]","[""-""]",[],,https://images.openfoodfacts.org/images/products/000/008/900/0717/front_en.5.400.jpg
Patanjali COW'S GHEE,patanjali,dairies,8904109490545,,"[""500 ml""]","[""Milk fat from cow's milk""]","[""-""]",[],,
CORIANDER POWDER KitchenFeast,kitchenfeast-the-superb-taste,plant-based-foods-and-beverages,8939997630766,,"[""100g""]","[""coriander""]","[""-""]",[],,
Saffola Masala Oats - Classic Masala,Saffola,plant-based-foods-and-beverages,8901088068734,,"[""38 g""]","[""Rolled Oats (73.9 %)"", ""Maltodectrin"", ""Salt"", ""Spices and Condiments (34%) (Onions"", ""Tumeric"", ""Pepper"", ""Cumin"", ""Garlic"", ""Fenugreek"", ""Clove"", ""Nutmeg"", ""Red Chili)"", ""Dried Vegetables (Carrots (1.15%)"", ""Onions Flakes (1.15%)"", ""Green Peas(0.69%))"", ""Sugar"", ""Starch"", ""Hydrolysed Vegetable Protein"", ""Wheat Powder"", ""Flavour Enhancers NS 627"", ""631)"", ""Anlioxidant (320). \r\nCONTAINS ADDED FLAVOUR-NATURAL AND NATURE IDENTICAL FLAVOURING SUBSTANCES.""]","[""gluten"", ""none""]",[],,https://images.openfoodfacts.org/images/products/890/108/806/8734/front_en.19.400.jpg
Puffcorn,kurkure,snacks,8901491365703,,"[""28 10rs""]","[""INREDIENTS: Cereal Products (67%) (Corn Meal (53%)"", ""Rice Meal (14%))"", ""Edible Vegetable Oil (Palmolein)"", ""*Seasoning (Sugar"", ""lodised Salt"", ""Maltodextrin"", ""Spices and Condiments"", ""Milk Solids"", ""Cheese"", ""Salt Replacer (Potassium Chloride)"", ""Flavour (Natural and Nature Identical Flavouring Substances)"", ""Flavour Enhancers (627"", ""631)"", ""Acidity Regulators (296"", ""330)"", ""Emulsifying & Stabilising Agent ((331(iii)"", ""471"", ""327))"", ""Gram Meal (3.6%)"", ""Calcium Carbonate (170(i))"", ""lodised Salt. *As flavouring agent. Contains Onion and Garlic ALLERGEN ADVICE: Contains Soy"", ""Milk"", ""Wheat""]","[""gluten"", ""milk"", ""soybeans""]",[],,
Paneer,ananda,dairies,8904124108098,,"[""200g""]","[""Milk solids""]","[""milk""]",[],,
Amul Masti Dahi,amul,dairies,8901262201124,,"[""85 g""]","[""MILK"", ""MILK SOLIDS"", ""ACTIVE CULTURE""]","[""milk""]",[],,https://images.openfoodfacts.org/images/products/890/126/220/1124/front_en.4.400.jpg
Black Raisins,whole-farm,black-raisins,8906167241398,,"[""200 g""]","[""Black Raisins""]","[""-""]",[],,
Lite Bite Mini Toast Classic,bangladesh,plant-based-foods-and-beverages,8906005713520,,"[""250g""]","[""REFINED WHEAT FLOUR (MAIDA)"", ""SUGAR"", ""WATER"", ""EDIBLE VEGETABLE OIL (PALM OIL)"", ""MILK SOLIDS"", ""BUTTER OIL"", ""EDIBLE COMMON SALT"", ""YEAST"", ""BLACK CUMIN AND SESAME SEED. CONTAINS WHEAT"", ""SESAME AND MILK INGREDIENTS.""]","[""gluten"", ""milk"", ""sesame seeds""]",[],,
Kabi Pro Vanilla Flavour,kabi-pro,dairies,8906012906205,,"[""400g""]","[""Whey Protein Concentrate"", ""Maltodextrin"", ""Dietary Fibers (Gum Acacia)"", ""Minerals"", ""Flavoring Agent (Artificial Flavouring Substances (Vanilla)]"", ""Vitamins"", ""Choline Bitartrate"", ""Stabilizer (INS 415).""]","[""milk""]",[],,https://images.openfoodfacts.org/images/products/890/601/290/6205/front_en.4.400.jpg
Samrat Snacks Alu Sev,samrat-snacks,snacks,0839423002557,,"[""400 g""]","[""Edible Vegetable Oil (Palmolein Oil)"", ""Dried Potato Powder (28%)"", ""Chickpea Flour (18%)"", ""Maize Starch"", ""Maltodextrin"", ""Mint Flavor(Mint"", ""Garlic"", ""Tamarind)"", ""iodised Salt"", ""Dried Mango Powder"", ""Red Chilli Powder"", ""Spice Blend"", ""Black Pepper"", ""Turmeric Powder"", ""Onion Powder"", ""Cardamom"", ""Ginger Powder"", ""Acidity Regulator (INS 330)"", ""CONTAINS ADDED FLAVOUR-NATURAL AND NATURE IDENTICAL FLAVOURING""]","[""-""]",[],,
Desi Popz Tangy Imli,go-desi,snacks,8906108890050,,"[""32g, 4 units""]","[""Jaggery"", ""Tamarind"", ""Edible Salt"", ""Cumin Powder"", ""Curry Leaves Powder"", ""Chilli Powder"", ""Refined sunflower oil"", ""Acacia Gum (INS 414)""]","[""-""]",[],,
Butterscotch Bliss,amul,desserts,8901262173223,,"[""750 mL""]","[""_Milk solids_"", ""sugar"", ""cashew chikki 12% (sugar"", ""cashew pieces"", ""liquid glucose"", ""ghee)"", ""E471"", ""E407"", ""E412"", ""E466"", ""E415"", ""artificial flavouring substances (butterscotch)"", ""E102""]","[""milk"", ""nuts"", ""milk""]",[],,https://images.openfoodfacts.org/images/products/890/126/217/3223/front_en.7.400.jpg
Dhisoom,parle-agro,beverages-and-beverages-preparations,8902579003159,,"[""125ml""]","[""WATER"", ""SUGAR"", ""CARBON ANG AGENT (INS 290)"", ""TURE IDENTICAL FLAVOURING SUBSTANCE (JEERA MASALA)"", ""(INS-INTERNATIONAL NUMBERING SYSTEM) LACK SALT"", ""PRESERVATIVE (INS 211 NUTRITIONAL INEO SERVING SERVE""]","[""-""]",[],,
Masala Karam,Aashirvaad,plant-based-foods-and-beverages,8901725106287,,"[""50 g""]","[""Mixed Spices (59.9%) (Red chilli (34.3%). Garlic (16%)"", ""Cumin (3%)"", ""Coriander (2%)"", ""Spice extracts"", ""Fenugreek"", ""Curry leaves (0.4%)"", ""fodized Salt (17%)"", ""Chana dal"", ""Groundnut"", ""Refined sunflower oil"", ""Sesame"", ""Tamarind Concentrate and Sugar.""]","[""sesame seeds""]",[],,
Verka Dahi Cup,verka,dairies,8901826803702,,"[""350 g""]","[""Pasteurised toned milk with 10.5% SNF"", ""Milk solids and Active Lactic Culture""]","[""milk"", ""milk-solids""]",[],,https://images.openfoodfacts.org/images/products/890/182/680/3702/front_en.6.400.jpg
Regular peanut butter,cropel,plant-based-foods-and-beverages,8908018178013,,"[""1kg""]","[""Roasted peanut (90%) ugar"", ""(R Edible Vegetable fat (Hydrogenated Soybean Fat)"", ""Emulsifier (E471)"", ""Salt ALLERGEN INFO: CONTAINS PEANUTS & SOYA""]","[""peanuts"", ""soybeans""]",[],,
Sipon Mango Drink,bindu,beverages-and-beverages-preparations,8908000589063,,"[""500ml""]","[""PURIFIED WATER"", ""SUGAR"", ""TOTAPURI MANGO PULP (12.5%) AND ALPHONSO MANGO PULP (2.5%)"", ""ACIDITY REGULATOR (INS 330)"", ""STABILIZER (INS 440"", ""INS 466) PERMITTED CLASS II PRESERVATIVE (INS 202) ANTIOXIDANT (INS 300). CONTAINS PERMITTED SYNTHETIC FOOD COLOURS (INS 110) AND ADDED FLAVOUR [NATURE IDENTICAL FLAVOURING SUBSTANCES (MANGO)] CONTAINS FRUIT PULP""]","[""-""]",[],,
on1y fenugreek leaves,on1y,dried-fenugreek-leaves,8908001105590,,"[""50g""]","[""Dried Fenugreek leaves""]","[""-""]",[],,https://images.openfoodfacts.org/images/products/890/800/110/5590/front_en.3.400.jpg
Milk Rich,nilgiri-s,dairies,8901018000889,,"[""500 ml""]","[""Milk Fat"", ""Milk Solids MILK FAT 4.5% MILK SNF 8.5%""]","[""milk""]",[],,
Nandini GoodLife Plus Toned Milk 1ltr,nandini,dairies,8906036675750,,"[""1L""]","[""Milk Solids"", ""Vitamin A & Vitamin D Milk Fat: 3.0% (Min) & SNF: 8.5% (Min)""]","[""milk""]",[],,
proV select Indian Whole Natural Raisin,prov-select,plant-based-foods-and-beverages,8908019758306,,"[""500g""]","[""Raisins""]","[""-""]",[],,https://images.openfoodfacts.org/images/products/890/801/975/8306/front_en.3.400.jpg
Sosyo Drink Mixed Fruit,hajoori,beverages-and-beverages-preparations,8908000729025,,"[""500ml""]","[""PURIFIED WATER"", ""CANE SUGAR"", ""FRUIT JUICE CONCENTRATE (APPLE 9.1%. LEMON 1%)"", ""Co₂ (INS290)"", ""CITRIC ACID (INS330)"", ""CONTAINS PERMITTED NATURAL COLOUR (INS150d)"", ""PERMITTED CLASS-II PRESERVATIVE (INS211)"", ""VITAMIN C (INS300)"", ""CONTAINS ADDED FLAVOURS NATURAL AND NATURE IDENTICAL FLAVOURING SUBSTANCES OF MIX FRUIT"", ""CONTAINS FRUIT JUICE""]","[""apple""]",[],,
Protein Chico Pie,hyp,snacks,60181978,,"[""50g * 6""]","[""Dates"", ""Cocoa Crisps"", ""Milk Protein Isolate"", ""Glucose Syrup"", ""Oats"", ""Sugar"", ""Edible Vegetable Oil"", ""Almonds"", ""Cocoa Powder"", ""Cocoa Solids"", ""Emulsifier (Soy Lecithin)"", ""Salt and Anti-Oxidant (Vit E).""]","[""gluten"", ""milk"", ""nuts"", ""soybeans""]",[],,
Veg atta noodles,Nestlé,plant-based-foods-and-beverages,8901058009705,,"[""290 gm""]","[""Wheat Flour (Atta) (84.2%)"", ""Palm oil"", ""lodized salt"", ""Wheat gluten"", ""Thickeners (508 & 412)"", ""Humectants (451 (i) & 452(i)) and Acidity regulators (501 (i) & 500 (i)) Tastemaker: Dehydrated Vegetables (22%) (Carrot bits (12%)"", ""Green peas (10%) Mixed spices (20.3%) (Roasted spice mix powder (5.6%) (Coriander"", ""Turmeric"", ""Cumin"", ""Aniseed"", ""Black pepper"", ""Fenugreek"", ""Ginger"", ""Green cardamom"", ""Cinnamon"", ""Clove"", ""Nutmeg"", ""Bay leaf"", ""Black cardamom)"", ""Onion powder"", ""Garlic powder"", ""Red chilli powder"", ""Dehydrated kasuri methi leaves"", ""Red chilli bits"", ""Coriander powder"", ""Turmeric powder"", ""Ginger powder"", ""Aniseed powder"", ""Black pepper powder"", ""Cumin powder"", ""Cumin"", ""Fenugreek powder"", "".Capsicum extract"", ""Compounded asafoetida"", ""Star anise powder"", ""Coriander extract & Cumin extract)"", ""Toasted onion flakes (Onion (17.5%)"", ""Corn oil)"", ""Wheat Flour (Atta)"", ""Sugar"", ""lodized salt"", ""Toasted onion powder (Onion (4.9%)"", ""Corn oil)"", ""Thickener (508)"", ""Palm oil"", ""Flavour enhancer (635)"", ""Yeast extract powder"", ""Starch"", ""Acidity regulator (330)"", ""Wheat gluten and Mineral.""]","[""gluten"", ""gluten""]",[],,https://images.openfoodfacts.org/images/products/890/105/800/9705/front_en.16.400.jpg
Bread,bimbo,plant-based-foods-and-beverages,8904043551715,,"[""800g""]","[""Refined Wheat Flour (Maida) (64.1%)"", ""Sugar"", ""Yeast lodized Salt"", ""Edible Vegetable Fat (interesterified)"", ""Gluten"", ""Soya Preservatives (282"", ""200)"", ""Emulsifier (470)"", ""Acidity Regulators (260"", ""297)"", ""Flour Treatment Agent (510) and Antioxidant (300)""]","[""gluten""]",[],,
Maida,naga,plant-based-foods-and-beverages,8906011831713,,"[""500 g""]","[""Category: 6.2.1 Maida(Refined Wheat Flour)\nWHEAT \nAllergen declaration: Contains Wheat (Gluten)""]","[""gluten""]",[],,
Purple Sweet Potato with Panipuri Masala,to-be-honest-crunchies,snacks,8908015676215,,"[""75g""]","[""Purple Sweet Potato"", ""Palmolein Oil"", ""Spices and Condiments (Coriander"", ""Dry Raw Mango Powder"", ""Cumin"", ""Green Chilli"", ""Ginger"", ""Garam Masala"", ""Black Pepper)"", ""Salt"", ""Dextrose"", ""Tamarind Powder"", ""Dehydrated Mint.""]","[""-""]",[],,https://images.openfoodfacts.org/images/products/890/801/567/6215/front_en.3.400.jpg
Good Life Chilli Guntur with Stem,good-life,plant-based-foods-and-beverages,8902901222616,,"[""200g""]","[""Chili""]","[""-""]",[],,
Snack Nacho Chips,sundrop,snacks,8901512939005,,"[""42g""]","[""Corn (73%)"", ""Refined Edible Palmolein Oil {Antioxidant (TBHQ)}"", ""Sugar"", ""Spices and Condiments (Dried Mango Powder (0.6%)"", ""Chilli Powder (0.3%)"", ""Cumin Powder (0.3%)"", ""Coriander Powder (0.2%)"", ""Turmeric Powder"", ""Ginger Powder"", ""Asafoetida)"", ""lodized Salt"", ""Dehydrated Vegetables (Onion Powder (0.5%)"", ""Garlic Powder (0.1%)}"", ""Acidity Regulators (Citric Acid"", ""Malic Acid) & Natural (Chilli) & Nature Identical (Mango) Flavouring Substances.""]","[""-""]",[],,
Arabian Dates,good-life,plant-based-foods-and-beverages,8904132929142,,"[""500g""]","[""Wet Dates (Unpitted)""]","[""-""]",[],,https://images.openfoodfacts.org/images/products/890/413/292/9142/front_en.3.400.jpg
Limonata,bisleri,beverages-and-beverages-preparations,8906017291429,,"[""160 ml""]","[""CARBONATED WATER"", ""SUGAR"", ""ACIDITY REGULATORS TE (330"", ""331 (ii)"", ""296)"", ""FLAVOURS (NATURE-IDENTICAL FLAVOURING SUBSTANCES)"", ""PRESERVATIVE (211)"", ""STABILIZER (436).""]","[""-""]",[],,
Ghee,akshayakalpa-organic,fats,8908003249926,,"[""1L""]","[""Milk Solids""]","[""milk""]",[],,
Makhana Chatpati Imli,country-delight,fox-nuts,8906117363637,,"[""20 g""]","[""Makhana (Fox Nut) 62%"", ""Edible vegetable oil (Olive Oil) 22%"", ""Spices and Condiments 9% (Red Chili Powder"", ""Clove"", ""Cumin"", ""Black Peper Ginger)"", ""Black Salt"", ""Rock Salt"", ""Tamarind Powder"", ""Sugar"", ""Dry Mango Powder"", ""Lemon Juice Powder"", ""Asafoetida Powder"", ""Natural and Nature identical flavours.""]","[""nuts""]",[],,https://images.openfoodfacts.org/images/products/890/611/736/3637/front_en.19.400.jpg
Mother Dairy Probiotic Tadka Chach,mother-dairy,butter-milk,8901648002444,,"[""270ml""]","[""Water"", ""Milk"", ""Milk Solids"", ""lodized Salt"", ""Spice Oleoresin (0.05%) (Capsaicin"", ""Gingerol"", ""Cuminaldehyde)"", ""Seasonings"", ""Black Salt"", ""Active Lactic Culture with probiotics Bifidobacterium animalis subsp. lactis (Viable no. 10° cfu/serving size/day).""]","[""milk""]",[],,
Pepper Black,good-life,plant-based-foods-and-beverages,8902901222487,,"[""100 g""]","[""Black Pepper""]","[""-""]",[],,
Sunfeast Marie Light Vita Orange,itc,snacks,8901725015435,,"[""95.6g""]","[""ng.erients med Wheat Flour (Maida) (67%)"", ""Sugar"", ""Refined Paim o"", ""Raising Agents [INS 503(ii)"", ""INS 500(ii)"", ""INS 450(i)]"", ""Milk Solids"", ""evert Syrup"", ""lodized Salt"", ""Nature Identical Flavouring Substances"", ""Wheat Fibre (0.12%)"", ""Artificial Flavouring Substances (Butter"", ""Vanilla"", ""Butterscotch"", ""Milk)"", ""Emulsifier [Mono - and di-glycerides of fatty acids (from Palm Oil)]"", ""Flour Treatment Agent (INS 223)"", ""Vitamins"", ""Colours INS 150d"", ""INS 110"", ""INS 127) and Dehydrated Orange Powder (0.01%).""]","[""gluten"", ""milk""]",[],,https://images.openfoodfacts.org/images/products/890/172/501/5435/front_en.10.400.jpg
Corn flakes,Kellogg's,plant-based-foods-and-beverages,8901499008190,,"[""475 g""]","[""Corn Grits (87.7%)"", ""Sugar"", ""Malt Extract"", ""iodized Salt"", ""Vitamins"", ""Minerals and Antioxidant (INS 320).""]","[""gluten""]",[],,
Balaji Wafers Crunchex,balaji,snacks,8906010501570,,"[""32g""]","[""POTATO (84%)"", ""EDIBLE VEGETABLE OIL (CONTAINS ONE OR MORE OF THE FOLLOWINGS: PALMOLEIN"", ""GROUNDNUT)"", ""**SEASONING [SUGAR"", ""MALTODEXTRIN"", ""SALT"", ""SPICES & CONDIMENTS (CHILLI (0.5%)"", ""PEPPER)"", ""DEHYDRATED VEGETABLE POWDER (ONION"", ""GARLIC"", ""TOMATO)"", ""BLACK SALT"", ""ACIDITY REGULATOR (INS 330"", ""INS 296"", ""INS 334)"", ""MILK SOLIDS (0.1%)"", ""HYDROLYZED VEGETABLE PROTEIN SOYA)"", ""ANTICAKING AGENT (INS 551)"", ""FLAVOUR ENHANCER (INS 627"", ""INS 631) FLAVOUR (NATURAL & NATURE IDENTICAL FLAVOURING SUBSTANCES)"", ""PAPRIKA EXTRACT (INS 160C)"", ""STABILIZER (INS 340)"", ""EMULSIFIER (INS 470)]""]","[""-""]",[],,
poprings,balaji,snacks,8906010501419,,"[""30g""]","[""Corn Meal (68%)"", ""Edible Vegetable Oil (Palmolein)"", ""Sugar"", ""iodized Salt"", ""Maltodextrin"", ""Cheese Powder (0.6%)"", ""Milk Solids"", ""Soya Powder"", ""Stabilizer (INS 1701) Flavour Enhancer (INS 627"", ""INS 631)"", ""Acidity Regulator (INS 330)"", ""Anticaking Agent (INS 551).""]","[""milk""]",[],,https://images.openfoodfacts.org/images/products/890/601/050/1419/front_en.14.400.jpg
Brown Bread,modern,plant-based-foods-and-beverages,8904043551586,,"[""300g""]","[""BREAD hi fibre brown Ingredients: Whole Wheat Flour (Atta) (31%)"", ""Refined Wheat Flour (Maida) (30%)"", ""Sugar"", ""Wheat Bran"", ""Yeast"", ""Gluten"", ""iodized Salt"", ""Edible Vegetable Fat (Interesterified)"", ""Preservative (282)"", ""Malt Product"", ""Emulsifier (471)"", ""Acidity Regulators {341(0)"", ""260)"", ""Flour Treatment Agents (510"", ""1100(i)} and Antioxidant (300).""]","[""gluten""]",[],,
Peanut Butter Creamy,goody,plant-based-foods-and-beverages,6281014110013,,"[""340g""]","[""Fresh Roasted Peanuts"", ""Sugar"", ""Hydrogenated Vegetable Oil (Rapeseed"", ""Cottonseed and Soybean) Salt""]","[""peanuts"", ""soybeans""]",[],,
Soya Chips,haldiram-s,snacks,8904004400212,,"[""25 g""]","[""Tapioca Starch"", ""Refined Palmolein Oil"", ""Potato Flakes"", ""Soya Flour(8 %)"", ""Split Pulse Urd (Urd Dal) Flour"", ""Refined Sugar"", ""iodised Salt"", ""Red Chilli Powder"", ""Coriander Powder"", ""Cumin Powder"", ""Clove Powder"", ""Dried Mango Powder"", ""Black Pepper"", ""Cardamom"", ""Acidity Regulator (INS 330)"", ""Dried Onion Powder"", ""Dried Garlic Powder"", ""Black Salt"", ""Asafoetida"", ""Bay Leaf"", ""Nutmeg"", ""Cinnamon"", ""Fennel Seed"", ""Turmeric""]","[""soybeans""]",[],,https://images.openfoodfacts.org/images/products/890/400/440/0212/front_en.4.400.jpg
Aloo bhujia,haldiram-s,snacks,8904004400731,,"[""200 gm""]","[""Potato"", ""Refined Palmolein Oil"", ""Bengal Gram Hour (Besan)"", ""Potato Flakes"", ""Potato Starch Tapioca Starch"", ""Tapary Beans (Moth Dal) Flour"", ""iodised Salt"", ""Red Chilli Powder"", ""Black Salt"", ""Acidity Regulator (INS 330)"", ""Black Pepper"", ""Clove"", ""Cardamom"", ""Dried Ginger Powder"", ""Dried Garlic Powder"", ""Refined Sugar"", ""Cumin Powder"", ""Bay Leaves"", ""Nutmeg"", ""Cinnamon and Mint Leaves CONTAINS ADDED NATURAL"", ""NATURE IDENTICAL""]","[""-""]",[],,
act-2 popcorn tomato chilli 59g,-,snacks,8901512542106,,"[""59g""]","[""Popcorn Sachet: Popping Corn"", ""Refined\nEdible Palmolein Oil and iodised Salt.\nTomato Chilli Seasoning Sachet\n(Net Quantity-4g): Dehydrated Vegetables\n(Tomato Powder"", ""Onion Powder and Garlic\nPowder)"", ""Chilli Powder"", ""iodised Salt"", ""Sugar"", ""Yeast Extract Powder"", ""Stabilizer (Hydrolysed\nVegetable Protein)"", ""Maltodextrin"", ""Acidity\nRegulator (Citric Acid) and Anticaking\nAgent (Silicon Dioxide).\nCONTAINS ADDED FLAVOUR [NATURE\nIDENTICAL FLAVOURING SUBSTANCES)\nSee print on pack for: MRP (inclusive of\nall taxes)"", ""Net Quantity (in g)"", ""Batch No.\nDate of Manufacture\nomato chilli flavour seasoning inside\nIC\npped Popcon.\nB.No:""]","[""-""]",[],,
Lays Cream and Onion Patato Chips,Lay's,plant-based-foods-and-beverages,8901491981682,,"[""45 gms""]","[""Potato"", ""Edible Vegetable Oil (Paimolein Oil"", ""Rice Bran Oil)"", ""Sugar"", ""iodised Salt"", ""Milk Products (Milk Solids"", ""Cheese Powder) (1.4%)"", ""&quot"", ""Spices""]","[""milk""]",[],,https://images.openfoodfacts.org/images/products/890/149/198/1682/front_en.4.400.jpg
Party Snack,tong-garden,plant-based-foods-and-beverages,8850291100499,,"[""500 g""]","[""nɔjnišiñu"", ""party snack ถั่วอบผสมแป้งกรอบ (ตรา ทองการ์เด้น) inredients: green peas"", ""peanuts"", ""wheat flour"", ""broad beans"", ""palm olein gldinous rice flour"", ""sugar"", ""iodised salt"", ""seasoning (contains garlic"", ""pat chil cumin"", ""turmeric"", ""non dairy creamer"", ""soybean"", ""shallot)"", ""garlic"", ""sest seeds"", ""chili powder"", ""pepper"", ""artificial colour [tartrazine (e102)"", ""brilliant b fcf (e133)"", ""sunset yellow fcf (e110)]"", ""natural colour [curcumin (e10 annato (e160b)]"", ""packaging gas [nitrogen (e941)] ประกอบที่สำคัญ: ถั่วลันเตาเขียว 29%"", ""ถั่วลิสง 22%"", ""แป้งสาลี 16%"", ""ถ้่วปากอ้า háula 5%"", ""uüvinoinüaɔ 4%"", ""tnana 3"", ""5%"", ""nãolalañu 2%"", ""uvuşusa เอง กระเทียม"", ""พริกไทย"", ""พริก"", ""ยี่หร่า"", ""ขมิ้น"", ""ครีมเทียม"", ""ถั่วเหลือง หัวหอม) 1"", ""5 l"", ""run 1%"", ""ušn 0"", ""5%"", ""wšnina 0"", ""5%"", ""đabiast:í (ins 102"", ""ins 133"", ""n (ins 100(0)"", ""ins 160b(0)]"", ""ñnuridoalunmsiñušnunonns (ins 941 y information: this product contains peanuts"", ""tree n eans"", ""gluten(wheat) and sesame seeds"", ""processed in a d also process sulnh er may conta""]","[""gluten"", ""peanuts"", ""sesame seeds"", ""soybeans""]",[],,
Knorr,Knorr,meals,8901030757501,,"[""14g""]","[""Soup Powder. Ingredients: Sugar"", ""Potato Starch"", ""&quot"", ""Dehydrated Vegetables (Tomato Paste Solids (7.1%)"", ""Onion Powder\r\nGarlic Powder and Dehydrated Leeks (0.3%)"", ""Bread Croutons 10.3% (Refined Wheat Flour (Maida)"", ""Edible Vegetable\r\nFat"", ""Seasoning"", ""iodised salt"", ""Yeast"", ""Rosemary Extract)"", ""Dried Glucose Syrup"", ""iodised salt"", ""Hydrolyzed Vegetable Protein\r\nEdible Vegetable Fat"", ""Thickener-415"", ""Acidity Regulator-330"", ""Spices""]","[""gluten""]",[],,
Chocolate Cookies,amul,snacks,8901262220552,,"[""50g""]","[""Refined wheat flour (maida)"", ""butter (23%)"", ""sugar"", ""plain chocolate chips (3%)"", ""cocoa solids (2%)"", ""milk solids"", ""liquid glucose"", ""raising agents [500(i)"", ""503(ii))"", ""emulsifier [481 (i))"", ""artificial flavouring substances (vanilla"", ""cocoa chocolate). Allergen Information: Contains wheat"", ""milk.""]","[""gluten"", ""milk""]",[],,https://images.openfoodfacts.org/images/products/890/126/222/0552/front_en.13.400.jpg
kurkure,kurkure,snacks,8901491367219,,"[""25g""]","[""Cereal Products (67%) (Rice Meal (44%)"", ""Corn Meal (23%))"", ""Edible Vegetable Oil (Rice Bran Oil"", ""Sesame Oil)"", ""*Seasoning Spices & Condiments"", ""lodised Salt"", ""Sugar"", ""Flavour (Natural and Nature Identical Flavouring Substances)"", ""Black Salt"", ""Tomato Powder"", ""Acidity Regulators (330"", ""296"", ""334)"", ""Colour (160c)"", ""Maltodextrin)"", ""Gram Meal (0.4%). As Flavouring Agent. &quot"", ""Contains Onion and Garlic LERGEN ADVICE: Contains Sulphite.""]","[""sesame seeds"", ""sulphur dioxide and sulphites""]",[],,
Curls Crax,crax,snacks,8908001246873,,"[""23g""]","[""Corn Grits (66%)"", ""Edible Vegetable Oil (Refined Palmolein Oil)"", ""&quot"", ""Seasoning (iodised Salt"", ""Sugar"", ""Onion Powder"", ""Chilli Powder"", ""Cumin Powder"", ""Garlic Powder"", ""Coriander) CONTAINS ADDED FLAVOUR(S) (NATURAL""]","[""-""]",[],,
Sprite,coca-cola,beverages-and-beverages-preparations,8901764032912,,"[""250 ml""]","[""CARBONATED WATER"", ""SUGAR"", ""ACIDITY REGULATORS (330"", ""331(iii))"", ""PRESERVATIVE (211)"", ""SWEETENER(960)"", ""FLAVOURS (NATURAL FLAVORING SUBSTANCES).""]","[""-""]",[],,https://images.openfoodfacts.org/images/products/890/176/403/2912/front_en.26.400.jpg
Balaji Wafers Chaat Chaska,balaji,snacks,8906010500535,,"[""35 g""]","[""Potato (88%)"", ""Edible Vegetable Oil (Palmolein)"", ""lodized Salt"", ""†Spices & Condiments 0.5% (Cumin"", ""Chilli"", ""Parsley"", ""Ginger"", ""Cinnamon"", ""Black Pepper"", ""Dry Mango)"", ""Dehydrated Vegetable Powder (Onion"", ""Garlic)"", ""Sugar"", ""Maltodextrin"", ""Flavour Enhancer (INS 627"", ""INS 631)"", ""Acidity Regulator (INS 296"", ""INS 330)"", ""Anticaking Agent (INS 551).""]","[""-""]",[],,
Coconut oil,simply-nature,plant-based-foods-and-beverages,4099100033595,,"[""414 ml""]","[""organic coconut oil contains: coconut""]","[""-""]",[],,
Superior MP Atta,Aashirvaad,plant-based-foods-and-beverages,8901725121747,,"[""1 kg""]","[""WHOLE WHEAT""]","[""gluten""]",[],,https://images.openfoodfacts.org/images/products/890/172/512/1747/front_en.4.400.jpg
FOOD,princes,seafood,5000232192202,,"[""125 g""]","[""Mackerel [Fish]"", ""Sunflower Oil"", ""Water"", ""Salt.\n OCEAN OF CATCH: Atlantic"", ""Northeast)""]","[""fish""]",[],,
Bisleri,bisleri,beverages-and-beverages-preparations,8906017290033,,"[""500ml""]","[""Treated Water"", ""Minerals (Salts of Calcium (1.0*mg)"", ""Magnesium (0.5*mg)"", ""Pottasium (0.1*mg)\n*Added Quantity Per 100ml""]","[""-""]",[],,
Supreme Harvest Sooji Rawa (Semolina),supreme-harvest,plant-based-foods-and-beverages,00015573,,"[""1kg""]","[""Sooji Rawa (Semolina)""]","[""gluten""]",[],,https://images.openfoodfacts.org/images/products/000/000/001/5573/front_en.3.400.jpg
Supreme Harvest Indian Raisins,supreme-harvest,plant-based-foods-and-beverages,00015741,,"[""500g""]","[""Raisins""]","[""-""]",[],,
Gulas Jaggery Powder,sunraja-oil-industries-private-limited,sweeteners,8906125670246,,"[""500g""]","[""Sugarcane Extract""]","[""-""]",[],,
Maniarr's Plain Dry Bhakhri,maniarr-s,snacks,8904077202423,,"[""200 g""]","[""Wheat Flour (75%)"", ""Edible Vegetable Oil (Palmolein Oil) (21%)"", ""lodized Salt"", ""Asafoetida"", ""Turmeric Powder.""]","[""gluten""]",[],,https://images.openfoodfacts.org/images/products/890/407/720/2423/front_en.3.400.jpg
DiSana,insight-food-private-limited,plant-based-foods-and-beverages,8904320036683,,"[""100g""]","[""Roasted Peanuts (100%) PEANUT BUTTER (Proprietary Food-4.2.2.5 Spread) Allergen Information: Contains Nuts.""]","[""nuts"", ""peanuts""]",[],,
Zahidi Dates,candor-dates,plant-based-foods-and-beverages,8906064919925,,"[""500g""]","[""Dates""]","[""-""]",[],,
Hyderabadi Mutton Shami Kebab,licious,skewers,70020600146130321,,"[""220g""]","[""Goat meat"", ""Onion"", ""Interesterified Vegetable Fat (Refined palm oil"", ""High Oleic Acid Sunflower seed oil"", ""Sesame oil"", ""Vitamin A)"", ""bengal gram"", ""Coriander leaves"", ""Mixed Masala"", ""Ginger"", ""Garlic"", ""Green Chilli"", ""Cumin"", ""Mint leaves"", ""Iodized salt"", ""Starch (INS 1450)"", ""Red Chilli"", ""Black Salt"", ""Herb and Spices Oleoresin (Emulsifier (INS 471"", ""INS 433))"", ""Thickener (INS 412)"", ""Acidity Regulator (INS 330)"", ""Sugar.""]","[""sesame seeds""]",[],,https://images.openfoodfacts.org/images/products/700/206/001/46130321/front_en.3.400.jpg
evocus water,evocus,beverages-and-beverages-preparations,8904406118883,,"[""500ml""]","[""Purified Water"", ""Nature Identical Flavour (Contains Minerals)""]","[""-""]",[],,
Boost,hindustan-unilever-limited,beverages-and-beverages-preparations,8909106040175,,"[""550g""]","[""Cereal Extract (50%) (Barley"", ""Wheat"", ""Millet)"", ""Malted Barley (21%)"", ""Sugar"", ""Wheat Flour (Atta)"", ""Milk Solids (6%)"", ""Minerals"", ""Natural Colour (INS 150c)"", ""Wheat Gluten"", ""Ackity Regulators [INS 501 (ii)"", ""INS 500(ii)]"", ""Edible lodised Salt"", ""Cocoa Powder"", ""Vitamins"", ""Nature Identical Flavouring Substances"", ""Soy Protein Isolate. Allergen Information: Contains Wheat"", ""Barley"", ""Milk and Soy""]","[""gluten"", ""milk"", ""soybeans""]",[],,
The Coca Cola Company,thumbs-up,beverages-and-beverages-preparations,19017648,,"[""2.25Litres""]","[""CARBONATED WATER"", ""SUGAR"", ""ACIDITY REGULATOR (338) CAFFEINE (8.1 mg/100 g)"", ""SWEETENER (960)"", ""COLOUR (150 d)"", ""FLAVOURS (NATURAL"", ""NATURE-IDENTICAL & ARTIFICIAL (COLA) FLAVOURING SUBSTANCES).""]","[""-""]",[],,https://images.openfoodfacts.org/images/products/000/001/901/7648/front_en.28.400.jpg
Good Life Iodised Salt,good-life,condiments,8902901027945,,"[""1kg""]","[""Edible Common Salt"", ""Anti-caking Agents (551"", ""536)"", ""Potassium lodate""]","[""-""]",[],,
Cadbury Bournvita Nutrition Drink,cadbury-bournvita,beverages-and-beverages-preparations,8901233029900,,"[""14.4g""]","[""Cereal Extract 51%* (Barley"", ""Wheat)"", ""Sugar"", ""Cocoa Solids"", ""Caramel colour (150c)"", ""Liquid Glucose"", ""Protein Isolate"", ""Maltodextrin"", ""Milk Solids"", ""Vitamins"", ""Emulsifiers (322"", ""471)"", ""Raising Agent (500(i))"", ""Minerals"", ""Edible Salt.""]","[""gluten"", ""milk""]",[],,
Fígaro Extra Virgin Olive Oil (Imported),figaro,plant-based-foods-and-beverages,8410125211700,,"[""250ml (228g)""]","[""Edible Extra Virgin Olive Oil""]","[""-""]",[],,https://images.openfoodfacts.org/images/products/841/012/521/1700/front_en.3.400.jpg
Handmade Chocolate Orange Honeycomb,Aldi,snacks,4088600023700,,"[""250g""]","[""Sugar"", ""MILK CHOCOLATE (32%) (Sugar"", ""Cocoa Butter"", ""Skimmed Milk Powder"", ""Cocoa Mass"", ""Milk Powder"", ""Anhydrous Milk Fat"", ""Emulsifier: Lecithins (Soya)"", ""Natural Vanilla Flavouring)"", ""Glucose Syrup"", ""Water"", ""Raising Agent: Sodium Carbonates"", ""Natural Orange Flavouring"", ""Colour: Carotenes. MILK CHOCOLATE CONTAINS COCOA SOLIDS 29% MINIMUM"", ""MILK SOLIDS 20% MINIMUM.""]","[""milk"", ""soybeans""]",[],,
Slim 'n' Trim,amul,dairies,8901262260152,,"[""500ml""]","[""Milk""]","[""milk""]",[],,
Bru Instant Coffee,bru,beverages-and-beverages-preparations,8909106013919,,"[""6g""]","[""INSTANT COFFEE-CHICORY MIXTURE""]","[""-""]",[],,
BaskinRobbins Cotton Candy Ice Cream,br,desserts,8906006850828,,"[""450ml""]","[""WATER"", ""MILK SOLIDS"", ""SUGAR"", ""LIQUID GLUCOSE"", ""STABILIZERS (412"", ""407)"", ""EMULSIFIER (471)"", ""ACIDITY REGULATOR [330"", ""331)]"", ""CONTAINS PERMITTED SYNTHETIC FOOD COLOURS (102"", ""122"", ""133) & ADDED NATURE IDENTICAL FLAVORING SUBSTANCES (COTTON CANDY).""]","[""milk""]",[],,https://images.openfoodfacts.org/images/products/890/600/685/0828/front_en.3.400.jpg
Butter cookies,big-mishra,snacks,8906015724486,,"[""200g""]","[""flour"", ""sugar"", ""butter"", ""milk solids"", ""salt"", ""hydrogenated vegetables oil"", ""custard powder"", ""baking soda""]","[""milk""]",[],,
Cadbury Temptations Rum & Raisins,cadbury,snacks,7622202030901,,"[""72 g""]","[""Sugar"", ""Cocoa Butter"", ""Raisins (18%*)"", ""Cocoa Solids"", ""Milk Solids"", ""Emulsifiers (442"", ""476)"", ""Flavours (Natural"", ""Nature Identical and Artificial (Rum"", ""Raisin"", ""Vanilla) Flavouring Substances).""]","[""milk""]",[],,https://images.openfoodfacts.org/images/products/762/220/203/0901/front_en.3.400.jpg
Anjeer,whole-farm,plant-based-foods-and-beverages,8906167241350,,"[""200 g""]","[""Anjeer""]","[""-""]",[],,
Premium Whole Methi (Fenugreek),vedaka,plant-based-foods-and-beverages,8903023006047,,"[""200 g""]","[""Fenugreek""]","[""-""]",[],,
Popular Whole Almonds,vedaka,plant-based-foods-and-beverages,8903023005378,,"[""200 g""]","[""Whole Almonds""]","[""nuts""]",[],,https://images.openfoodfacts.org/images/products/890/302/300/5378/front_en.3.400.jpg
Red Chilly,happy,condiments,8908003392332,,"[""200g""]","[""RED CHILLI PUREE"", ""SUGAR"", ""WATER"", ""SALT"", ""CORN FLOUR"", ""SYNTHETIC VINEGAR (E260)"", ""HOKENING AGENT (E412)"", ""SPICES EXTRACT"", ""VS. 315 CONTAINS PERMITTED CLASS II PRESERVATIVE (E211) fssai 11000084 25 Years H""]","[""-""]",[],,
KESAR FLAVOURED MILK,kanhaiyya,beverages-and-beverages-preparations,8908000644540,,"[""180ml""]","[""Double Toned Milk & Sugar Contains: Permitted Synthetic Food Colours (INS 102"", ""INS 110)&Added Saffron Flavour (Artificially Flavouring Substances)""]","[""-""]",[],,
Pio' -  Badam,verka,beverages-and-beverages-preparations,8901826903105,,"[""180 ml""]","[""Milk solids"", ""sugar"", ""contains permitted synthetic food colors(E102"", ""E122"", ""E127"", ""E133) added artificial almond flavour.""]","[""milk""]",[],,https://images.openfoodfacts.org/images/products/890/182/690/3105/front_en.22.400.jpg
MYPROTEIN Impact Whey Isolate,MYPROTEIN,dairies,5056185747204,,"[""2.5kg""]","[""Whey Protein Isolate (Emulsifiers (Sunflower Lecithin and Soy Lecithin)) (98%)"", ""Artificial Flavour (Strawberry Cream)"", ""Natural Colour (Beet Red)"", ""Sweetener (Sucralose).""]","[""milk"", ""soybeans""]",[],,
Priya Refined Sunflower Oil,priya,plant-based-foods-and-beverages,8901709011552,,"[""1L""]","[""Refined Sunflower Oil"", ""Antioxidant (INS 319)"", ""Vitamin A (Retinyl palmitate)"", ""Vitamin A(Ergocalciferol)"", ""Vitamin D2 (Ergocalciferol)"", ""Antifoaming Agent (INS 200a"", ""DMPS).""]","[""-""]",[],,
Champ Milkuit tasty Milk Biscuit,bisk-farm,snacks,8901928043006,,"[""300g""]","[""REFINED WHEAT FLOUR (MAIDA) (57.97%)"", ""SUGAR"", ""EDIBLE VEGETABLE OIL (PALM"", ""PALMOLEIN)"", ""HYDROGENATED VEGETABLE FAT (PALM"", ""PALMOLEIN)"", ""LIQUID GLUCOSE"", ""EDIBLE STARCH (CORN)"", ""MILK SOLIDS (1.45%)"", ""SALT"", ""EMULSIFIERS (322"", ""471"", ""481)"", ""RAISING AGENTS[500(ii)"", ""503(ii)]"", ""ACIDITY REGULATORS [330"", ""450(i)] AND ANTIOXIDANT (319) CONTAINS ADDED FLAVOURS (VANILLA"", ""MILK) 18(NUMBERS IN BRACKETS ARE AS PER 39 CONTAINS WHEAT"", ""MILK AND SOY INTERNATIONAL NUMBERING SYSTEM) HYPERSENSITIVE INGREDIENTS""]","[""gluten"", ""milk""]",[],,https://images.openfoodfacts.org/images/products/890/192/804/3006/front_en.4.400.jpg
good day,britannia,snacks,8901063093621,,"[""90.5g""]","[""REFINED WHEAT FLOUR (MAIDA)"", ""REFINED PALM OIL"", ""SUGAR"", ""INVERT SUGAR SYRUP"", ""CASHEW (1.4%)"", ""MILK PRODUCTS (MILK SOLIDS & BUTTER (0.1%))"", ""RAISING AGENTS (503(ii) & 500(ii)]"", ""IODISED SALT"", ""EMULSIFIERS [322(i)"", ""471 & 472e] AND NATURE IDENTICAL & ARTIFICIAL (VANILLA & MILK) FLAVOURING SUBSTANCES. (Numbers in brackets as per International Numbering System) CONTAINS WHEAT"", ""NUTS"", ""MILK AND SOY.""]","[""gluten"", ""milk"", ""nuts"", ""soybeans""]",[],,
Red Chilli Powder,laljee-godhoo-co,plant-based-foods-and-beverages,0840222000026,,"[""25 g""]","[""Dried Red Chillies.""]","[""-""]",[],,
Air freshener,meadows,air-freshener,8903363006868,,"[""137g""]","[""LPG"", ""Solvents"", ""Fragrance""]","[""-""]",[],,
Darling Garlic Pickle,darling,plant-based-foods-and-beverages,8906132640591,,"[""1 bottle, 200g""]","[""Garlic pieces"", ""Refined Vegetable Oil"", ""Salt"", ""Chilli Powder"", ""Mustard"", ""Fenugreek"", ""Ginger"", ""Compounded Asafoetida and Acidity Regulator - E260""]","[""mustard""]",[],,https://images.openfoodfacts.org/images/products/890/613/264/0591/front_en.3.400.jpg
Minerva Coffee Kaapi Premiere,minerva-coffee,plant-based-foods-and-beverages,8908002359107,,"[""500g""]","[""Coffee"", ""Chicory""]","[""-""]",[],,
Puff choco vanilla flavoured sandwich biscuits,priyagold,snacks,8901652140583,,"[""40g""]","[""Refined Wheat Flour (Maida) (50% )"", ""Sugar"", ""Edible Vegetable Oils (Palm)"", ""Leavening Agents | Ammonium Bicarbonate (E 503()"", ""Sodium Bicarbonate (E500 (H)]"", ""Liquid Glucose"", ""Milk Solids (1.5%)"", ""Cocoa Powder"", ""Iodised Salt"", ""Permitted Emulsifiers [Lecithin (E 322(1))"", ""Diacetyltartaric And Fatty Acid Esters Of Glycerol [E472(E)]"", ""Dough Conditioner [Sodium Metabisulphite (E 223) Contains Added Artificial Flavours (Choco & Vanilla) And Added Natural Food Colours (Caramel E150d) & Synthetic Food Colour (Ponceau 4r E124)\nALLERGEN WARNING: this biscuit contains wheat"", ""milk"", ""soy and sulphite as hypersensitive ingredients""]","[""gluten"", ""milk"", ""soybeans""]",[],,
Potato Chips Salted,Lay's,plant-based-foods-and-beverages,6009510804782,,"[""36 g""]","[""potatoes"", ""vegetable oil (palm and/or maize or sunflower fruit oil) with antioxidant (tbhq)"", ""salt"", ""maltodextrin"", ""anti-caking agent (e551)""]","[""-""]",[],,https://images.openfoodfacts.org/images/products/600/951/080/4782/front_fr.26.400.jpg
Aachi Biryani Masala,aachi,condiments,8906021120272,,"[""50 g""]","[""Spice Content: 89% (Red Chilli powder"", ""Coriander"", ""Fennel"", ""Garlic flakes"", ""Onion flakes"", ""Cassia bark (Taj)"", ""Dry Ginger"", ""Star anise"", ""Cumin"", ""Bay Leaves"", ""Turmeric powder"", ""Pepper"", ""Cardamom"", ""Gloves"", ""Mace) and Salt - 11%""]","[""-""]",[],,
Tomato Puree,dabur,plant-based-foods-and-beverages,8901207014642,,"[""200g""]","[""Water"", ""Tomato Paste (37%)"", ""Acidity Regulator (INS 330) and Antioxidant (INS 300).""]","[""-""]",[],,
MARCO CRUNCHY PEANUT BUTTER,marco,plant-based-foods-and-beverages,8908004415177,,"[""410 g""]","[""Roasted Peanut"", ""Sugar"", ""Salt"", ""Hydrogenated soya oil""]","[""peanuts"", ""soybeans""]",[],,https://images.openfoodfacts.org/images/products/890/800/441/5177/front_en.40.400.jpg
Cadbury Dairy Milk Chocolate,cadbury,snacks,7622201149406,,"[""24g""]","[""Sugar"", ""Milk Solids(22%)"", ""Cocoa butter"", ""Cocoa Solids"", ""Edible vegetable fat"", ""Emulsifiers(442"", ""476).""]","[""milk""]",[],,
DevBhumi Honey,devbhumi,breakfasts,8908001137102,,"[""500g""]","[""Honey""]","[""-""]",[],,
Manchow Instant Noodles,capital-foods,plant-based-foods-and-beverages,8901595963461,,"[""60 g""]","[""Noodles: Wheat Flour"", ""Refined Palm Oil"", ""Salt"", ""Potassium Chloride (Gelling Agent"", ""E508)"", ""Wheat Gluten"", ""Sodium Polyphosphate (Emulsifying Agent"", ""E452(i))"", ""Potassium Carbonate (Acidity Regulator"", ""E501(i))"", ""Sodium Hydrogen Carbonate (Raising Agent"", ""E500(ii))"", ""Tertiary Butylhydroquinone (Antioxidant"", ""E319)\nSeasoning Mix: Garlic Powder"", ""iodised Salt"", ""Mixed Spices 12.6% (chilli"", ""ginger"", ""black pepper)"", ""Corn Starch"", ""Hydrolysed Soy Protein"", ""Sugar"", ""Onion Powder"", ""Disodium 5' - Guanylate"", ""Disodium 5' Inosinate (Flavour Enhancers"", ""E627"", ""E631)"", ""Edible Palm Oil"", ""Soy Sauce Powder"", ""Caramel (Natural Colour E150d)"", ""Citric Acid (Acidity Regulator"", ""E330)"", ""CONTAINS PERMITTED NATURAL COLOUR (CARAMEL"", ""E150d) AND ADDED FLAVOURS (NATURAL AND NATURE IDENTICAL FLAVOURING SUBSTANCES)""]","[""gluten"", ""soybeans""]",[],,https://images.openfoodfacts.org/images/products/890/159/596/3461/front_en.3.400.jpg
Waffy - choco flavoured wafer roll,dukes,snacks,8906009803777,,"[""250 g""]","[""SUGAR"", ""REFINED WHEAT FLOUR"", ""REFINED PALM OIL"", ""COCOA SOLIDS"", ""DEXTROSE"", ""MILK SOLIDS"", ""STARCH"", ""EMULSIFIER (322) AND IODIZED SALT. CONTAINS PERMITTED NATURAL COLOUR (150d) AND ADDED FLAVOURS (ARTIFICIAL FLAVOURING SUBSTANCES-CHOCOLATE AND VANILLA)""]","[""gluten"", ""milk"", ""soybeans""]",[],,
Butterly Osmania Biscuits,karachi-bakery,snacks,8906074821461,,"[""300 g""]","[""Refined wheat flour (Maida)"", ""Edible vegetable oil (Refined Rice bran oil"", ""Palmolein oil"", ""sesame/ til oil)"", ""Sugar"", ""Table Butter"", ""Milk Solids (SMP)"", ""iodised Salt.""]","[""gluten"", ""milk"", ""sesame seeds""]",[],,
Nutella Ferrero,Nutella,breakfasts,8000500225615,,"[""290 g""]","[""SUGAR"", ""EDIBLE VEGETABLE OIL"", ""HAZELNUTS 13%"", ""LOW FAT COCOA POWDER 7.4%"", ""SKIMMED COW MILK POWDER 6.6%"", ""WHEY POWDER"", ""EMULSIFIER (LECITHIN (INS 322))"", ""FLAVOUR (NATURE IDENTICAL FLAVOURING SUBSTANCE (VANILLIN)).""]","[""milk"", ""nuts"", ""soybeans""]",[],,https://images.openfoodfacts.org/images/products/800/050/022/5615/front_en.18.400.jpg
iodized salt,Aashirvaad,plant-based-foods-and-beverages,8901725123123,,"[""1kg""]","[""EDIBLE COMMON SALT"", ""ANTICAKING AGENTS (INS 551"", ""INS 536) AND POTASSIUM IODATE""]","[""-""]",[],,
Bru Instant,hindustan,beverages-and-beverages-preparations,8901030733994,,"[""2 g""]","[""chicory mixture blends of coffee chicory coffee 70% chicory 30%""]","[""-""]",[],,
good day cashew cookies,britannia,snacks,8901063093409,,"[""120g""]","[""REFINED WHEAT FLOUR (MAIDA)"", ""EDIBLE VEGETABLE OIL (PALM). SUGAR"", ""CASHEW NUTS (4.5%)"", ""INVERT SYRUP"", ""MİLK SOLIDS"", ""BUTTER (0.6%)"", ""RAISING AGENTS [503(ii) & 500(ii)]"", ""IODISED SALT AND EMULSIFIERS (322"", ""471"", ""472e). CONTAINS ADDED FLAVOURS INATURE IDENTICAL AND ARTIFICIAL (MILK AND VANILLA) FLAVOURING SUBSTANCES)""]","[""gluten"", ""milk"", ""nuts""]",[],,https://images.openfoodfacts.org/images/products/890/106/309/3409/front_en.4.400.jpg
Berry Dazzle,amul,desserts,8901262301435,,"[""125ml / 67g""]","[""Milk solids"", ""sugar"", ""wild berry fruit preparation (14%) [sugar"", ""strawberry dices (18.5%)"", ""raspberry whole (10.5%)"", ""black currant whole (5.5%)"", ""red currant dices (5.5%)"", ""water stabilizer (440)"", ""colours (122"", ""133)"", ""nature identical flavouring substances]"", ""wild berry fruit compound (3%) [water"", ""sugar"", ""red grape juice concentrate (8.2%)"", ""pear juice concentrate (8.8%)"", ""apple juice concentrate (7.9%)"", ""strawberry pulp concentrate (0.03%)"", ""nature identical flavouring substances"", ""acidity regulator (330)"", ""colours (122"", ""133)"", ""emulsifier (471)"", ""stabilizers (407"", ""466"", ""415"", ""412)"", ""artificial flavouring substances (wild berry)"", ""colour (127)""]","[""milk""]",[],,
Dairy Milk Silk Fruit and Nut Chocolate Bar,Cadbury Dairy Milk,snacks,7622202326202,,"[""129 g""]","[""Sugar"", ""Milk Solids (20%*)"", ""Cocoa Butter"", ""Cocoa Solids"", ""Raisins (9%*)"", ""Cashew Nuts (5%*)"", ""Apricot Kernels (3%*)"", ""Emulsifiers (442"", ""476)"", ""Flavours (Natural"", ""Nature Identical and Artificial (Vanilla) Flavouring Substances). Allergen Information: Contains Milk"", ""Cashew Nut and Sulphites May Contain Wheat"", ""Barley"", ""Soy and Other Tree Nuts""]","[""milk"", ""nuts"", ""sulphur dioxide and sulphites""]",[],,
Kulambu Chilli Masala,aachi,plant-based-foods-and-beverages,8906021121859,,"[""50g""]","[""Spice Content - 84% (Red Chilli powder (40%)"", ""Coriander"", ""Turmeric Powder"", ""Mustard"", ""Black Pepper"", ""Fenugreek"", ""Cumin and Curry Leaves)"", ""Gram Dhal"", ""Toor Dhal and Rice""]","[""mustard""]",[],,https://images.openfoodfacts.org/images/products/890/602/112/1859/front_en.3.400.jpg
Freedom Kacchi Ghani Mustard Oil,freedom,plant-based-foods-and-beverages,8906035030741,,"[""1 L""]","[""Mustard Oil""]","[""-""]",[],,
Jowar puffs,kurkure,snacks,8901491100045,,"[""50g""]","[""'Millet (Jowar Meal (27%))"", ""Cereal Products (Corn Meal (26%)"", ""Rice Meal (18%))"", ""Edible Vegetable Oil (Rice Bran Oil)"", ""Seasoning (Spices and Condiments"", ""Sugar"", ""lodised Salt"", ""Maltodextrin"", ""Flavour (Natural and Nature Identical Flavouring Substances)"", ""Salt Substitute (Potassium Chloride)"", ""Black Salt Hydrolysed Vegetable Protein"", ""Tomato Powder"", ""Acidity Regulator (330)"", ""Lemon Powder"", ""Yeast Extract"", ""Flavour Enhancers (627"", ""631)) Firming Agent (170(i))"", ""Emulsifier (471). &quot"", ""As Flavouring Agent. &quot"", ""Contains Onion and Garlic. ALERGEN ADVICE: Contains Soy. May Contain Wheat.""]","[""soybeans""]",[],,
Raw Makhana,madhubani,plant-based-foods-and-beverages,8906148200017,,"[""1kg""]","[""Raw Makhana (also known as Phool Makhana"", ""Foxnuts"", ""Popped Lotus Seeds"", ""Water Lily Pops)""]","[""-""]",[],,https://images.openfoodfacts.org/images/products/890/614/820/0017/front_en.30.400.jpg
Classic Hand Roasted Peanuts,jabsons,plant-based-foods-and-beverages,8904067700304,,"[""150 g""]","[""_Peanuts_ (96%)"", ""Refined Cotton Seed Oil"", ""Iodized Salt (1%)"", ""Black Salt (0.3%)""]","[""peanuts""]",[],,
Yery,horey,snacks,6363737373773737,,"[""100 g""]","[""Jjdb""]","[""-""]",[],,
Bada Cup Vanilla Ice Cream,dairy-day,desserts,8906010911218,,"[""80ml""]","[""Milk Solids"", ""Water"", ""Sugar"", ""Emulsifiers (INS 471"", ""477)"", ""Stabilizers (INS 412"", ""410)""]","[""milk""]",[],,
The Only Cinnamon Powder you need,jayanti,plant-based-foods-and-beverages,8908001105446,,"[""45g""]","[""Cinnamon""]","[""-""]",[],,https://images.openfoodfacts.org/images/products/890/800/110/5446/front_en.3.400.jpg
Black Pepper,nutraj,plant-based-foods-and-beverages,8906019777112,,"[""100gm""]","[""Black Pepper""]","[""-""]",[],,
Mango Lassi,goodlife,beverages-and-beverages-preparations,8906153561707,,"[""180ml""]","[""Milk Solids (Double Toned Milk Curd)"", ""Pasteurised Chilled Water"", ""Sugar"", ""Mango Pulp (6%)"", ""Stabilizers (INS 466"", ""INS 451"", ""INS 415"", ""INS 440"", ""INS 331)"", ""Acidity Regulator (INS 270)"", ""Synthetic Food Colour (INS 110"", ""INS 102)"", ""Nature Identical & Artificial Flavours (Mango)""]","[""milk""]",[],,
Seviyan Vermicelli,mtr,plant-based-foods-and-beverages,8901042970035,,"[""850 g""]","[""Wheat semolina. Allergen Advice: Contains Wheat Gluten.""]","[""gluten""]",[],,https://images.openfoodfacts.org/images/products/890/104/297/0035/front_en.3.400.jpg
Nutricharge Kids Nutrition Drink,nutricharge,beverages-and-beverages-preparations,8908005543039,,"[""300g""]","[""Sucrose"", ""Soya Protein Isolate (20%)"", ""Whole Milk (15%) Powder Cocoa Powder"", ""Malt"", ""Phyllanthus niruri (Ext.)"", ""Fructo-Oligosaccharides (FOS-1.0%)"", ""Whey Protein Concentrate"", ""Tri Basic Calcium Phosphate"", ""Potassium Chloride"", ""DL-Methionine"", ""Sodium Chloride"", ""Docosahexaenoic Acid (DHA-0.2%)"", ""Magnesium Hydroxide"", ""Choline Bitartrate"", ""L-Ascorbic acid"", ""L-Lysine Hydrochloride"", ""Inositol"", ""Ocimum sanctum (Ext.)"", ""Bifidobacterium bifidum"", ""Lactobacillus acidophilus"", ""Zine Sulphate"", ""Nicotinamide"", ""Binder (INS 462)"", ""Retinyl Acetate"", ""Calcium D Pantothenate"", ""Manganese Sulphate"", ""Pyridoxine Hydrochloride"", ""Riboflavin"", ""Sodium Phosphate"", ""Thiamine hydrochloride"", ""Cinnamomum verum"", ""Origanum majorana"", ""n-pteroyl-l-glutamic acid"", ""Cyanocobalamin"", ""Sodium Molybdate Dihydrate"", ""Potassium Iodide"", ""Sodium Selenite Angydrate"", ""Ergocalciferol and Colour Caramel (INS 150d).""]","[""milk"", ""soybeans""]",[],,
Aaaa,aaaaaa,snacks,0000535266262,,"[""100 g""]","[""Aaaaa""]","[""-""]",[],,
Ggggg,gggg,snacks,3268840001009,,"[""100 g""]","[""Ggggggg""]","[""-""]",[],,
Masala Oats,Saffola,plant-based-foods-and-beverages,8901088129800,,"[""500 g""]","[""Rolled Oats (69.3%)"", ""Maltodextrin"", ""Salt"", ""Dried Vegetables (Carrot (1.5%)"", ""Green Peas (1%)"", ""French Beans (0.7%)"", ""Onion Powder and Sugar"", ""Refined Rice Bran oil"", ""Desiccated Coconut Powder (2.1%)"", ""Spices & Condiments (1.6%) (Chilly"", ""Turmeric"", ""Ginger"", ""Cardamom"", ""Cinnamon"", ""Curry Leaves"", ""Garlic)"", ""Milk Solids"", ""Tomate Hydrolysed Vegetable Protein"", ""Yeast Extract"", ""Anticaking Agent (INS 551)"", ""Acidity Regulator (INS 330)"", ""Flavour Enhancers (INS 627"", ""INS 631). CONTAINS PERMITTED NATURAL COLOUR (INS 100) AND ADDED FLAVOURS - NATURAL AND NATURE IDENTICAL FLAVOURING SUBSTANCES.""]","[""milk""]",[],,
Ghee,nambisan-s,fats,8904076000037,,"[""200 ml""]","[""Milk Fat""]","[""milk""]",[],,https://images.openfoodfacts.org/images/products/890/407/600/0037/front_en.16.400.jpg
epigamia spreads,drum-foods,spreads,8906059639494,,"[""250 g""]","[""Ghee (37%)"", ""Sugar"", ""Hazelnut paste (14%) (Hazelnut"", ""Sugar)"", ""Date syrup"", ""Cocoa solid (4%)"", ""Emulsifier (INS471)"", ""Vegetarian omega concentrate blend"", ""Natural rosemary extract""]","[""milk"", ""nuts""]",[],,
Everest Pani Puri Masala,everest,taste,8901786030507,,"[""50g""]","[""Rock Salt"", ""Dried Mango"", ""Cumin"", ""Chilli"", ""Black Salt"", ""Mint Leaf"", ""Black Pepper"", ""Dried Ginger"", ""Tamarind and Citric Acid.Contain Mustard""]","[""-""]",[],,
Ginger Crystallized In Dark Chocolate,chocolove,plant-based-foods-and-beverages,0716270001660,,"[""3.2 g""]","[""dark chocolate (cocoa liquor*"", ""sugar"", ""cocoa butter*"", ""soy lecithin"", ""vanilla)"", ""crystallized ginger (ginger"", ""sugar)""]","[""soybeans""]",[],,https://images.openfoodfacts.org/images/products/071/627/000/1660/front_en.41.400.jpg
Coca Cola,coca-cola,beverages-and-beverages-preparations,8901764061189,,"[""180ml""]","[""16/1/2020 13.43pm""]","[""-""]",[],,
Real fruit power mixed fruit 1ktr tpk,-,beverages-and-beverages-preparations,8901888040350,,"[""1 L""]","[""Water"", ""Concentrated Mixed Fruit Juice (12.03%) [From Apple"", ""Orange"", ""Guava"", ""Apricot"", ""Mango"", ""Banana"", ""Lime"", ""Passion Fruit"", ""Pineapple]"", ""Sugar"", ""Acidity Regulator (INS 330)"", ""Antioxidant (INS 300)"", ""Stabilizer (INS 440)"", ""Colours [INS 160 a (ii) & (iii)] and Flavours (Natural & Nature identical Flavouring Substances). THIS CONTAINS 60% MIXED FRUIT JUICE CONTENT. within 5 days""]","[""banana"", ""orange""]",[],,
B protein,british-biologicals,dietary-supplements,8906011145049,,"[""500g""]","[""Proprietary blend of high quality protein (Whey protein concentrate"", ""Soy protein isolate)"", ""Skdmmed milk powder"", ""Sucrose"", ""Maltodextrin"", ""Malt extract"", ""Natural cocoa powder"", ""Inulin (Detary fibre)"", ""Oleic sunflower oil powder"", ""Minerals"", ""Vitamins Allergen Information: Contains Milk"", ""Soy ingredients Calorific Distrihution Protein""]","[""milk"", ""soybeans""]",[],,https://images.openfoodfacts.org/images/products/890/601/114/5049/front_en.4.400.jpg
Wild Pacific Red Salmon,john-west,seafood,5000171010025,,"[""210 g""]","[""red salmon 99 %"", ""salt.""]","[""fish""]",[],,
Malai Paneer,amul,dairies,8901262180016,,"[""200 g""]","[""Paneer""]","[""milk""]",[],,
Coconut oil,parachute,plant-based-foods-and-beverages,89002940,,"[""100ml""]","[""Coconut Oil""]","[""-""]",[],,https://images.openfoodfacts.org/images/products/000/008/900/2940/front_en.7.400.jpg
Schezwan Chutney,Ching's Secret,plant-based-foods-and-beverages,8901595863280,,"[""600 g""]","[""Water"", ""Cotton Seed Oil"", ""Sugar"", ""iodised Salt"", ""Chilli"", ""Garlic"", ""Onion"", ""Thickener (INS 1422)"", ""Ginger"", ""Acidity Regulator (INS 260)"", ""Flavour Enhancer (INS 635)"", ""Spices (White Pepper"", ""Schezwan Pepper)"", ""Preservatives (INS 202"", ""INS 211)"", ""Natural Flavouring Substances. _Contains: Celery. May contain: Wheat"", ""Soy"", ""Nuts"", ""Sesame Seeds"", ""Mustard and Milk._""]","[""celery""]",[],,
Motichur Laddoo,lal,pulses-based-sweets,8906020491656,,"[""200 g""]","[""Sugar"", ""Bengal Gram Flour (Besan)"", ""Edible Vegetable Oil (Palmolein)"", ""Refined Wheat Flour (Maida)"", ""Edible Vgetable Fat (Palm Oil"", ""Palm Kernel Oil)"", ""Preservatives (INS 202"", ""INS 200) and Synthetic Food Colours (INS 110"", ""INS 102) \n\nAllergen Information: Contains Wheat.\nMade in a facility that processes Peanuts"", ""Tree Nuts"", ""Milk"", ""Wheat and Sesame.""]","[""gluten"", ""milk"", ""nuts"", ""sesame seeds""]",[],,
The Whole Truth High Protein Peanut Cocoa,the-whole-truth,dietary-supplements,8906143891302,,"[""67g""]","[""Peanuts (46%)\r\ndates (28%)\r\nwhey protein blend (concentrate + Isolate) (17%) \r\ncocoa butter (5%)\r\ncocoa powder (4%)""]","[""peanuts""]",[],,https://images.openfoodfacts.org/images/products/890/614/389/1302/front_en.11.400.jpg
Godrej Jersey Doodh Peda,godrej-jersey,dairies,8906016414843,,"[""190g""]","[""Milk solids & Sugar""]","[""milk""]",[],,
Mootichoor Ghee Laddoo,daadi-s,pulses-based-sweets,8906000921753,,"[""200 g""]","[""Sugar"", ""Bengal Gram Flour"", ""Ghee (16%)"", ""Refined Wheat Flour"", ""Cashew Nuts"", ""Cardamom Powder"", ""Permitted Synthetic Colour (INS 102 & INS 110) & Food Additives (INS 200 & INS 202). Allergen Advice: Contains Wheat and Nuts. May Conations Milk and Soy.""]","[""gluten"", ""milk"", ""nuts"", ""soybeans""]",[],,
chat-patt fry noodles,c-top,plant-based-foods-and-beverages,8906107930214,,"[""20g+2g""]","[""Refined Wheat Flour (Maida)"", ""Edible Vegetable Oil (Palmolein Oil)"", ""Edible Starch"", ""Rice Flour"", ""lodized Salt"", ""Sugar"", ""Chilli Powder"", ""Dried Mango Powder"", ""Black Salt"", ""Maltodextrin"", ""Acidity Regulator (INS 330)"", ""Flavour Enhancers (INS 627"", ""INS 631)"", ""Anticaking Agent (INS 551)"", ""Ground Spices & Condiments (Black Pepper"", ""Clove"", ""Cardamom"", ""Cumin"", ""Nutmeg & Cinnamon in Powder Form) CONTAINS ADDED FLAVOURS - NATURAL AND NATURE IDENTICAL FLAVOURING SUBSTANCES - TOP *** - TOP *** C-TOP C-TOP C-10P &quot"", ""C-TOP Chat-Patt&quot"", ""is registered trade mark. All rights reserved. Imitation of Packaging Graphics is a Punishable Offence. Please Keep Your C realme P1 5G 27mm f/1.8 1/20s ISO6400 CUROP""]","[""gluten""]",[],,https://images.openfoodfacts.org/images/products/890/610/793/0214/front_en.3.400.jpg
Half and Half Cream,amul,dairies,8901262153645,,"[""250ml""]","[""Milk solids"", ""water"", ""emulsifiers [4600)"", ""464"", ""471"", ""472b"", ""472e].""]","[""milk""]",[],,
Tata Tea Agni,tata,beverages-and-beverages-preparations,8901052008193,,"[""1.5kg""]","[""Tea (98.5%)"", ""Natural Flavour""]","[""-""]",[],,
QNT PRIME WHEY,qnt,health,5404017407701,,"[""1 kg""]","[""Triple Blend Whey Protein (Whey Concentrate"", ""Whey Isolate"", ""Whey Hydrolysate)"", ""Whole Milk Powder"", ""Skimmed Milk Powder"", ""Pistachio"", ""Cashew"", ""Nature Identical Saffron Flavour"", ""Sodium Chloride"", ""Thickener (INS 415)"", ""Di-potassium hydrogen Phosphate"", ""Thickeners (INS 466 & 407)"", ""AntiCaking Agent (INS 551)"", ""Sweeteners (INS 955 & INS 950) & DigeZyme.""]","[""milk"", ""nuts""]",[],,https://images.openfoodfacts.org/images/products/540/401/740/7701/front_en.3.400.jpg
Whole Wheat Vermicelli,narasu-s,plant-based-foods-and-beverages,8906005666826,,"[""180 g""]","[""Wheat Flour""]","[""gluten""]",[],,
Hatsun Curd,hatsun,dairies,8904057396289,,"[""200 g""]","[""Pasteurized Toned Milk & Starter Culture \nAllergen\nInformation: Contains Milk""]","[""milk""]",[],,
Tea,taaza,beverages-and-beverages-preparations,8909106026186,,"[""100 g""]","[""Tea""]","[""-""]",[],,https://images.openfoodfacts.org/images/products/890/910/602/6186/front_en.13.400.jpg
Salt & Pepper Makhana,kepps,plant-based-foods-and-beverages,8906188370053,,"[""70 g""]","[""Fox Nuts"", ""Edible Vegetable Oil (Rice Bran Oil)"", ""Pepper Rock Salt"", ""Dry Mango Powder. CONTAINS PERMITTED NATURAL COLOUR AND ADDED FLAVOUR.""]","[""-""]",[],,
Bikaji mobile bhel chowpati bhelpuri,bikaji,snacks,8906005508904,,"[""110g""]","[""Edible Vegetable Oil (Palmolein oll"", ""Cotton Seed Oil)"", ""Puffed Rice (17%)"", ""Chick Pea (10%)"", ""Peanuts (79%)"", ""Gram Flour"", ""Dew Bean Flour (Moth Flour)"", ""Wheat Flour"", ""Rice Flakes"", ""Dates (2%)"", ""Sugar"", ""Ground Spices and Condiments (lodised Salt"", ""Red Chilli"", ""Coriander"", ""Turmeric (Colouring & Spices)"", ""Cumin"", ""Black Salt"", ""Dry Green Chilli"", ""Dry Red Chilli"", ""Garlic"", ""Dry Mango"", ""Dry Cassia Leaves"", ""Cinnamon"", ""Ginger"", ""Black Pepper"", ""Cardamom"", ""Clove"", ""Nutmeg"", ""Mace"", ""Asafoetida"", ""Acidity Regulator (INS330)""]","[""gluten"", ""peanuts""]",[],,
Lion DesertKing Dates,lion,plant-based-foods-and-beverages,8906006720145,,"[""250g""]","[""Dates""]","[""-""]",[],,https://images.openfoodfacts.org/images/products/890/600/672/0145/front_en.3.400.jpg
Narasu's Besh Besh Vermicelli,narasu-s,plant-based-foods-and-beverages,8906005666581,,"[""180 g""]","[""Refined Wheat Flour (Maida)""]","[""gluten""]",[],,
Gond Katira,sft,tragacanth-gum,00007532,,"[""200 g""]","[""Gond Katira""]","[""-""]",[],,
Foxtail Millet Vermicilli,anil,millet-vermicelli,8906042150197,,"[""180""]","[""Foxtail Millet Flour (50%)"", ""Samba Wheat Flour (30%)"", ""Refined Wheat Flour (Maida)""]","[""gluten""]",[],,https://images.openfoodfacts.org/images/products/890/604/215/0197/front_en.3.400.jpg
Roasted and Salted Pista,dmart-swaad,plant-based-foods-and-beverages,8903363009067,,"[""400g""]","[""Roasted Pistachio (97%)"", ""Edible Salt (3%)""]","[""nuts""]",[],,
Smoodh Chocolate Hazelnut,parle-agro,chocolate-milkshakes,8902579002589,,"[""80 ml""]","[""WATER"", ""MILK SOLIDS"", ""SUGAR"", ""WHEY POWDER"", ""COCOA SOLIDS (1%)"", ""MALT EXTRACT"", ""EMULSIFIERS AND STABILIZERS [INS 460(1)"", ""INS 471"", ""INS 466"", ""INS 407"", ""INS 340"", ""INS 452]"", ""NATURE IDENTICAL FLAVOURING SUBSTANCE (CHOCOLATE"", ""HAZELNUT) AND IODISED SALT. ALLERGEN INFORMATION: CONTAINS MILK"", ""BARLEY"", ""WHEAT AND MILLET.""]","[""gluten"", ""milk"", ""nuts""]",[],,
Maxn Whey Protein,maxn,dairies,8906059343612,,"[""1 kg""]","[""Whey Protein Concentrate"", ""Whey Protein isolate"", ""Cocoa"", ""Approved Flavour"", ""Sucralose and Acesulfame Potassium.""]","[""milk""]",[],,https://images.openfoodfacts.org/images/products/890/605/934/3612/front_en.4.400.jpg
Almond Brittle Brownie,loyka,snacks,8908014250539,,"[""17 g""]","[""Almonds (40%)"", ""Sugar"", ""Hydrogenated Palm Kernel Oil"", ""Cocoa Solids"", ""Refined Wheat Flour (Maida)"", ""Butter"", ""Milk Solids. Emulsifier (INS 322)"", ""Raising agent [INS 500 (ii)] & Salt.""]","[""gluten"", ""milk"", ""nuts""]",[],,
Hhhhhh,hhhhhhh,snacks,05463773,,"[""100 g""]","[""Hhh""]","[""-""]",[],,
Safawy Kalmi,date-crown,plant-based-foods-and-beverages,8908017474444,,"[""500g""]","[""High quality un-pitted loose dates.""]","[""-""]",[],,https://images.openfoodfacts.org/images/products/890/801/747/4444/front_en.3.400.jpg
Ruhaani Dates,jewel-farmer,plant-based-foods-and-beverages,8906069415491,,"[""500 g""]","[""Dates""]","[""-""]",[],,
Raisins,vedaka,plant-based-foods-and-beverages,8903023002254,,"[""1 kg""]","[""Raisins""]","[""-""]",[],,
Cereal,slurrp,plant-based-foods-and-beverages,8908006217953,,"[""200g""]","[""Supergrain blend (sprouted ragi"", ""brown rice"", ""jowar (sorghum)"", ""moong dal"", ""foxtail millet"", ""bengal gram) (93%)"", ""almond powder"", ""cardamom powder"", ""vitamins* and minerals&quot"", ""THIS PRODUCT CONTAINS 58% MILLETS Allergen Note: Contains nut products. Made in a facility that processes wheat. May contain trace elements.""]","[""nuts""]",[],,https://images.openfoodfacts.org/images/products/890/800/621/7953/front_en.3.400.jpg
Priya mango pickle,priya,plant-based-foods-and-beverages,8904246910333,,"[""300g""]","[""Mango pieces (60%)"", ""lodized salt"", ""Refined rice bran oil"", ""Mustard"", ""Chilli powder"", ""Garlic (3.8%)"", ""Mustard oil"", ""Fenugreek"", ""Turmeric.""]","[""mustard""]",[],,
Farmley Date Bites,farmley,plant-based-foods-and-beverages,8906120109918,,"[""18g""]","[""Wet Dates"", ""Cashews"", ""Almonds"", ""Pistachios"", ""Honey"", ""Desi Ghee""]","[""nuts""]",[],,
Cardamom Green Whole,sft,plant-based-foods-and-beverages,00007533,,"[""100g""]","[""Cardamom""]","[""-""]",[],,https://images.openfoodfacts.org/images/products/000/000/000/7533/front_en.3.400.jpg
Dark Delight,campco,snacks,8906010852191,,"[""17g""]","[""Sugar"", ""Edible Vegetable fat (Hydrogenated oils)"", ""Cocoa Solids"", ""Maltodextrin"", ""Soya Lecithin (INS 322]"", ""Polyglycerol Polyricinoleate [INS 476] and Artificial Vanilla. Contains Soy. May contains Milk and Nut.""]","[""milk"", ""nuts"", ""soybeans""]",[],,
Poha Mota,rajdhani,plant-based-foods-and-beverages,8906002348169,,"[""500g""]","[""nutrition facts per 100gm at 1"", ""kcal calories""]","[""-""]",[],,
Jalapeno Slices,tify,plant-based-foods-and-beverages,8901483002395,,"[""190g""]","[""Jalaperios (55%)"", ""Water"", ""Acidity regulator (INS 260)"", ""Edible Common Salt"", ""Firming Agent (INS 509).""]","[""-""]",[],,https://images.openfoodfacts.org/images/products/890/148/300/2395/front_en.4.400.jpg
Chilli Chatka 20rs,kurkure,snacks,8901491100533,,"[""75g""]","[""Rice meal (43.2%)"", ""edible vegetable oil (palmolein oil)"", ""corn meal (20.0%)"", ""gram meal (3.3%)"", ""spices and condiments (chilli powder"", ""onion powder"", ""fennel powder"", ""ajwain powder"", ""cumin powder"", ""garlic powder"", ""coriander powder"", ""black pepper powder"", ""spice extract"", ""fenugreek powder)"", ""sugar"", ""salt"", ""citric acid (330).""]","[""-""]",[],,
Amul Gold 1ltr,amul,dairies,8901262150989,,"[""1 litre""]","[""Milk""]","[""milk""]",[],,
Diet Coke Mobile Pack,coca-cola,beverages,8901764062704,,"[""500ml""]","[""Carbonated Water"", ""Acidity Regulator"", ""Sweeteners"", ""Preservative"", ""Caffeine""]","[""-""]",[],,
American Style Cream & Onion 10rs,Lay's,plant-based-foods-and-beverages,8901491503037,,"[""24g""]","[""Potato"", ""Edible Vegetable Oil (Palmolein"", ""Rice Bran Oil)"", ""*Seasoning (Sugar"", ""Iodised Sat"", ""_Milk_ Solids"", ""~Spices & Condiments"", ""Maltodextrin"", ""Flavour (Natural and Nature Identical Flavouring Substances)"", ""Cheese Powder"", ""Hydrolysed Vegetable Protein"", ""Flavour Enhancers (627"", ""631)"", ""Edible Vegetable Oil (Palm"", ""Coconut)"", ""Anticaking agent (551)).\r\n*As fiavouring agent. ~Contains Onion\r\nALLERGEN ADVICE: Contains _Soy_"", ""_Milk_\r\nMay Contain _Sulphite_""]","[""milk"", ""soybeans""]",[],,
Chilly Chow Cuppa Noodles,Nestlé,plant-based-foods-and-beverages,8901058845617,,"[""70 g""]","[""Refined wheat flour (Maida)"", ""Palm oil"", ""SaL Mineral (Calcium carbonate)"", ""Thickeners (41 2 & 508)"", ""Humectanl (451 (i)) and Acid'iLy regulators (501 (j)"", ""500(i) & 330). TASTEMAKER: Mixed spices {(32.3%) (Onion (6.B%) Gadic powder"", ""Red chilli powder (3.9%)"", ""Cumin powder"", ""Codander powder"", ""Turnieñc powder"", ""Oinger powder"", ""Dehydrated codander baves"", ""Nukneg powder"", ""Aniseed powder"", ""Black pepper powder (0.9%)"", ""Dehydrated kasuri niethi baves"", ""enugreek powder"", ""Mace powder"", ""Cbve powder & Green cardamom powder (0.2%)) Sugar"", ""Saft"", ""Nood powder (Refined wheat flour (Maida)"", ""Palm oil"", ""Sa Wheat gluten"", ""Mineral (Calcium carbonate)"", ""Thickeners (508 & 41 2)"", ""Acidity regulators (501(i) & 500(i)) & Humectant (451(i)))"", ""Dehydrated carrot flakes (6.4%)"", ""Dehydrated tomato paste soLids (Foniato paste"", ""An&aking agent (551) & SaW"", ""Edible starch"", ""Dehydrated Green peas (5.6%)"", ""Edib vegetable oil (Palm oil & Corn oil)"", ""Thickener (508)"", ""Yeast extract"", ""Ravour enhancer (635)"", ""Taniañnd powder"", ""Acidity regulator (330)"", ""Celery"", ""Milk"", ""Sesame and Soybean.""]","[""celery"", ""gluten"", ""milk"", ""sesame seeds"", ""soybeans""]",[],,
Goat Cheese,flanders-dairy-products,dairies,8908000407008,,"[""500g""]","[""Pasteurised Goat Milk"", ""Lactic acid culture"", ""common salt"", ""permitted class 2 preservative""]","[""milk""]",[],,
Verka toned homogenized milk,verka,dairies,8901826301574,,"[""1 l""]","[""Milk SNF 8.5%"", ""Milk Fat 3.0%""]","[""milk""]",[],,
Mother Dairy Ultimate Dahi,mother-dairy,dairies,8901648097983,,"[""400g""]","[""Standardised Milk"", ""Water"", ""Milk Solids And Active Lactic Culture.""]","[""milk""]",[],,
Harvest Gold 100% Whole Wheat Bread,harvest-gold,plant-based-foods-and-beverages,8906020460683,,"[""450g""]","[""Whole Wheat Flour Atta (54%)"", ""Sugar"", ""Wheat Protein"", ""Yeast"", ""Wheat Bran (3%)"", ""Refined Soyabean Oil"", ""Refined Palmolein Oil"", ""Class 2 Preservative (E282)"", ""Permitted Emulsifier"", ""Acidity Regulator"", ""Antioxidant""]","[""gluten"", ""soybeans""]",[],,
Soy beverage,soy-milky,plant-based-foods-and-beverages,0841541000025,,"[""1litre""]","[""Purified Water"", ""Soybean (20%)""]","[""soybeans""]",[],,
White Oats,bagrry-s,plant-based-foods-and-beverages,8902710100150,,"[""1 kg""]","[""Oats""]","[""gluten""]",[],,
B Natural Mixed fruit 1ltr tpk,itc-limied,plant-based-foods-and-beverages,8901725100025,,"[""12""]","[""Water"", ""Sugar"", ""Banana Puree (6.8%)"", ""Guava Pulp (6.6%)"", ""Pineapple Pulp (3.2%)"", ""Mango Pulp (2.3%)"", ""Pomegranate Juice (0.8%)"", ""Polydextrose (Dietary Fiber) (0.54%)"", ""Litchi Pulp (0.3%)"", ""Acidity Regulator (INS 330)"", ""Stabilizers (INS 440"", ""INS 466)"", ""Nature Identical Flavouring Substances"", ""Natural Flavours and Natural Flavouring Substances"", ""Vitamins and Colours (INS 171"", ""INS 110"", ""INS 102). May Contain Milk"", ""Nut and Soy. Source of Dietary Fibre*"", ""Rich in Vitamin C"", ""Source of Vitamin E""]","[""-""]",[],,https://images.openfoodfacts.org/images/products/890/172/510/0025/front_en.62.400.jpg
mapro mixed fruit jam,mapro,plant-based-foods-and-beverages,8901044200284,,"[""1 kg""]","[""Sugar"", ""Mix Fruit Pulp (Papaya Pulp"", ""Guava Pulp"", ""Banana Pulp"", ""Mango Pulp"", ""Pineapple Pulp"", ""Apple Pulp"", ""Orange Juice"", ""Strawberry Pulp) (45%)"", ""Water"", ""Acidity Regulator (INS-330)"", ""Thickener (INS-440) CONTAINS PERMITTED SYNTHETIC FOOD COLOUR (INS-122) AND ADDED FLAVOURS - NATURAL"", ""NATURE IDENTICAL& ARTIFICIAL FLAVOURING SUBSTANCES (MIX FRUIT) CONTAINS PERMITTED CLASS II PRESERVATIVE(INS-211)""]","[""-""]",[],,
Venezuela Ebony Twist,amul,snacks,8901262070973,,"[""125 g""]","[""COCOA SOLIDS"", ""SUGAR"", ""COCOA BUTTER"", ""PERMITTED EMULSIFIERS (E322"", ""E476).""]","[""-""]",[],,
bhujiya,chatkins,snacks,8901719110740,,"[""400 g""]","[""MOTH DAL FLOUR"", ""REFINED OIL BESAN"", ""IODISED SALT"", ""SPICES & CONDIMENTS"", ""GINGER POWDER"", ""BLACK PEPPER POWDER"", ""CORIANDER SEEDS"", ""FENINEL"", ""CLOVE POWDER"", ""CARDAMOM POWDER"", ""MACE POWDER"", ""CINNAMON POWDER)""]","[""-""]",[],,https://images.openfoodfacts.org/images/products/890/171/911/0740/front_en.4.400.jpg
Soklet,regal-foods-and-beverages,snacks,8906089380304,,"[""50gm""]","[""Cacao beans"", ""Cacao butter"", ""Skimmed Milk Powder""]","[""milk""]",[],,
Froot loops marshmallows,Kellogg's,plant-based-foods-and-beverages,0038000198915,,"[""10.5 oz (297 g)""]","[""sugar"", ""corn flour blend (whole grain yellow corn flour"", ""degerminated yellow corn flour)"", ""wheat flour"", ""whole grain oat flour"", ""modified food starch"", ""contains 2% or less of corn syrup"", ""modified corn starch"", ""dextrose"", ""vegetable oil (hydrogenated coconut"", ""soybean and/or cottonseed)"", ""oat fiber"", ""maltodextrin"", ""salt"", ""natural and artificial flavor"", ""soluble corn fiber"", ""gelatin"", ""yellow 5"", ""red 40"", ""yellow 6"", ""blue 1"", ""bht for freshness. vitamins and minerals: vitamin c (ascorbic acid)"", ""reduced iron"", ""niacinamide"", ""vitamin b6 (pyridoxine hydrochloride)"", ""vitamin b2 (riboflavin)"", ""vitamin b1 (thiamin hydrochloride)"", ""folic acid"", ""vitamin d3"", ""vitamin b12. \r\n\r\ncontains wheat ingredients.""]","[""gelatin"", ""gluten"", ""soybeans""]",[],,
Bru Instant Coffee,bru,beverages-and-beverages-preparations,8901030519017,,"[""10g""]","[""COFFEE 70%"", ""CHICORY 30%""]","[""-""]",[],,https://images.openfoodfacts.org/images/products/890/103/051/9017/front_en.3.400.jpg
Karachi Biscuits Fruit Almond,karachi-bakery,snacks,8906065030131,,"[""400""]","[""refined wheat"", ""hydrogenated vegetable fat"", ""tooth fruit"", ""sugar"", ""milk""]","[""gluten"", ""milk""]",[],,
Tikha Mitha Mix,Balaji Wafers,snacks,8906010500375,,"[""48g""]","[""EDIBLE VEGETABLE OIL (PALMOLEIN"", ""RICE BRAN"", ""CORN"", ""COTTONSEED)"", ""CHICKPEA FLOUR (17%)"", ""**SEASONING (SUGAR"", ""SPICES & CONDIMENTS 4% (CHILLI"", ""CORIANDER"", ""SESAME SEEDS"", ""TURMERIC"", ""BLACK PEPPER"", ""CUMIN"", ""DRY MANGO"", ""Ajwain"", ""BAY LEAVES"", ""CARDAMOM"", ""NUTMEG"", ""MACE"", ""CINNAMON"", ""FENNEL"", ""CURRY LEAVES"", ""GINGER"", ""CLOVE)"", ""EDIBLE COMMON SALT"", ""ACIDITY REGULATOR (INS 330)"", ""RAISING AGENT (INS 500 (1)))"", ""RICE FLAKES (9%)"", ""ROASTED PEANUT (7%)"", ""CHICKPEA  (6%)"", ""REFINED WHEAT FLOUR (MAIDA)"", ""CORN FLAKES"", ""PEAS"", ""RICE FLOUR. **AS SEASONING AGENT""]","[""gluten"", ""peanuts"", ""sesame seeds""]",[],,
Oats Digestive,unibic,oats-digestive-biscuit,19066554,,"[""150 g""]","[""Refined Wheat Flour (Maida)"", ""Eable Vegetable Oil (Palm)"", ""Sugar"", ""Rolled Oats (8%)"", ""Liquid Glucose"", ""Wheat Bran (3%)"", ""Milk Solids"", ""Leavening Agents (INS 500 ii"", ""INS 503 ii)"", ""lodised Salt"", ""Emulsifier (INS 322 from Soy).""]","[""gluten"", ""milk""]",[],,https://images.openfoodfacts.org/images/products/000/001/906/6554/front_en.3.400.jpg
Ajwain,good-life,plant-based-foods-and-beverages,8902901222517,,"[""200g""]","[""Ajwain""]","[""-""]",[],,
"truffle selection, orange",sapphire,snacks,8906097549052,,"[""440g""]","[""Sugar"", ""Refined Hydrogenated Vegetable Fat (Palm)"", ""Milk Solids"", ""Maltodextrin"", ""Cocoa Powder"", ""Emulsifiers (INS 322"", ""INS 476)"", ""Edible Common Salt"", ""Food Color"", ""Flavors. CONTAINS PERMITTED SYNTHETIC FOOD COLOUR (SUNSET YELLOW-INS 110) AND ADDED FLAVOUR (NATURE IDENTICAL FLAVOURING SUBSTANCE - ORANGE"", ""ARTIFICIAL FLAVOURING SUBSTANCE - MILK).""]","[""milk"", ""orange""]",[],,
Coconut Chutney Powder,brahmins,powder,8906014082266,,"[""150 g""]","[""Dessicated Coconut"", ""Black Gram"", ""tamarind"", ""Chilly powder"", ""Salt"", ""Curry Leaves"", ""Rosemary""]","[""-""]",[],,https://images.openfoodfacts.org/images/products/890/601/408/2266/front_en.3.400.jpg
Cooked Kabuli Chana,freshcon,plant-based-foods-and-beverages,8906195000011,,"[""250g""]","[""Chick Peas""]","[""-""]",[],,
RKG Pure Cow Ghee,rkg,dairies,8901745100012,,"[""1 Litre""]","[""COW'S MILK FAT 99.9%""]","[""-""]",[],,
Flipkart Grocery Classic Mustard (Rai Small),flipkart-grocery,plant-based-foods-and-beverages,8904293709232,,"[""200 g""]","[""Mustard (Rai Small)""]","[""mustard""]",[],,https://images.openfoodfacts.org/images/products/890/429/370/9232/front_en.5.400.jpg
Select Dates,api-s,plant-based-foods-and-beverages,8906021925716,,"[""500 g""]","[""Dates""]","[""-""]",[],,
Malai Kulfi,cream-pot,desserts,8906082370388,,"[""70 ml""]","[""Milk and Sugar""]","[""milk""]",[],,
Aashirvaad Instant Khatta Meetha Poha,Aashirvaad,snacks,8901725114015,,"[""60g""]","[""Rice Flakes (62.2%)"", ""Sugar (7.6%)"", ""Refined Palm Oil"", ""Peanut (5.6%)"", ""Raisin"", ""lodized Salt"", ""Dehydrated Onion (2.3%)"", ""Green Chilli Paste (1.8%)"", ""Dehydrated Potato"", ""Spices and Condiments"", ""Curry Leaves (0.5%)"", ""Coriander Leaves (0.5%)"", ""Proso Millet (0.5%)"", ""Foxtail Millet (0.5%)"", ""Barnyard Millet (0.5%)"", ""Kodo Millet (0.5%)"", ""Quinoa (0.5%)"", ""Dried Mango Powder (0.4%) Acidity Regulator (INS 296) and Antioxidant (INS 300).""]","[""peanuts""]",[],,https://images.openfoodfacts.org/images/products/890/172/511/4015/front_en.3.400.jpg
Aarogya  Multi Grain Biscuits,patanjali,snacks,8904422711303,,"[""68g""]","[""Wheat flour (Atta) 52.76%"", ""Edible vegetable oil (Palm Oil)"", ""Sugar"", ""Invert sugar syrup"", ""Mixed Flours (Barley 1.1%"", ""Water Chestnut 0.55%"", ""Black Gram 0.41%"", ""Jowar 0.27%"", ""Amaranth"", ""Maize 0.21%)"", ""Dextrose"", ""Wheat Bran"", ""Sweetened Condensed Milk"", ""Skimmed milk powder"", ""lodized salt"", ""Raising agents (503)"", ""500)"", ""Honey"", ""Nature identical & Artificial flavouring substances  (Honey & Butter)"", ""Emulsifier (INS 322)"", ""INS 472e)"", ""Dehydrated Vegetable Powder (Tomato Powder 0.14%"", ""Carrot Powder 0.07%)"", ""Butter"", ""Dough conditioner (INS 223).""]","[""gluten"", ""milk""]",[],,
Lemon Cranberry Protein Bar,the-whole-truth,dietary-supplements,8906143890404,,"[""52g""]","[""Amonds kernels"", ""cashews kernels"", ""dates"", ""whey protein concentrate"", ""cranberries"", ""Cocoa butter"", ""lemon oil""]","[""milk""]",[],,
Sundrop Superlite Advanced Refined Sunflower Oil,sundrop,plant-based-foods-and-beverages,8901512102904,,"[""1L (910 g)""]","[""Refined Edible Sunflower Oil"", ""Antioxidant (TBHQ)"", ""Antifoaming Agent [Dimethyl Polysiloxane (DMPS) Vitamin A and Vitamin D2.""]","[""-""]",[],,
MTR Veggie Upma,mtr,snacks,8901042968940,,"[""60g""]","[""Wheat semolina (72%)"", ""Interesterified vegetable fat"", ""lodised salt"", ""Dehydrated carrot (2.9%)"", ""Green chilli (2.1%)"", ""Ginger"", ""Sugar"", ""Maltodextrin (Corn)"", ""Curry leaves"", ""Mustard"", ""Bengal gram splits"", ""Dehydrated onion"", ""Anticaking agent (INS 551)"", ""Acidity regulators (INS 330 & 334)"", ""Natural and nature identical flavouring substance.""]","[""gluten"", ""mustard""]",[],,https://images.openfoodfacts.org/images/products/890/104/296/8940/front_en.14.400.jpg
Max Protein Ultimate,rite-bite,dietary-supplements,8906009532158,,"[""100gm""]","[""Protein Blend (38%) (Soy Nuggets"", ""Whey Protein Concentrate"", ""Calcium Caseinate)"", ""Dietary Fiber (17%) (Fructooli - gosacharide)"", ""Dark Compound No Added Sugar (12%) (Maltitol"", ""Edible Vegetable Fat (Hydrogenated)"", ""Cocoa Solids"", ""Milk Solids. Emulsifier (Soy Lecithin))"", ""Maltitol"", ""Cranberries (7"", ""5%)"", ""Rice Bran Oil"", ""Strawberry Preserve (6%) (No Added Su Rolled Oats Humectant (Glycerine)"", ""Yongar)"", ""Whole Grain uft Powder"", ""Flaxseeds"", ""Emulsifier (Soy Lecithin)"", ""Soy Protem Isolate"", ""Binding Agent (Guar Gum)"", ""Salt and Citric Acid"", ""Antioxidants (Vitamin C)"", ""Added Vitamins"", ""Minerals"", ""Glutamine and Amino Acids. CONTAINS ADDED FLAVOURS (NATURAL AND NATURE IDENTICAL FLAVOUR(S)) rawberry Flavour Vitamin & Vit E 5ma VitK 13.7 Vit B3 2.7 Vit B9 30 Calcium Seleni 51mg BCAA L-Is Γ""]","[""milk"", ""soybeans""]",[],,
5star pack of 6,cadbury,snacks,7622202218262,,"[""108 g""]","[""Sugar"", ""Liquid Glucose"", ""Milk Solids"", ""Invert Sugar"", ""Hydrogenated Oil"", ""Cocoa Butter"", ""Cocoa Solids"", ""Fractionated Fat"", ""Emulsifiers (442"", ""471"", ""476)"", ""Hydrolyzed Vegetable Protein"", ""lodised Salt"", ""Flavours (Natural"", ""Nature Identical and Artificial (Caramel and Vanilla) Flavouring Substances). Allergen Information: Contains Milk"", ""Soy"", ""Sulphites. May Contain Peanut"", ""Wheat"", ""Barley and Tree Nut.""]","[""milk"", ""soybeans"", ""sulphur dioxide and sulphites""]",[],,
The Natural Eggs,the-natural-eggs,farming-products,0121234415146,,"[""10 N""]","[""Eggs""]","[""eggs""]",[],,https://images.openfoodfacts.org/images/products/012/123/441/5146/front_en.3.400.jpg
Doritos Nacho Cheese Flavours,Doritos,snacks,8901491990080,,"[""75 g""]","[""Corn (77%)"", ""Edible Vegetable Oil (Palmolein Oil)"", ""Milk Solids (3.1%) (Whey Powder"", ""Cheese Powder"", ""Skimmed Milk Powder)"", ""Wheat Flour"", ""Salt"", ""*Spices & Condiments (Onion Powder"", ""Spice Extract"", ""Pepper Powder"", ""Chilli Powder"", ""Garlic Powder)"", ""Tomato Powder"", ""Sugar"", ""Citric Acid (INS 330) CONTAINS ADDED FLAVOURS (NATURAL AND ARTIFICIAL (BUTTER) FLAVOURING SUBSTANCES)""]","[""gluten"", ""milk""]",[],,
Oats,kellogs,plant-based-foods-and-beverages,8901499007704,,"[""35g""]","[""Rolled Oats (100%)""]","[""-""]",[],,
Walnuts,proventus-retail-pvt-ltd,dry-fruits,8908011491119,,"[""500 g""]","[""whole walnut""]","[""nuts""]",[],,https://images.openfoodfacts.org/images/products/890/801/149/1119/front_en.5.400.jpg
Nescafe Sunrise,nescafe,beverages-and-beverages-preparations,8901058013061,,"[""190g""]","[""Coffee beans (60%) & Chicory""]","[""-""]",[],,
Dubai Kunafa Cheese Cake,ditch-the-guilt,snacks,8904042350067,,"[""40 g""]","[""Cocoa Butter"", ""Cocoa Butter Equivalent"", ""Maltitol"", ""Erythritol"", ""Whey Protein"", ""Pea Protein"", ""Vermicellin"", ""Pistachio"", ""Wheat Flour"", ""Coconut Oil"", ""Vanilla Pod"", ""Monk Fruit""]","[""gluten"", ""milk"", ""nuts"", ""milk""]",[],,
Cajun Spice Mix,keya,plant-based-foods-and-beverages,8906066208683,,"[""95 g""]","[""Iodised Salt"", ""Spices & Condiments(Garlic"", ""Onion"", ""Black Pepper)"", ""Sugar"", ""Refined Wheat Flour (Maida)"", ""Maltodextrin"", ""Tamarind Powder"", ""Starch"", ""Mixed Herbs(Oregano"", ""Parsley"", ""Basil)"", ""Acidity Regulator (INS330)"", ""Yeast Extract Powder"", ""Hydrolysed Vegetable Protein (Soya)"", ""Anti Caking Agent (INS551)"", ""Flavour Enhancer(INS627"", ""INS631)"", ""Natural Colour (INS150a).""]","[""gluten"", ""soybeans"", ""gluten""]",[],,https://images.openfoodfacts.org/images/products/890/606/620/8683/front_en.3.400.jpg
A2 Set Curd,organic-mandya,dairies,8906083037020,,"[""500 g""]","[""A2 Milk and Active Culture""]","[""milk""]",[],,
Masala Sev Murmura,gopal-namkeen,snakes-and-savouries,8906078720289,,"[""250 g""]","[""PUFFED RICE (32%)"", ""GRAM FLOUR (26%)"", ""EDIBLE VEGETABLE OIL (PALMOLEIN OIL) (35%)"", ""SPICES & CONDIMENTS (RED CHILLI POWDER (3%)"", ""GARLIC (2%)) AND EDIBLE COMMON SALT.""]","[""-""]",[],,
Marble Cake Sliced,winkies,snacks,8906005610683,,"[""120 g""]","[""Wheat Flour"", ""Eggs"", ""Sugar"", ""Edible/Hydrogenated Vegetable Oils"", ""Humectants (422"", ""420)"", ""Water"", ""Invert Syrup"", ""Cocoa Solids"", ""Butter"", ""Emulsifiers (471"", ""491"", ""1520)"", ""Raising Agent [500 (ii)] & Baking Powder"", ""Edible Common Salt"", ""Class II Preservative (200)"", ""Acidity Regulator (330)"", ""Stabilizer (415). Contains Permitted Natural Colour(s) (150d) and Flavour(s) [Artificial Flavouring Substances (Chocolate and Vanilla)]. Hydrogenated vegetable fat used – contains trans fats.""]","[""eggs"", ""gluten"", ""milk""]",[],,https://images.openfoodfacts.org/images/products/890/600/561/0683/front_en.6.400.jpg
Bhendi,more,plant-based-foods-and-beverages,0000101403175,,"[""500g""]","[""Bhendi""]","[""-""]",[],,
Karachi Bakery Rose Shortbread Biscuit,karachi-bakery,snacks,8906074820525,,"[""250g""]","[""Refined Wheat flour (Maida)"", ""Sugar"", ""Butter"", ""Edible Vegetable Fat"", ""Rose Petals"", ""Almonds (4%). CONTAINS ADDED FLAVOUR (NATURAL IDENTICAL ARTIFICIAL FLAVOURING AGENT-ROSE)""]","[""gluten"", ""milk"", ""nuts""]",[],,
Twin Cities Curd Chillies,twin-cities,snacks,0000491126685,,"[""100g""]","[""Green Chillies"", ""Butter Milk"", ""Iodised Salt""]","[""-""]",[],,https://images.openfoodfacts.org/images/products/000/049/112/6685/front_en.3.400.jpg
Celnutra 2.0,nucgnex,dairies,8908023008022,,"[""400 g""]","[""Whey Protein Concentrate (Instant)"", ""Whey Protein Hydrolysate"", ""MCT powder"", ""Resistant Maltodextrin (NUTRICE** 06)"", ""Com Powder"", ""Inulin"", ""Fructooligosaccharides (FOS)"", ""Choline bi-tartrate"", ""L-Carnitine"", ""L-Taurine"", ""Lactobacillus ac CONTAINS ADDED FLAVOUR (ARTIFICIAL FLAVOURING SUBSTANCE) - VANILLA. Vitamins"", ""Minerals and Sweetener (INS 955). Appropriate overages of vitamins & minerals added to compensate the loss of potency during storage. (1) Contains sucralose. (2) Not recommended for children. (3) No sugar added in the product. This product is by its nature gluten free. NOT FOR MEDICINAL USE FOOD FOR SPECIAL DIETARY USE. FOOD FOR HELPING SUPPORT RECOVERY. CONTAINS ARTIFICIAL SWEETENER AND FOR CALORIE CONSCIOUS""]","[""milk""]",[],,
Maggi 2-minutes Noodles,Nestlé,plant-based-foods-and-beverages,8901058851298,,"[""70 g""]","[""Noodles : Refined wheat flour"", ""Palm oil"", ""salt"", ""Wheat gluten"", ""Thickeners(508 & 412)"", ""mineral(calcium carbonate) and Humectant(451(i))\r\nTaste maker : Hydrolyzed peanut protein"", ""Mixed spices(23.6%)"", ""Dehydrated onion"", ""coriander powder"", ""red Chili powder (3%)"", ""Turmeric powder"", ""dried Garlic (2.5%)"", ""Cumin powder"", ""Aniseed powder"", ""Fenugreek powder"", ""ginger powder"", ""black pepper powder (0.4%)"", ""Clove powder(0.1%)"", ""green cardamom powder(0.1%)"", ""nutmeg powder"", ""Noodle powder ( refined wheat flour"", ""palm oil"", ""wheat gluten"", ""Acid regulators(170(i)"", ""501(i) & 500(i))"", ""Thickeners(508 & 412)"", ""Humectant(451(i))"", ""calcium carbonate"", ""guar gum)"", ""starch"", ""garlic powder"", ""caramel salt mix (salt"", ""color(150d)"", ""& palm oil)"", ""acidity regulators(330 & 500(ii))"", ""Flavour enhancer(635) and mineral ( ferric pyrophosphate)""]","[""gluten""]",[],,
Thumsup,cola,beverages-and-beverages-preparations,8901764042706,,"[""740ml""]","[""CARBONATED WATER"", ""SUGAR"", ""ACIDITY REGULATOR (E 338)"", ""CAFFEINE(8.3 mg/100 g)"", ""SWEETENER (E 960)"", ""COLOUR (E 150d)"", ""ARTIFICIAL (COLA) FLAVORING SUBSTANCES)""]","[""-""]",[],,https://images.openfoodfacts.org/images/products/890/176/404/2706/front_en.26.400.jpg
Bournvita,cadbury,beverages,8901233018362,,"[""25g""]","[""Malt Extract (51%)"", ""Sugar"", ""Cocoa Solids"", ""Caramel"", ""Liquid Glucose"", ""Protein Isolate"", ""Maltodextrin"", ""Milk Solids"", ""Vitamins"", ""Emulsifiers (322"", ""471)"", ""Raising Agent (500(i))"", ""Minerals"", ""Edible Salt. CONTAINS PERMITTED NATURAL COLOUR (150C) AND ADDED FLAVOUR (ARTIFICIAL (ETHYL VANILLIN) FLAVOURING SUBSTANCES. Allergen information: Contains Milk"", ""Wheat"", ""Barley"", ""Sulfites""]","[""gluten"", ""milk"", ""sulphur dioxide and sulphites""]",[],,
Vedaka Thick Poha,vedaka,poha,8903023006283,,"[""1 kg""]","[""Thick Poha""]","[""-""]",[],,
Vedaka Roasted Chana Whole,vedaka,plant-based-foods-and-beverages,8903023010815,,"[""500g""]","[""Roasted Chana Whole""]","[""-""]",[],,https://images.openfoodfacts.org/images/products/890/302/301/0815/front_en.3.400.jpg
bingo,bingo,hh,8901725193119,,"[""1""]","[""Water"", ""Sugar"", ""Orange Juice (11. 8%)"", ""Acidity Regulators (330"", ""331) And Antioxidants (300). Contains Permitted Synthetic Food Colours (110"", ""102) & Added Orange Flavours (Natural"", ""Nature-Identical And Artificial Flavouring Substances). Contains Fruit.""]","[""-""]",[],,
Hemp beer,cannabia,beverages-and-beverages-preparations,4021912006023,,"[""33 cl""]","[""water"", ""organic barley"", ""organic sugar"", ""organic hemp"", ""organic hops""]","[""gluten""]",[],,
Rooh Afza,hamdard,beverages-and-beverages-preparations,8901453000024,,"[""750 ml""]","[""Sugar syrup 87.8%"", ""{Sugar"", ""Water"", ""Acidity regulator (INS 330)} Distillate of (Nilofer"", ""Dhaniya"", ""Khas"", ""Gulab"", ""Kasni"", ""Chhareela"", ""Gaozaban"", ""Pudina"", ""Sandal Safaid"", ""Gajar"", ""Munakka) 4.5% Pineapple Juice 2.5%"", ""Orange Juice 1.0%"", ""preservative (INS 211)"", ""Distillate of Kewada and Gulab used as natural flavoring agent""]","[""-""]",[],,
Garlic 100% Veggie Chips,snackwise,snacks,8904406116735,,"[""text""]","[""Garlic and Edible Oil""]","[""-""]",[],,https://images.openfoodfacts.org/images/products/890/440/611/6735/front_en.6.400.jpg
Hershey's spreads,hershey-s,snacks,8901071701372,,"[""350 g""]","[""Sugar"", ""Edible vegetable oil (palm oil)"", ""Milk solids"", ""Cocoa solids (4.7%)"", ""Älmond paste (3.0%)"", ""Antioxidant 3220"", ""Hydrogenated vegetable fat (palm oil & sesame oil) and Edible common salt. Carbohy (of whic Protein Fat""]","[""milk"", ""nuts"", ""sesame seeds""]",[],,
veggiee fingers,mccain,frozen-foood,8906000610930,,"[""175g""]","[""vegetable70%(potato"", ""corn"", ""carrot"", ""peas)"", ""bread crumb"", ""iodised salt"", ""Maida"", ""yeast"", ""ins282"", ""ins466"", ""ins300"", ""riceflakes"", ""corn flour"", ""spices and condiments"", ""parsley""]","[""gluten""]",[],,
dsdsds,bfgfg,beverages-and-beverages-preparations,12345678,,"[""0.33l""]","[""Potatoes"", ""Vegetable Oil Contains One Or More Of The Following: Corn"", ""Cottonseed"", ""Soybean"", ""Sunflower"", ""Seasoning Whey"", ""Nonfat Dry Milk"", ""Dextrose"", ""Maltodextrin"", ""Buttermilk Solids"", ""Salt"", ""Dehydrated Onion"", ""Sugar"", ""Butter Cream"", ""Salt"", ""Sour Cream Cream"", ""Nonfat Milk"", ""Cultures"", ""Monosodium Glutamate"", ""Corn Syrup Solids"", ""Citric Acid"", ""Parsley"", ""Artificial Flavor"", ""Malic Acid"", ""Sodium Diacetate"", ""Lactose"", ""Salt.""]","[""milk"", ""soybeans""]",[],,https://images.openfoodfacts.org/images/products/000/001/234/5678/front_en.102.400.jpg
Waffy Chocolate,dukes,snacks,8901972058612,,"[""60 g""]","[""REFINED WHEAT FLOUR (MAIDA)"", ""SUGAR"", ""REFINED PALM OIL"", ""HYDROGENATED OILS"", ""MALTODEXTRIN"", ""COCOA SOLIDS (1.5 %)"", ""EMULSIFIER [INS 322(1)]"", ""ARTIFICIAL FLAVOURING SUBSTANCES (CHOCOLATE"", ""VANILLA)"", ""IODIZED SALT"", ""RAISING AGENT [INS 500 (ii)]"", ""COLOUR (INS 150d)"", ""FLOUR TREATMENT AGENTS (INS 223"", ""INS 1100"", ""INS 1101).""]","[""gluten"", ""soybeans"", ""sulphur dioxide and sulphites""]",[],,
Potato crackers,bombay-sweets,snacks,0890979002019,,"[""22g""]","[""potato flakes"", ""potato starch"", ""wheat flour"", ""refined veg oil & spices(chilli powder"", ""cardamon"", ""cinnamon et cetera""]","[""gluten""]",[],,
Maxim Mocha gold,dongsuh-foods-corp,beverages-and-beverages-preparations,8801037006391,,"[""240 g""]","[""Coffee [maxim mocha gold mild (roasted bean: peru 35%"", ""columbia 20%)]"", ""sugar"", ""non-dairy creamer (corn syrup"", ""hydrogenated vegetable oil"", ""casein"", ""dipotassium phosphate"", ""tricalcium phosphate).""]","[""milk""]",[],,https://images.openfoodfacts.org/images/products/880/103/700/6391/front_en.16.400.jpg
Ghiotti Fusilli,ghotti,plant-based-foods-and-beverages,9421007140468,,"[""500g""]","[""durum wheat semulina. Contains gluten.""]","[""gluten""]",[],,
Dodla Ghee,dodla,dairies,8906024482032,,"[""1L""]","[""Milk Fat""]","[""milk""]",[],,
Jain Misal,eat-easy,meals,0706502578329,,"[""85g""]","[""Dew beans (29%)"", ""Edible Vegetable Oil (Palm)"", ""Tomato"", ""Peas"", ""Groundnuts"", ""Jaggery"", ""Mustard Seeds"", ""Red Chilli"", ""Edible Common Salt"", ""Tamarind Powder"", ""Sugar"", ""Lemon Powder"", ""Curry Leaves"", ""Other Spices and Condiments""]","[""mustard""]",[],,
Lalbaba miniket rice,lalbaba,plant-based-foods-and-beverages,8908015382284,,"[""10 kg""]","[""Rice""]","[""-""]",[],,https://images.openfoodfacts.org/images/products/890/801/538/2284/front_en.7.400.jpg
Cold pressed coconut oil,hareena,plant-based-foods-and-beverages,8906040980604,,"[""500 Ml""]","[""Coconut""]","[""-""]",[],,
Chocolate Peanut Butter,disano,plant-based-foods-and-beverages,8904320075446,,"[""350 g""]","[""Roasted Peanut (83%)"", ""Dark Chocolate (10%)"", ""Sugar"", ""Stabilizer (INS 471)"", ""lodised Salt.\nAllergen Information: Contains Nuts. Manufactured in facility that also processes milk.""]","[""nuts"", ""peanuts""]",[],,
Mom's Magic Ghee Roasted Cashew & Almond Biscuits,sunfeast,snacks,8909081008238,,"[""54.4 g""]","[""MAIDA (REFINED WHEAT FLOUR)"", ""SUGAR"", ""REFINED PALM OIL"", ""INVERT SYRUP"", ""NUTS (0.9%) [CASHEWS NUTS (0.85%)"", ""ALMONDS(0.05%)]"", ""RAISING AGENTS [500(ii)"", ""503(ii)"", ""450(i)]"", ""IODIZED SALT"", ""NATURE IDENTICAL FLAVOURING SUBSTANCES (BUTTER"", ""NUT"", ""VANILLA"", ""MILK)"", ""EMULSIFIERS [MONO AND DIGLYCERIDES OF FATTY ACIDS (FROM PALM OIL)"", ""LECITHIN (FROM SOYABEAN)"", ""DIACETYLTARTARIC AND FATTY ACID ESTERS OF GLYCEROL (FROM SUNFLOWER AND PALM OIL)]"", ""ARTIFICIAL FLAVOURING SUBSTANCES (BUTTER)"", ""GHEE (0.01%)"", ""FLOUR TREATMENT AGENT (223)"", ""COLOUR (150a).\nCONTAINS WHEAT"", ""SOY"", ""NUT"", ""MILK"", ""SULPHITE.""]","[""gluten"", ""milk"", ""nuts"", ""soybeans"", ""sulphur dioxide and sulphites""]",[],,https://images.openfoodfacts.org/images/products/890/908/100/8238/front_en.4.400.jpg
Too Yumm! Namkeen - All In One,Too Yumm,snacks,8906090574556,,"[""400 g""]","[""Edible Vegetable Oil (Rice Bran)"", ""Gram Flour (13.6%)"", ""Rice Flake (11.8%)"", ""Corn Flakes (9.9%)"", ""Seasoning (Sugar"", ""Iodised Salt"", ""&quot"", ""Spices & Condiments [Fennel (5.5%)]"", ""Acidity Regulator (INS 330). Natural And Nature Identical Flavouring Substance Anticaking Agent (INS 551)}"", ""Peanuts (6.5%)"", ""Starch"", ""Rice Flo (4.3%)"", ""Split Bengal Gram (3.7%)"", ""Pea Flour (3.3%)"", ""Flattened Bengal Gram (2.5%)"", ""Lentil (1.9%)"", ""Cashew Nuts (0.9%)"", ""Raisins (0.8%)"", ""Turmeric Powder"", ""Split Green Gram (0.5%)"", ""Coriander Seeds (0.4%)"", ""Iodised Salt"", ""Sago (0.2%)"", ""Red Chilli Powder""]","[""nuts"", ""peanuts""]",[],,
California Almonds,farmley,plant-based-foods-and-beverages,8906120101653,,"[""250 g""]","[""Almond Kernels (Badaam Giri)""]","[""-""]",[],,
Kitkat mini chocolate coated wafer,kitkat,snacks,8901058005233,,"[""11.9g""]","[""Sugar"", ""Milk Solids. Fractionated vegetable Fat"", ""Hydrogenated Vegetable fats"", ""Refined Wheat flour (Maida)"", ""Cocoa solids (4.5%)"", ""Emulsifier (Soya lecithin)"", ""Yeast"", ""Raising agent"", ""Artificial flavouring substance (vanilla)"", ""Iodised salt"", ""Flour treatment agent (516) and Nature Identical flavoring substance""]","[""gluten"", ""milk"", ""soybeans""]",[],,https://images.openfoodfacts.org/images/products/890/105/800/5233/front_en.26.400.jpg
Spicy Garlic 2 Minute Noodles,Maggi,plant-based-foods-and-beverages,8901058002683,,"[""248 g""]","[""Refined wheat flour (Maida)"", ""Palm oil"", ""lodized salt"", ""Wheat gluten"", ""Thickeners (508&412)"", ""Acidity regulators (501 (i) & 500 (i)) and Humectant (451). Masala *TASTEMAKERⓇ: Mixed Spices (55.7%) (Garlic powder (36.4%)"", ""Red chilli flakes"", ""Onion powder"", ""Spice extract blend"", ""Curry spice extract blend"", ""Star anise powder Rosemary extract & Capsicum extract)"", ""Sugar"", ""lodized salt"", ""Thickener (508)"", ""Flavour enhancer (635)"", ""Palm oil"", ""Starch and Acidity regulator (330). Allergen Note: Contains Wheat and Sesame. May Contain Oats"", ""Milk and Soy.""]","[""gluten"", ""sesame seeds""]",[],,
coolberg high on strawberry,coolberg,beverages-and-beverages-preparations,8904304365730,,"[""330ml""]","[""CARBONATED WATER"", ""SUGAR"", ""BARLEY MALT"", ""ACIDITY REGULATOR (INS 330)"", ""HERBS (QUILLAJA EXTRACT INS 999)"", ""PERMITTED CLASS II PRESERVATIVES (INS 211) PERMITTED NATURAL FOOD COLOUR (INS 150d) AND ADDED FLAVOURS (NATURAL NATURE IDENTICAL AND ARTIFICIAL FLAVOURING SUBSTANCES-STRAWBERRY)""]","[""gluten""]",[],,
Bucket Jaggery,rampura,jaggery,8906099250000,,"[""500 g""]","[""Jaggery""]","[""-""]",[],,https://images.openfoodfacts.org/images/products/890/609/925/0000/front_en.4.400.jpg
ABC for Detox,divine-foods,beverages-and-beverages-preparations,8902451014853,,"[""250g""]","[""Apple Powder"", ""Beetroot Powder"", ""Carrot Powder"", ""Almond"", ""Cashew Nut"", ""Malt Extract"", ""Cardamom"", ""Cane Jaggery""]","[""nuts""]",[],,
Mustard Seeds (Rai) Small,vedaka,plant-based-foods-and-beverages,8903023048016,,"[""200 g""]","[""Mustard Seeds""]","[""mustard""]",[],,
Cluster Beans,more,plant-based-foods-and-beverages,0000101481737,,"[""250g""]","[""Cluster Beans""]","[""-""]",[],,
Korean Ramen,Knorr,plant-based-foods-and-beverages,8901030976735,,"[""96 g""]","[""NOODLES: REFINED WHEAT FLOUR (MAIDA THICKENER-1420"", ""PALM OIL/PALMOLEIN"", ""WHEAT GLUTEN"", ""POTATO STARCH"", ""IODISED SALT"", ""YEAST"", ""ACIDITY REGULATOR-500(i) AND 501(i)"", ""TEXTURIZER - 451(i). SEASONING: IODISED SALT"", ""#DEHYDRATED VEGETABLES (CABBAGE"", ""ONION"", ""GINGER)"", ""FLAVOUR ENHANCER - 627 & 631"", ""MILK SOLIDS"", ""POTATO STARCH"", ""SPICES AND CONDIMENTS (CHILLI POWDER (0.8%))"", ""OLEORESIN CHILLI"", ""SUGAR"", ""MALTODEXTRIN"", ""FLAVOURS - NATURE IDENTICAL FLAVOURING SUBSTANCES AND NATURAL GARLIC FLAVOUR"", ""ANTICAKING AGENT - 551"", ""HYDROLYZED VEGETABLE PROTEIN. #DEHYDRATED VEGETABLES (3.1%): CABBAGE"", ""SPRING ONION"", ""MUSHROOM"", ""BROCCOLI"", ""BELL PEPPER"", ""ZUCCHINI. CONTAINS WHEAT AND MILK. MAY CONTAIN TRACES OF MUSTARD"", ""CELERY"", ""SOYA & NUTS.""]","[""gluten"", ""milk""]",[],,https://images.openfoodfacts.org/images/products/890/103/097/6735/front_en.22.400.jpg
Mixed Pickle,imli-tree,plant-based-foods-and-beverages,8905507003146,,"[""400g""]","[""Fruit & Vegetable (65%)[Mango (22%)"", ""Carrot (20%)"", ""Lime (11%) Green Chilli]"", ""Brine"", ""Iodized Salt"", ""Edible Vegetable Oil (Mustard Oil)"", ""Spices & Condiments (7.2%) Mustard Seeds"", ""Fenugreek"", ""Turmeric"", ""Red Chill Powder (2%)"", ""Fennel (1.5%)"", ""Nigella Seed"", ""Coriander & Bishop seed"", ""Asafoetida"", ""Acidity Regulator (INS 260) & Preservative (INS 211)""]","[""mustard""]",[],,
Coca-Cola 1.25L,the-coca-cola-company,beverages-and-beverages-preparations,8901764012808,,"[""1,25l""]","[""Sugar"", ""salt"", ""caramel e120"", ""cola.""]","[""-""]",[],,
Yippee noodles,sunfeast,plant-based-foods-and-beverages,8909081006388,,"[""48g""]","[""Instant Noodles: Maida (Refined Wheat Flour) (78.7%)"", ""*Edible Vegetable Oil"", ""lodized Salt"", ""Wheat Gluten (0.4%)"", ""Thickeners (508"", ""412)"", ""Acidity Regulators [501(1)"", ""500(i)]"", ""Stabilizer [339(ii)]. Seasoning: Masala Mix: Dehydrated Vegetables [Beans (9.5%)"", ""Carrot (7.1%)"", ""Onion (4.6%)"", ""Cabbage (3.8%)]"", ""Instant Noodle Powder Maida (Refined Wheat Flour) (15.9%)"", ""*Edible Vegetable Oil"", ""lodized Salt"", ""Wheat Gluten (0.07%)}"", ""Spices and Condiments (17.6%) [Garlic"", ""Coriander"", ""Cumin"", ""Dried Ginger"", ""Chillies"", ""Aniseed"", ""Fenugreek"", ""Black Pepper"", ""Cardamom"", ""Nutmeg"", ""Caraway"", ""Cinnamon"", ""Cloves"", ""Turmeric]"", ""Sugar"", ""lodized Salt"", ""Hydrolyzed Vegetable Protein (Defatted Soya"", ""Maltodextrin)"", ""Natural Flavours and Natural Flavouring Substances"", ""Yeast Extract"", ""Acidity Regulator (330)"", ""Nature Identical Flavouring Substances"", ""Flavour Enhancer (635). *To know the specific type of oil(s) used"", ""match the symbol (^ or ^^) with the last character of batch number wherein * denotes Refined Palm Oil"", ""MA denotes the blend of oils Refined Rice Bran Oil"", ""Refined Palm Oil. Contains Wheat"", ""Soy. May Contain Milk"", ""Nut.""]","[""gluten"", ""soybeans""]",[],,https://images.openfoodfacts.org/images/products/890/908/100/6388/front_en.5.400.jpg
Pistachios,sevenrise,plant-based-foods-and-beverages,8111100921842,,"[""100 g""]","[""Pista""]","[""-""]",[],,
Gujarat Gold MAKKA POUHA,dmart,plant-based-foods-and-beverages,8908002811001,,"[""400 gm""]","[""Groundnut""]","[""-""]",[],,
All Natural Panchmeva,farmley,plant-based-foods-and-beverages,8906163831043,,"[""21g""]","[""Almonds"", ""Cashew Nuts"", ""Dried Dates"", ""Black Raisins"", ""Green Raisins. ALLERGEN CAUTION: Contain tree nuts. This product has bee packed in an integrated nuts & dried fruits processing unit and may contain traces of other nuts or dried fruits.""]","[""nuts""]",[],,https://images.openfoodfacts.org/images/products/890/616/383/1043/front_en.5.400.jpg
Halirams Bhujiya sev 1kg,haldiram-s,plant-based-foods-and-beverages,8904004400069,,"[""1 kg""]","[""Tapary Beans Flour (43%)"", ""Edible Vegetable Oil"", ""Gram Pulse Flour (12%)"", ""Edible Common Salt Powder"", ""Black Pepper Powder"", ""Ginger Powder"", ""Clove Powder"", ""Mace Powder"", ""Nutmeg Powder & Cardamom Powder""]","[""-""]",[],,
sugar,madhur,sweeteners,8906026900022,,"[""1 kg""]","[""sugar""]","[""-""]",[],,
Hide & Seek Black Bourbon,parle,snacks,8901719112492,,"[""100 g""]","[""SUGAR*"", ""REFINED WHEAT FLOUR (MAIDA)"", ""REFINED PALM OIL"", ""COCOA SOLIDS (7.5%)"", ""INVERT SUGAR SYRUP"", ""IODISED SALT"", ""RAISING AGENTS [503 (ii)"", ""500 (ii)) AND EMULSIFIER OF VEGETABLE ORIGIN I SOY LECITHIN ]. CONTAINS PERMITTED NATURAL COLOUR [ 150d) AND ADDED FLAVOURS (ARTIFICIAL FLAVOURING SUBSTANCES-CHOCOLATE"", ""VANILLA). *INCLUDING 2% AS SPRINKLED SUGAR CONTAINS:WHEAT AND SOY""]","[""gluten"", ""soybeans""]",[],,https://images.openfoodfacts.org/images/products/890/171/911/2492/front_en.10.400.jpg
Lipton green tea honey lemon,lipton,plant-based-foods-and-beverages,8901030577697,,"[""25 N * 1.6 g""]","[""Flavoured grean tea. Lemon max 10%. Honey max 6%.""]","[""-""]",[],,
Saffola Masala Veggie Twist Oats,Saffola,plant-based-foods-and-beverages,8901088068758,,"[""38 g""]","[""Bled Oats (73.6%)"", ""Maltodextrin"", ""lodised Salt"", ""Dried Vegetables Carot (1.6%). Green Peas (1.15%)"", ""French Beans (0.7%)"", ""Onion Pader Sugar"", ""Desiccated Coconut Powder"", ""Spice & Condiments 30%) (Chilly. Turmeric"", ""Ginger"", ""Cardamom"", ""Cinnamon"", ""Curry ves Garlic)"", ""Milk Solids"", ""Tomato Powder (1.2%)"", ""Hydrolysed hrtable Protein"", ""Yeast Extract"", ""Acidity Regulator (INS 330)"", ""Rovour Enhancers (INS 631"", ""INS 627)"", ""Colour (INS 100)"", ""are-identical Flavouring Substances.""]","[""milk"", ""contains-oats"", ""soy-nut""]",[],,
mom chinese fried rice,alimento-agro,plant-based-foods-and-beverages,8906084410617,,"[""87 g""]","[""Rice"", ""Spices & Condiment"", ""Soy Sauce"", ""Garlic"", ""Onion"", ""Green Peas"", ""Carrot"", ""Tomato"", ""Sweet Corn"", ""Green Pepper"", ""Sugar"", ""Green Onion"", ""and Schezwan Sauce 14% (water"", ""Spices & Condiments"", ""Onion"", ""Sunflower Oil"", ""Garlic"", ""Soy Sauce"", ""Corn Starch"", ""Celery"", ""Sugar"", ""Vinegar"", ""Paprika Oleoresin (Colour)"", ""Flavour Enhancers Ins 629 & Ins 630"", ""Thickener: Xanthan Gum).""]","[""celery"", ""soybeans""]",[],,
Taj Mahal tea leaves 500 g,brooke-bond,plant-based-foods-and-beverages,8901030658761,,"[""500 g""]","[""Tea""]","[""-""]",[],,https://images.openfoodfacts.org/images/products/890/103/065/8761/front_en.10.400.jpg
Tarmarind Sauce,Nestlé,condiments,8901058842906,,"[""90 g""]","[""Water"", ""Sugar"", ""Tomato Paste (23.7%)"", ""Iodised Salt"", ""Acidifying Agent (260)"", ""Thickening Agents (1422 and 415)"", ""Onion"", ""Mixed Spices"", ""Garlic and Preservative (211)"", ""Contains Permitted Class II Preservative""]","[""-""]",[],,
Boondi,haldirams,indian-snacks,8904004404425,,"[""150 g""]","[""Spicy Fried Chickpeas Flour Puffs\r\nContains _Peanut_ Components & Pudina Leaf""]","[""peanuts""]",[],,
Masala Oats - Peppy Tomato,Saffola,plant-based-foods-and-beverages,8901088068741,,"[""38g""]","[""Rolled Oats (75%)"", ""maltodexrin"", ""Spices and Condiments (5.8%) (Onion"", ""Pepper"", ""Garlic"", ""Coriander"", ""Cumin"", ""Fenugreek"", ""Ginger"", ""Turmeric"", ""Cinnamon"", ""Clove)"", ""Salt"", ""Sugar"", ""Dried Vegetables (Carrot (0.7% )"", ""French Beans (0.5%)"", ""Tomato (0.3 %)"", ""Hydrolysed vegetable Protein"", ""Wheat Powder"", ""Flavour Enhancer (627"", ""631)"", ""Antioxidant (320). CONTAINS ADDED FLAVOUR - NATURAL AND NATURE IDENTICAL FLAVOURING SUBSTANCES.""]","[""gluten""]",[],,https://images.openfoodfacts.org/images/products/890/108/806/8741/front_en.24.400.jpg
Bikaneri Bhujia,kurkure,snacks,8901491208291,,"[""18g""]","[""Edible Vegetable Oil (Rice Brand Oil)"", ""Moth Dal Flour (44%)"", ""Besan"", ""Salt"", ""*Spices & Condiments(Chilli Powder"", ""Garam Masala"", ""Clove Powder"", ""Black Pepper Seeds and Powder"", ""Coriander Seeds and Powder"", ""Ajwai Seeds and Powder"", ""Fennel Seeds and Powder""]","[""-""]",[],,
India gate super Basmati rice 1.5 kg,krbl-limited,plant-based-foods-and-beverages,0690225101103,,"[""1.5 kg""]","[""basmati rice""]","[""-""]",[],,
Chaat Masala,everest,plant-based-foods-and-beverages,8901786060504,,"[""50 g""]","[""Rock Salt"", ""Black Salt"", ""Dried Mango"", ""Cumin"", ""Pomegranate seed"", ""Black Pepper"", ""Dried Ginger"", ""Chilli"", ""Mint Leaf"", ""Nutmeg"", ""Bishop's Weed"", ""Citric acid and Compounded Asafoetida ALLERGEN INFORMATION: May Contain Mustard""]","[""-""]",[],,https://images.openfoodfacts.org/images/products/890/178/606/0504/front_en.15.400.jpg
Black pepper powder,everest,plant-based-foods-and-beverages,8901786260508,,"[""50 g""]","[""Black Pepper""]","[""-""]",[],,
Masala Cuppa Noodles,Nestlé,plant-based-foods-and-beverages,8901058844757,,"[""70g""]","[""Refined wheat flour (Maida)"", ""Palm oil"", ""SaL Mineral (Calcium carbonate)"", ""Thickeners (41 2 & 508)"", ""Humectanl (451 (i)) and Acid'iLy regulators (501 (j)"", ""500(i) & 330). TASTEMAKER: Mixed spices {(32.3%) (Onion (6.B%) Gadic powder"", ""Red chilli powder (3.9%)"", ""Cumin powder"", ""Codander powder"", ""Turnieñc powder"", ""Oinger powder"", ""Dehydrated codander baves"", ""Nukneg powder"", ""Aniseed powder"", ""Black pepper powder (0.9%)"", ""Dehydrated kasuri niethi baves"", ""enugreek powder"", ""Mace powder"", ""Cbve powder & Green cardamom powder (0.2%)) Sugar"", ""Saft"", ""Nood powder (Refined wheat flour (Maida)"", ""Palm oil"", ""Sa Wheat gluten"", ""Mineral (Calcium carbonate)"", ""Thickeners (508 & 41 2)"", ""Acidity regulators (501(i) & 500(i)) & Humectant (451(i)))"", ""Dehydrated carrot flakes (6.4%)"", ""Dehydrated tomato paste soLids (Foniato paste"", ""An&aking agent (551) & SaW"", ""Edible starch"", ""Dehydrated Green peas (5.6%)"", ""Edib vegetable oil (Palm oil & Corn oil)"", ""Thickener (508)"", ""Yeast extract"", ""Ravour enhancer (635)"", ""Taniañnd powder"", ""Acidity regulator (330)"", ""Celery"", ""Milk"", ""Sesame and Soybean.""]","[""celery"", ""gluten"", ""milk"", ""sesame seeds"", ""soybeans""]",[],,
Kurkure,kurkure,snacks,8901491103084,,"[""75g""]","[""Cereal Products (57%) (Rice Meal (38%)"", ""Corn Meal (19%))"", ""Edible Vegetable Oil (Palmolein)"", ""*Seasoning (~Spices & Condiments"", ""lodised Salt"", ""Sugar"", ""Tamarind Powder"", ""Flavour (Natural"", ""Nature Identical and Artificial (Spearmint) Flavouring Substances)"", ""Maltodextrin"", ""Acidity Regulator (330)"", ""Emulsifier (414)"", ""Color (160c)"", ""Flavour Enhancers (627"", ""631))"", ""Gram Meal (6%). *As flavouring agent. ~Contains Onion and Garlic enhances 627"", ""631""]","[""-""]",[],,https://images.openfoodfacts.org/images/products/890/149/110/3084/front_es.3.400.jpg
almonds,k-b-b-nuts-pvt-ltd,plant-based-foods-and-beverages,8906016010120,,"[""250 g""]","[""almond kernels""]","[""nuts""]",[],,
MAD ANGLES,itc,snacks,8901725198336,,"[""80g""]","[""Rice grits"", ""Seasoning mix [Refined palmolein"", ""Refined sugar"", ""#Spices & condiments"", ""Iodised salt"", ""Wheat flour"", ""Black salt"", ""Tomato powder (0.3%)"", ""Jaggery powder (0.2%)"", ""Acidity regulators (INS 296"", ""INS 334"", ""INS 330)"", ""Hydrolyzed Vegetable Protein"", ""Anticaking agent (INS 551) & Flavour enhancers (INS 627"", ""INS 631)]"", ""Refined palmolein"", ""Corn grits"", ""Gram grits and Acidity regulator (INS 500(ii)). #Used as Natural Flavouring agent.""]","[""gluten""]",[],,
turmeric powder,ramdev,plant-based-foods-and-beverages,8902188802099,,"[""500 g""]","[""turmeric powder""]","[""-""]",[],,https://images.openfoodfacts.org/images/products/890/218/880/2099/front_en.7.400.jpg
chilli powder,ramdev,plant-based-foods-and-beverages,8902188801092,,"[""500 g""]","[""Chilli powder"", ""Refined palmolein edible oil.""]","[""chilli""]",[],,
Milk Bikis,britannia,snacks,8901063136434,,"[""100g""]","[""LIC.NOR10013022002245 NUFACTURED FOR end ICH NOS0013022002253 10:4047000"", ""34""]","[""-""]",[],,
"BRITANNIA nutri SUGAR, FREE",britannia,snacks,8901063026162,,"[""300 g""]","[""REFINED WHEAT FLOUR (MAIDA) (90%)"", ""REFINED PALM & PALMOLEIN OIL"", ""RAISING AGENTS [503(ii) & 500(ii)]"", ""IODISED SALT"", ""MILK SOLIDS"", ""YEAST"", ""EMULSIFIER [322(i)]"", ""ACIDITY REGULATORS (330 & 334)"", ""NATURAL AND NATURE IDENTICAL FLAVOURING SUBSTANCES"", ""DOUGH CONDITIONER (223) AND IMPROVERS [1101(i) & 1100(i)]. (Numbers in brackets as per International Numbering System) CONTAINS WHEAT"", ""MILK"", ""SOYA AND SULPHITE.""]","[""gluten"", ""milk"", ""soybeans"", ""sulphur dioxide and sulphites""]",[],,
suji,akshat-group,plant-based-foods-and-beverages,8908003744261,,"[""500 g""]","[""whole wheat""]","[""gluten""]",[],,https://images.openfoodfacts.org/images/products/890/800/374/4261/front_en.5.400.jpg
Garlic sev,food-bazar,snacks,305000001769039,,"[""200 g""]","[""besan"", ""oil"", ""garlic"", ""salt""]","[""-""]",[],,
Besan,lal-gulab,plant-based-foods-and-beverages,8903000364073,,"[""500 g""]","[""chana dal""]","[""-""]",[],,
Prostar 100% Whey Protein,ultimate-nutrition,proteinas,0099071001498,,"[""5 lbs""]","[""Mezcla de proteínas (Proteína de suero aislada"", ""proteína de suero concentrada) cacao en polvo"", ""saborizante natural y artificial"", ""cloruro de sodio"", ""sucralosa"", ""acesulfame de potasio"", ""lecitina de soya.""]","[""leche"", ""soja""]",[],,https://images.openfoodfacts.org/images/products/009/907/100/1498/front_en.8.400.jpg
Khichiya Papad,Balaji Wafers,snacks,8906010504878,,"[""200""]","[""RICE FLOUR (97%)"", ""EDIBLE COMMON SALT"", ""INS 500(II)"", ""CUMIN SEEDS (0.05%)"", ""INS 330""]","[""-""]",[],,
Magnum Chocolate Truffle,kwality-walls,desserts,8909106034938,,"[""63g""]","[""ICE CREAM (50.8%) WATER"", ""COCOA POWDER"", ""MILK SOLIDS"", ""EDIBLE COCONUT OIL"", ""CHOCOLATE"", ""EMULSIFIER (E471)"", ""STABILISER (E410))"", ""MILK SOLIDS"", ""SUGAR"", ""COCOA SOLIDS"", ""LIQUID GLUCOSE"", ""EMULSIFIER (E471)"", ""STABILISERS (E410"", ""E412"", ""E407)"", ""NATURE IDENTICAL FLAVOURING SUBSTANCE. OUTER LAYER (30.2%): BLENDED CHOCOLATE (15.1%) (SUGAR"", ""COCOA BUTTER"", ""COCOA SOLIDS"", ""MILK SOLIDS"", ""EMULSIFIER (E322)"", ""VANILLIN)"", ""MILK COMPOUND COATING (15.1%) (SUGAR"", ""COCOA SOLIDS"", ""COCOA BUTTER"", ""MILK SOLIDS"", ""COCONUT OIL"", ""EMULSIFIER (E322)"", ""VANILLIN). CONTAINS MILK AND SOY. MAY CONTAIN TRACES OF WHEAT AND NUTS. *BLENDED CHOCOLATE IS BELGIAN CHOCOLATE.""]","[""milk"", ""soybeans""]",[],,
Badam Flavoured Milk,rango,beverages-and-beverages-preparations,8908009523013,,"[""180ml""]","[""Toned milk (82%)"", ""Badam bits (0.6%)"", ""potable water"", ""Milk solids Sugar"", ""Emulsifier(INS 471)"", ""Stabilizers (INS 418"", ""INS 407"", ""INS 415)"", ""lodized Salt"", ""Acidity Regulators (INS 340 (ii)"", ""340 (iii)"", ""452(i) Contains Permitted Synthetic Food Colours (Ins 102"", ""Ins 110) And Added Flavours (Natural Flavors And Nature Identical Flavouring Substance) (Badam)""]","[""-""]",[],,https://images.openfoodfacts.org/images/products/890/800/952/3013/front_en.3.400.jpg
Tender Coconut,nic,desserts,8906082371545,,"[""500 ml""]","[""Milk"", ""Tender Coconut Pulp and Fructose Oligo Saccharide (FOS). Allergen Information: Contains Milk. May Contain Traces of Nuts. Contains Oligofructose. \nContains Naturally Occuring Sugars In Milk. \nNO ADDED SUCROSE. \nFOS MAY HAVE LAXATIVE EFFECT.""]","[""milk""]",[],,
Cheesy Jalapeno Sauce,wingreens-farms,condiments,8906064651481,,"[""180g""]","[""Refined Sunflower Oil (48%)"", ""Water"", ""Sugar"", ""Cheese Powder (3%)"", ""Liquid Glucose"", ""Jalapeno (2%)"", ""Milk Solids"", ""iodized Salt"", ""Chilli Paste (1%)"", ""Thickeners (INS 1442 & INS 415)"", ""Acidity Regulators (INS 260 & INS 330)"", ""Yeast Powder"", ""Mixed Spices"", ""Preservatives (INS 200 & INS 211)"", ""Antioxidant (INS 386)"", ""Nature-Identical Flavouring Substances.""]","[""milk""]",[],,
Peri Peri Seasoning,wingreens-farms,condiments,8906064657476,,"[""50g""]","[""Rock Salt"", ""Dehydrated Vegetable Powder (Garlic"", ""Onion)"", ""Tamarind Powder"", ""Spices and Condiments (Red Chilli (7%)"", ""Black Pepper"", ""Cumin)"", ""Sugar"", ""Dehydrated Herbs (Oregano"", ""Parsley)"", ""Thickener (INS 1442)"", ""Anticaking Agent (INS 551)"", ""Soy Sauce Powder (Wheat"", ""Soy)"", ""Acidity Regulator (INS 330)"", ""Edible Vegetable Oil (Soybean).""]","[""gluten"", ""soybeans""]",[],,https://images.openfoodfacts.org/images/products/890/606/465/7476/front_en.3.400.jpg
Two Brothers Thandai Drink Mix,two-brothers,beverages-and-beverages-preparations,8906153883892,,"[""150g""]","[""Cashew nut (33.22%)"", ""Almond (33.22%) Sauf (8.31%) melon seeds (7.47%) Pistachio (5.23%) Poppy Seeds (4.15%) Black pepper (3.32%) Rose petals (1.66%) Cardamom (1.00%) Saffron (1.00%) White pepper (0.83%) Nutmeg (0.58%)""]","[""nuts""]",[],,
Biscoff,Lotus,snacks,7622202325557,,"[""25g""]","[""REFINED WHEAT FLOUR (MAIDA)"", ""SUGAR"", ""EDIBLE VEGETABLE OILS (PALM SUNFLOWER"", ""PALM STEARIN)"", ""CANDY SUGAR SYRUP"", ""RAISING AGENT (SODIUM BICARBONATE"", ""SOY FLOUR"", ""IODISED SALT"", ""CINNAMON POWDER. ALLERGEN INFORMATION: CONTAINS WHEAT"", ""SOY""]","[""gluten"", ""soybeans""]",[],,
Arabian Desseded Dates,lion,plant-based-foods-and-beverages,8906006722903,,"[""500g""]","[""Dates""]","[""-""]",[],,https://images.openfoodfacts.org/images/products/890/600/672/2903/front_en.8.400.jpg
ANS Next Gen Whey,ans,dairies,8902420000160,,"[""1kg""]","[""Proprietary Protein Blend (Whey Protein Concentrate and Skimmed Milk Powder)"", ""Cocoa Powder"", ""L-Lysine HCL"", ""L-Glutamine"", ""Sucrose"", ""Emulsifier E415"", ""Flavour Enhancer E1101(ii) Sweetener E955"", ""Class II Preservative E211"", ""Chromium Picolinate.""]","[""milk""]",[],,
Kitty Brown Bread,kitty,plant-based-foods-and-beverages,8902027006169,,"[""400g""]","[""Whole Wheat Flour {Atta) {62.2%)"", ""Sugar"", ""Gluten"", ""Yeast"", ""Iodized Salt"", ""Edible Vegetable Oil (Refined Palmolein Oil"", ""Refined Rice Bran Oil)"", ""Milk Solids"", ""Malt Products"", ""Preservatives (282"", ""200)"", ""Emulsifier (472e)"", ""ARegulators {341(i)"", ""270"", ""297) and Antioxidant (300).""]","[""gluten"", ""milk""]",[],,
Semolina Roasted Rava,double-horse,roasted-semolinas,8904011508093,,"[""500 g""]","[""Wheat""]","[""gluten""]",[],,https://images.openfoodfacts.org/images/products/890/401/150/8093/front_en.5.400.jpg
Maggi veg atta noodles,Maggi,plant-based-foods-and-beverages,8901058011067,,"[""290g""]","[""ResuItant Wheat Flour (Resultant Atta) (84.2%)"", ""Palm oil"", ""lodized salt"", ""Wheat gluten"", ""Thickeners (508 & 412)"", ""Humectants (451 (i) & 452(i)) and Acidity regulators (501 (1) & 500 STEMAKER:Mixed spices (22.5%) (&quot"", ""Roasted spice mix powder (6.6%) (Coriander"", ""Turmeric"", ""Cumin"", ""Aniseed"", ""Black pepper"", ""Fenugreek"", ""Ginger"", ""Green cinnamon"", ""Clove"", ""Nutmeg"", ""Bay leaf"", ""Black cardamom)"", ""Onion powder"", ""Garlic powder"", ""Red chilli powder"", ""Red chilli bits"", ""Coriander powder"", ""Turmeric powder"", ""Ginger powder"", ""Aniseed powder"", ""Black pepper powder"", ""Cumin powder"", ""Cumin"", ""Fenugreek powder"", ""Capsicum extract"", ""Compounded asafoetida"", ""Star anise powder"", ""Coriander extract & Cumin extract)"", ""Dehydrated Vegetables (16.7%) (Carrot bits (8.5%)"", ""Green peas (8.2%))"", ""Toasted onion flakes (Onion (12.4%)"", ""Corn oil)"", ""Resultant Wheat Flour (Resultant Atta)"", ""Sugar"", ""lodized salt"", ""Toasted onion powder (Onion (5.9%)"", ""Corn oil)"", ""Thickener (508)"", ""Palm oil"", ""Flavour enhancer (635)"", ""Yeast extract powder"", ""Starch"", ""Dehydrated kasuri methi leaves"", ""Acidity regulator (330)"", ""Wheat gluten and Mineral.""]","[""gluten""]",[],,
Corn Flakes Original,Kellogg's,plant-based-foods-and-beverages,0941125448899,,"[""24 g""]","[""Corn Grits (90%)"", ""Sugar"", ""Cereal Extract lodized Salt"", ""Vitamins"", ""Antioxidant (INS 307b)"", ""Minerals.\r\n\r\nCONTAINS WHEAT & BARLEY.\r\nMAY CONTAIN SOY.""]","[""gluten""]",[],,
Pintola peanut butter unsweetened,pintola,plant-based-foods-and-beverages,8906136650275,,"[""100g""]","[""Peanuts (85%)"", ""Whey Protein Concentrate (European Origin) (15%)""]","[""milk"", ""peanuts""]",[],,
Frozen Blueberry,pluckk,plant-based-foods-and-beverages,8908024066816,,"[""200g""]","[""Blueberries""]","[""-""]",[],,https://images.openfoodfacts.org/images/products/890/802/406/6816/front_en.3.400.jpg
Godrej Jersey Rich Toned Milk,jersey,dairies,8906016410128,,"[""500ml""]","[""Milk solids""]","[""milk""]",[],,
Epic Choco Almond with Beligian Chocolate,amul,desserts,8901262178198,,"[""80 ml / 55 g""]","[""Inner Layer-Chocolate Ice Cream (67%): Milk solids"", ""sugar"", ""dextrose"", ""cocoa solids"", ""cocoa butter"", ""emulsifiers (471"", ""491"", ""322)"", ""stabilizers (412"", ""407)"", ""Outer Layer-Choco Layer Coating (33%): Sugar"", ""coconut oil"", ""cocoa solids"", ""cocoa butter"", ""milk solids"", ""almond (2.5%)"", ""emulsifier (322). Allergen Information: Contains milk"", ""nuts.""]","[""milk"", ""nuts""]",[],,
Maruti Whole Wheat Brown Bread,maruti,plant-based-foods-and-beverages,8908010525051,,"[""400 g""]","[""Wheat Flour (Atta)"", ""Refined Wheat Flour (Maida)"", ""Sugar"", ""Yeast"", ""lodized Salt"", ""Soya Flour"", ""Corn Flour"", ""Wheat Gluten"", ""Edible Vegetable Palmolein Oil"", ""Calcium Propionate (282)"", ""Acidty Regulator (260)"", ""Emulsifiers (481"", ""472)"", ""Antioxidant (300)"", ""Improvers (1100"", ""1104"", "")"", ""Vitamin c.""]","[""gluten"", ""soybeans""]",[],,https://images.openfoodfacts.org/images/products/890/801/052/5051/front_en.3.400.jpg
Whey Protein Concentrate Chocolate Flavour,naturaltein,dietary-supplements,8939999780988,,"[""1 kg""]","[""Whey Protein Concentrate 89%"", ""Cocoa Powder (Alkalized)"", ""Natural Flavours"", ""Sunflower Lecithin (INS 322)"", ""Steviol Glycoside (INS 960)""]","[""milk""]",[],,
parle hide & seek 120g,parle,snacks,8901719105913,,"[""120g""]","[""Refined wheat flour (maida)"", ""chocolate 23% (sugar"", ""cocoa solids"", ""cocoa butter"", ""dextrose)"", ""sugar"", ""refined palm oil"", ""invert sugar syrup"", ""raising agent"", ""cocoa solids"", ""iodised salts""]","[""gluten""]",[],,
Kinley Mineral Water 1ltr,kinley,beverages,8901764082405,,"[""6""]","[""Treated Water"", ""Salts of Sodium and Magnesium""]","[""-""]",[],,https://images.openfoodfacts.org/images/products/890/176/408/2405/front_en.40.400.jpg
Good Day Cashew Cookies,britannia,snacks,8901063093287,,"[""200 g""]","[""REFINED WHEAT FLOUR"", ""SUGAR"", ""EDIBLE VEGETABLE OIL (PALM)"", ""CASHEW NUTS (4.5%)"", ""BUTTER (3%)"", ""INVERT SYRUP"", ""MILK SOLIDS"", ""RAISING AGENTS (INS 503"", ""INS 500)"", ""EDIBLE COMMON SALT AND EMULSIFIERS (INS 322"", ""INS 471"", ""INS 472e)""]","[""gluten"", ""milk"", ""nuts""]",[],,
Masoor Dal 1kg,bharat-dal,plant-based-foods-and-beverages,8905532000493,,"[""1kg""]","[""Masoor Dal""]","[""-""]",[],,
Urad whole,good-life,plant-based-foods-and-beverages,8902901224832,,"[""500 g""]","[""Black Gram""]","[""-""]",[],,https://images.openfoodfacts.org/images/products/890/290/122/4832/front_en.3.400.jpg
UNPOLISHED masoor dal,tata-sampann,plant-based-foods-and-beverages,8904043926575,,"[""1 kg""]","[""Red Split Lentils""]","[""-""]",[],,
moong dal,best-farms,split-mung-beans,8902901221794,,"[""500 g""]","[""Split Mung Beans""]","[""-""]",[],,
Unpolished Urad gota white,good-life,plant-based-foods-and-beverages,8904132933019,,"[""1 kg""]","[""Urad Bean""]","[""-""]",[],,https://images.openfoodfacts.org/images/products/890/413/293/3019/front_en.3.400.jpg
Cream And Onion Makhana,happilo,plant-based-foods-and-beverages,8906081122667,,"[""15 g""]","[""Fox Nut"", ""Olive Oil"", ""Seasoning (Milk Solids"", ""lodised Salt"", ""Sugar"", ""Onion"", ""Dehydrated Herbs"", ""Cheese Powder"", ""Acidity Regulators (INS 270"", ""INS 330)"", ""Flavour Enhancers (INS 627"", ""INS 631)"", ""Anticaking Agent (INS 551)"", ""Palmolein Oil & Antioxidant (INS 319)). Contains Added Flavours - Natural and Nature Identical Flavouring Substances.""]","[""milk""]",[],,
Low Fat Cheezy Spread Peri Peri,fidelo,dairies,8908020493395,,"[""200 g""]","[""Cream Cheese (Milk & Milk Solids"", ""Cheese Culture)"", ""Seasoning (Peri Peri)"", ""Locust Bean Gum"", ""Carrageenan"", ""Iodized Salt.""]","[""milk""]",[],,
Sugarlite,zydus-wellness,sugarfree,8901548145425,,"[""500 g""]","[""Sucrose & Stevia""]","[""-""]",[],,
Masala penne pasta,Nestlé,meals,8901058847505,,"[""65 g""]","[""Macaroni (Pasta) - Semolina (100% from Wheat). Masala Tastemaker – _Milk_Solids_"", ""Mixed Spices (21.4%) (Onion Powder"", ""Coriander (20.7% of Mixed Spices)"", ""Garlic"", ""Turmeric"", ""Chilli"", ""Cumin"", ""Aniseed"", ""Black Pepper"", ""Fenugreek"", ""Ginger"", ""Paprika"", ""Clove"", ""Nutmeg and Green Cardamom)"", ""Hydrolysed Groundnut Protein"", ""Sugar"", ""Noodle Powder (Wheat Flour"", ""Edible Vegetable Oil"", ""Salt"", ""Wheat Gluten"", ""Mineral (Calcium Carbonate"", ""Guar Gum)"", ""Green Peas (6.6%)"", ""Salt"", ""Tapioca Starch"", ""Edible Vegetable Oil"", ""Mineral (Potassium Chloride)"", ""Flavour Enhancer (635)"", ""Acidifying Agent (330)"", ""_Soyabean_ and _Mustard_""]","[""gluten"", ""milk"", ""mustard"", ""soyabean"", ""milk""]",[],,https://images.openfoodfacts.org/images/products/890/105/884/7505/front_en.16.400.jpg
Sugar cookie,beagley-coppermsn,sustenance-bar,9501101530003,,"[""300g""]","[""Water""]","[""-""]",[],,
Polar Ice Gum,excel,snacks,06494437,,"[""16.8 g""]","[""Sorbitol"", ""Maltitol"", ""Gum base"", ""Natural and artificial flavours"", ""Gum arabic"", ""Glycerin"", ""Aspartame"", ""Soy lecithin"", ""Acesulfame-potassium"", ""Carnauba wax""]","[""soybeans""]",[],,
Nutrition Bar,ritebite,snacks,8906009532998,,"[""40g""]","[""Peanuts (18%)"", ""Dark Compound No Added Sugar (16%) (Maltítol"", ""Edible Vegetable Oil (Hydrogenated) Cocoa Solids"", ""Emulsifier (Soy Lecithin)"", ""Cereals (Whole Grain Rolled Oats (8%) Brown Rice Crispy"", ""Quinoa Crispy Maltitol"", ""Peanut Butter (7%)"", ""Black Currants"", ""Edible Vegetable Oil (High Oleic Sunflower Oil)"", ""Dietary Fiber (Fructooligosacharide"", ""Chicory Fiber) Humectant (Glycerine)"", ""Oats Bran"", ""Cranberries"", ""Pumpkin Seeds Flaxseeds (Guar Gum)"", ""Tribasic Calcium Phosphate"", ""Emulsifier (Soy Lecithin)"", ""Binding Agent Salt and Citric Acid"", ""Antioxidant (Vitamin C)"", ""Vitamin A"", ""C"", ""E. Contains Oligofructose (dietary fiber) 5.75 gm/100 gm. ALLERGEN DECLARATION: CONTAINS NUTS & CEREALS CONTAINS ADDED FLAVOURS""]","[""peanuts"", ""soybeans""]",[],,https://images.openfoodfacts.org/images/products/890/600/953/2998/front_en.13.400.jpg
Nutriplato Roasted 5 Seeds Blend,nutriplato,plant-based-foods-and-beverages,0701098266216,,"[""300 g""]","[""Ingredients: Roasted Flax Seeds 30%"", ""Roasted Watermelon Seeds 25%"", ""Roasted Sunflower Seeds 21%"", ""Roasted White Sesame Seeds 10%"", ""Roasted Pumpkin Seeds 10%"", ""Black Salt 4%.""]","[""sesame seeds""]",[],,
Jelly Belly,kirkland-signature,snacks,0096619121731,,"[""64 oz (4 lb) 1.81 kg""]","[""SUGAR"", ""CORN SYRUP"", ""MODIFIED FOOD STARCH"", ""PEACH PUREE CONCENTRATE 2%"", ""BLACKBERRY PUREE"", ""STRAWBERRY PUREE"", ""BLUEBERRY PUREE"", ""RASPBERRY PUREE"", ""STRAWBERRY JUICE CONCENTRATE"", ""APPLE JUICE CONCENTRATE"", ""BANANA PUREE"", ""PLUM JUICE CONCENTRATE"", ""CHERRY JUICE CONCENTRATE"", ""CHOCOLATE LIQUOR"", ""COCOA BUTTER"", ""SOY LECITHIN (EMULSIFIER)"", ""COCONUT"", ""LEMON PURE"", ""ORANGE PUREE"", ""LIME JUICE CONCENTRATE"", ""TANGERINE JUICE CONCENTRATE"", ""WATERMELON JUICE CONCENTRATE"", ""GRAPEFRUIT JUICE CONCENTRATE"", ""PINEAPPLE JUICE CONCENTRATE"", ""CANTALOUPE POWDER"", ""POMEGRANATE JUICE CONCENTRATE"", ""PEAR JUICE CONCENTRATE"", ""KIWI JUICE CONCENTRATE"", ""MANGO PUREE"", ""MANGO JUICE CONCENTRATE"", ""PASSION FRUIT JUICE CONCENTRATE"", ""CITRIC ACID"", ""FUMARIC ACID"", ""LACTIC ACID"", ""MALIC ACID"", ""PHOSPHORIC ACID"", ""ASCORBIC ACID"", ""SODIUM LACTATE"", ""SODIUM CITRATE"", ""COCOA POWDER"", ""NATURAL AND ARTIFICIAL FLAVORS"", ""COFFEE"", ""COLOR"", ""RED 40 LAKE"", ""YELLOW 5 & 6 LAKE"", ""BLUE 1 & 2 LAKE"", ""YELLOW 5 & 6"", ""RED 40"", ""BLUE 1"", ""VEGETABLE AND FRUIT JUICE (COLOR)"", ""TAPIOCA DEXTRIN"", ""VANILLA BEANS"", ""BEESWAX"", ""CARNAUBA WAX"", ""CONFECTIONER'S GLAZE"", ""SALT"", ""CAFFEINE.""]","[""soybeans""]",[],,
Red bull energy drink 350ml,red-bull,beverages,90415470,,"[""3""]","[""Serve chilled Red Bul SA hot ENERGY DRINK Taurine. Vitalizes body and""]","[""-""]",[],,https://images.openfoodfacts.org/images/products/000/009/041/5470/front_en.11.400.jpg
Manchow veg,Knorr,readymade,8901030530333,,"[""12 g""]","[""Potato Starch"", ""Dried Glucose Syrup"", ""Dehydrated Vegetables (Cabbage Flakes"", ""Carrot Flakes (4%)"", ""Garlic Bits (3%)"", ""Onion Bits (3%) and Leeks (0.4%))"", ""Sugar"", ""Edible Common Salt"", ""Hydrolysed vegetable protein (Hydrolyzed vegetable protein"", ""Maltodextrin and Salt)"", ""Edible Vegetable Fat"", ""Spices & Condiments (Chie (2%))"", ""Thickener (415)"", ""Acidity Regulator (330)"", ""Anti caking agent (551)"", ""Flavour Enhancer (627 & 631)""]","[""-""]",[],,
Tikha Mitha Mix,balaji-namkeen,ready-to-eat-savouries,8906010500368,,"[""30 g""]","[""Edible Vegetable Oil (Palmolein)"", ""Chickpea Flour (18%)"", ""Green Peas (12%)"", ""Rice Flakes (11%)"", ""Roasted Peanut (9%)"", ""Chickpea Splits (7%)"", ""Sugar(7%)"", ""Corn Flakes (6%)"", ""Rice Flour"", ""Spices & Condiments 5% (Chilli Powder. Sesame Seeds"", ""Curry Leaves"", ""Coriander Powder"", ""Turmeric Powder"", ""Fennel Powder"", ""Dry Mango Powder"", ""Black Pepper"", ""Cumin Powder"", ""Carom Seed"", ""Ginger Powder"", ""Clove Powder"", ""Cinnamon"", ""Cardamom"", ""Nutmeg"", ""Mace"", ""Bay Leaves)"", ""lodized Salt"", ""Acidity Regulator (INS 330).""]","[""peanuts"", ""sesame seeds""]",[],,
Silk,cadbury,snacks,8901233033570,,"[""250 g""]","[""Sugar"", ""Milk Solids (25%)"", ""Cocoa butter"", ""Cocoa solids"", ""Emulsifiers (442"", ""476). CONTAINS ADDED FLAVOUR (NATURAL"", ""NATURE IDENTICAL & ARTIFICIAL (VANILLA) FLAVOURING SUBSTANCES)""]","[""milk""]",[],,https://images.openfoodfacts.org/images/products/890/123/303/3570/front_en.3.400.jpg
Moong Dal,haldiram-s,snacks,8904004403725,,"[""35 g""]","[""Split Pulse Moong (Moong Dal) (77%)"", ""Refined Cotton Seed Oil & Edible Common Salt.""]","[""-""]",[],,
Momos Vegetable and Paneer,prasuma,frozen-momos,8906107170191,,"[""10 N""]","[""Cabbage"", ""Refined Wheat Flour (Maida)"", ""Onion"", ""Paneer"", ""Butter"", ""Carrot"", ""Refined Soyabean Oil"", ""Ginger"", ""Chilli"", ""Spices & Condiments"", ""Flavour Enhancer (INS 631)""]","[""gluten"", ""milk"", ""soybeans""]",[],,
Mango Pickle,deccan-achar,plant-based-foods-and-beverages,8908005754022,,"[""250g""]","[""Mango Pieces"", ""lodised Salt"", ""Edible Vegetable Oil"", ""Red Chilli"", ""Turmeric"", ""Coriander Powder"", ""cumin"", ""nigella seeds"", ""Mustards"", ""Fenugreek Powder"", ""Mixed Spices"", ""Ginger"", ""Garlic"", ""PRESERVATIVE (E260)""]","[""mustard""]",[],,
Om Shanthi Pure Turmeric,cycle,plant-based-foods-and-beverages,8901751800265,,"[""50g""]","[""Turmeric Powder""]","[""-""]",[],,https://images.openfoodfacts.org/images/products/890/175/180/0265/front_en.3.400.jpg
Happilo chia seeds,happilo,plant-based-foods-and-beverages,8906081122421,,"[""250g""]","[""chia seeds""]","[""-""]",[],,
Wholewheat Bran Bread,la-americana,plant-based-foods-and-beverages,8904474000165,,"[""350 g""]","[""Whole Wheat Flour - Atta (50.60% )"", ""Water"", ""Yeast"", ""Jaggery (2.00%)"", ""Cold Pressed Sunflower Oil"", ""Bran (2.53%)"", ""Pink Salt (1.30%) and Fermented Whole Wheat Flour.""]","[""gluten""]",[],,https://images.openfoodfacts.org/images/products/890/447/400/0165/front_en.3.400.jpg
100% Whey Protein Pro Performance,gnc,dietary-supplements,0048107251123,,"[""907g""]","[""Whey Protein Concentrate"", ""Cookie Crumbs (Refined Wheat Flour"", ""Sugar & Cocoa Solids)"", ""Nature Identical Cookies & Cream Flavor"", ""Sodium Chloride"", ""Thickener (INS 415)"", ""Whey Protein Isolate"", ""Di-potassium Hydrogen Phosphate"", ""Thickeners (INS 466 & INS 407)"", ""Anti-Caking Agent (INS 551)"", ""Sweeteners (INS 955 & INS 950) & DigeZyme®\n&quot"", ""DigeZyme&quot"", ""is a multi-enzyme complex that includes Alpha Amylase"", ""Protease"", ""Lipase"", ""Cellulase and Lactase. Allergens: Contains milk & wheat. May contain soy and nuts.""]","[""gluten"", ""milk""]",[],,
Layer Cake with Mixed Berry Cream Filling,winkies,snacks,8906005618887,,"[""15 g""]","[""CAKE(80%): REFINED WHEAT FLOUR (MAIDA)"", ""WATER"", ""SUGAR"", ""HUMECTANTS (INS 422)"", ""PALMOLEIN OIL"", ""LIQUID GLUCOSE"", ""MILK SOLIDS"", ""CAKE GÈL (INS 470a"", ""INS 471"", ""INS 475"", ""INS 422"", ""INS 420"", ""INS 525)"", ""RAISING AGENTS (INS 341(1)"", ""INS 450(Vii)"", ""INS 450(1)"", ""INS 500(ii)"", ""INS 503 (ii))"", ""EMULSIFIERS (INS 475"", ""INS 322)"", ""ARTIFICIAL FLAVOUR (VANILLA)"", ""ACIDITY REGULATOR (INS 330)"", ""PRESERVATIVES (INS 200"", ""INS 282)"", ""EDIBLE COMMON SALT"", ""STABILIZERS (INS 415"", ""INS 412) AND REDUCING AGENT (INS 223). FILLING (20%): MIXED BERRY FILLING (40%) [SUGAR"", ""BERRY MIX (STRAWBERRY (22%)"", ""BLUEBERRY (2%)"", ""RASPBERRY (1%)}"", ""STABILIZER (INS 440)"", ""ACIDITY REGULATOR (INS 330)]"", ""BAKERY SHORTENING"", ""LIQUID GLUCOSE"", ""DEXTROSE"", ""INVERT SYRUP"", ""HUMECTANT (INS 422)"", ""CAKE GEL (INS 471"", ""INS 477"", ""INS 1520"", ""INS 420"", ""INS 412)"", ""ACIDITY REGULATOR (INS 296)"", ""EDIBLE COMMON SALT"", ""PRESERVATIVES (INS 200"", ""INS 282) AND ARTIFICIAL FLAVOURS (BLUEBERRY"", ""RASPBERRY"", ""STRAWBERRY). (Numbers in brackets as per International Numbering System). CONTAINS WHEAT"", ""MILK AND SOY INGREDIENTS. POLYOLS MAY HAVE LAXATIVE EFFECT.""]","[""gluten"", ""milk""]",[],,
NESCAFE classic,nescafe,beverages-and-beverages-preparations,89009758,,"[""24gm""]","[""4 www 44334699/L10006171.001/00 89009758 Vevey Dispose Prepaci""]","[""-""]",[],,
Hide & Seek Choco Rolls,parle,snacks,8901719127366,,"[""250g""]","[""HIDE & SEEK CHOCO ROLLS INGREDIENTS CHOCO CREME (40%) [ SUGAR"", ""REFINED OILS (PALMOLEIN PALM OIL)"", ""COCOA SOLIDS"", ""EMULSIFIER OF VEGETABLE ORIGIN (SOY LECITHIN) AND ARTIFICIAL FLAVOURING SUBSTANCES VANILLA REFINED WHEAT FLOUR (MAIDA)"", ""SUGAR"", ""REFINED PALM OIL"", ""INVERT SUGAR SYRUP"", ""COCOA SOLIDS"", ""1ODISED SALT RAISING AGENTS (500 (ii)"", ""503 (11)] AND EMULSIFIER OF VEGETABLE ORIGIN [472e] CONTAINS ADDED FLAVOUR (ARTIFICIAL FLAVOURING SUBSTANCES VANILLA CONTAINS WHEAT"", ""SOY BEAN)""]","[""gluten"", ""soybeans""]",[],,https://images.openfoodfacts.org/images/products/890/171/912/7366/front_en.3.400.jpg
natkhat masala,crax,snacks,8908020463039,,"[""82g""]","[""Semolina (67%)"", ""Edible Vegetable Oil (Refined Palmolein Oil)"", ""*Seasoning [Sugar"", ""lodised Salt"", ""Rice Flour"", ""Onion Powder"", ""Chilli"", ""Mango Juice Powder"", ""Hydrolysed Soy Protein"", ""Cumin"", ""Coriander"", ""Garlic Powder Palm Oil"", ""Anticaking Agent (INS 561)"", ""Flavour Enhancers (INS 627"", ""INS 631)"", ""Spice Extract]"", ""Wheat Bran"", ""Flavour(s) (Natural & Nature Identical Flavouring Substances) *Used as part of flavouring agent Contains Wheat and Soy May Contains Milk TRANS FAT FREE""]","[""gluten"", ""soybeans""]",[],,
PROBIOTIC CURD,milma,dairies,8906137053242,,"[""1kg""]","[""Milk Solids (Toned milk) & Active Starter Culture.""]","[""milk""]",[],,
Unpolished White Urad Whole,vedaka,plant-based-foods-and-beverages,8903023015186,,"[""2 kg""]","[""Urad Dal""]","[""-""]",[],,https://images.openfoodfacts.org/images/products/890/302/301/5186/front_en.3.400.jpg
Yellow Moong Dal,vedaka,plant-based-foods-and-beverages,8903023006023,,"[""500g""]","[""Yellow Moong Dal""]","[""-""]",[],,
Gladful Banana Pancake,gladful,crepes-and-galettes,0760851638226,,"[""150g""]","[""Sprouted Lobia"", ""Jawar Foxtail Millet"", ""Banana"", ""Oats"", ""Raw Unrefined Cane Sugar"", ""Vanilla"", ""Baking Powder. Made in a facility that processes nuts"", ""barley"", ""rye"", ""and wheat""]","[""banana"", ""gluten""]",[],,
Paneer,ananda,dairies,8904124108074,,"[""200g""]","[""Milk Solids""]","[""milk""]",[],,https://images.openfoodfacts.org/images/products/890/412/410/8074/front_en.3.400.jpg
Minute Fresh Dosa Batter,mtr,dosa-batters,8901042970745,,"[""850 g""]","[""RO Purified water"", ""Wheat semolina"", ""Rice (13%)"", ""Black gram"", ""Refined wheat flour (Maida) (0.9%)"", ""lodised salt"", ""Bengal gram splits"", ""Sugar and Fenugreek. Allergen Advice: Contains Wheat Gluten.""]","[""gluten""]",[],,
MDH BIRYANI MASALA,mdh,plant-based-foods-and-beverages,8902167000362,,"[""50gm""]","[""Black Pepper"", ""Cassia"", ""Red Chillies (Deggi Mirch)"", ""Cardamom Amomum"", ""Cloves"", ""Caraway"", ""Green Cardamom"", ""Mace""]","[""-""]",[],,
Amul Kool Premium Kesar Flavour,amul,beverages-and-beverages-preparations,8901262152341,,"[""180ml""]","[""Toned milk"", ""sugar"", ""milk solids"", ""artificial flavouring substances (kesar)"", ""colours (102"", ""110).""]","[""milk""]",[],,https://images.openfoodfacts.org/images/products/890/126/215/2341/front_en.3.400.jpg
Minute Fresh Idli Batter,mtr,cooking-helpers,8901042970738,,"[""750 g""]","[""RO Purified water"", ""Rice suji"", ""Black gram (13%) and lodised salt. Allergen Advice: May contains Wheat Gluten.""]","[""-""]",[],,
Aachi Mixed Vegetable Pickle,aachi,plant-based-foods-and-beverages,8906021129992,,"[""1kg""]","[""Seasonal Vegetables (80% - Mango"", ""Lemon"", ""Citron"", ""Carrot"", ""Green Chilli"", ""Garlic"", ""Mango Ginger"", ""Tomato & Capsicum)"", ""Salt"", ""Red Chilli Powder"", ""Edible Vegetable Oil-Refined Rice Bran Oil"", ""Mustard"", ""Asafoetida"", ""Turmeric Powder"", ""Fenugreek"", ""Cumin"", ""Cassia and Acidity Regulators - (INS 260 & INS 330)""]","[""mustard""]",[],,
Cookie Sub,amul,desserts,8901262178440,,"[""80 ml""]","[""Inner Layer - Chocolate Ice Cream (50%): Milk solids"", ""sugar"", ""dextrose"", ""cocoa solids"", ""emulsifiers (471"", ""491)"", ""stabilizers (407"", ""412)"", ""Outer Layer - Chocolate Cookie (50%): Refined wheat flour"", ""sugar"", ""palm oil"", ""cocoa solids"", ""maltodextrin"", ""iodized salt"", ""raising agents [500 (ii)"", ""503 (ii)]"", ""antioxidant (319)"", ""emulsifier (322)"", ""artificial flavouring Substances (vanilla)"", ""colour (150d). Allergen Information: Contains milk"", ""wheat.""]","[""gluten"", ""milk""]",[],,https://images.openfoodfacts.org/images/products/890/126/217/8440/front_en.3.400.jpg
Nutritin Ultra Protein Shake,nutritin-ultra,dietary-supplements,8906151482400,,"[""200g""]","[""Whole Milk Powder"", ""Whey Protein Concentrate"", ""Calcium Phosphate dibasic"", ""Cashew"", ""Alkalized"", ""Cocoa Powder"", ""Almond"", ""Nature Identical Vanilla Flavour"", ""Pistachio"", ""Nature Identical Chocolate Flavour"", ""Sweetener (INS 955)"", ""Nature Identical Cardamom Flavour"", ""Potassium Chloride"", ""Sodium Chloride"", ""Preservative (E211)"", ""Ferric Ammonium Citrate"", "". Nicotinamide"", ""Manganese Sulphate Monohydrate"", ""Magnesium"", ""Oxide"", ""Zinc Sulphate Monohydrate"", ""Copper Sulphate Pentahydrate"", ""Pyridoxine Hydrochloride"", ""Chromium Trichloride Hexahydrate"", ""Potassium Iodide"", ""Folic Acid"", ""Sodium Selenite Anhydrous"", ""Cyanocobalamin & Ergocalciferol.""]","[""milk"", ""nuts""]",[],,
Rajma Chitra,best-farms,plant-based-foods-and-beverages,8904132981409,,"[""500g""]","[""Rajma""]","[""-""]",[],,
Toned Milk,vijaya,dairies,8907848000006,,"[""200ml""]","[""Milk & Milk Solids"", ""Vitamin A & Vitamin D""]","[""milk""]",[],,https://images.openfoodfacts.org/images/products/890/784/800/0006/front_en.3.400.jpg
Masala Tofu,diet-tofu,plant-based-foods-and-beverages,8908000608115,,"[""100g""]","[""Soybeans"", ""Purified Water"", ""Coagulants (INS 575"", ""INS 516)"", ""Salt"", ""Condiments and Herbs. Allergens: Contains Soy""]","[""soybeans""]",[],,
Corn Flakes,country-delight,plant-based-foods-and-beverages,8906117363033,,"[""400g""]","[""Corn Grit (91%)"", ""Sugar"", ""Iodized Salt"", ""Malt Extract"", ""Sunflower Lecithin & Rosemary Extract.""]","[""-""]",[],,
Max Protein Dark Choco Crunchy Spread Peanut Butter,ritebite,plant-based-foods-and-beverages,8906009536477,,"[""340g""]","[""Roasted peanut"", ""dark chocolate paste(sugar"", ""palm oil"", ""cocoa solids"", ""emulsifier"", ""common salt)"", ""hydrogenated soybean oil"", ""emulsifier"", ""flavour(ethyl vanillin"", ""dark chocolate)""]","[""peanuts"", ""soybeans""]",[],,
kimia dates,kimia,plant-based-foods-and-beverages,8906105470095,,"[""400g""]","[""dates""]","[""-""]",[],,https://images.openfoodfacts.org/images/products/890/610/547/0095/front_en.17.400.jpg
Maggi Masala Veg Atta noodles,Maggi,plant-based-foods-and-beverages,8901058009712,,"[""51g""]","[""Noodles: Wheat Flour (Atta) (84.2%)"", ""Palm oil"", ""lodized salt"", ""Wheat gluten"", ""Thickeners (508 8412)"", ""Humectants (451(i) & 452(i))"", ""Acidity regulators (501 (i) & 500 (i)). Masala TASTEMAKER: Dehydrated Vegetables (22%) (Carrot bits (12%)"", ""Green peas (10%)) Mixed spices (20.3%) (Roasted spice mix powder (5.6 %) (Coriander"", ""Turmeric"", ""Cumin"", ""Aniseed"", ""Black pepper"", ""Fenugreek"", ""Ginger"", ""Green cardamom"", ""Cinnamon"", ""Clove"", ""Nutmeg"", ""Bay leaf"", ""Black cardamom)"", ""Onion powder"", ""Garlic powder"", ""Red chilli powder"", ""Dehydrated kasuri methi leaves"", ""Red chilli bits"", ""Coriander powder"", ""Turmeric powder"", ""Ginger powder"", ""Aniseed powder"", ""Black pepper powder"", ""Cumin powder"", ""Cumin"", ""Fenugreek powder"", ""Capsicum extract"", ""Compounded asafoetida"", ""Star anise powder"", ""Coriander extract & Cumin extract)"", ""Toasted onion flakes (17.5%)"", ""Corn oil)"", ""Wheat Flour (Atta)"", ""Sugar"", ""lodized salt"", ""Toasted onion powder (Onion (4.9%)"", ""Corn oil)"", ""Thickener (508)"", ""Palm oil"", ""Flavour enhancer(635) Yeast extract powder"", ""Starch"", ""Acidity regulator (330)"", ""Wheat gluten and Mineral""]","[""gluten""]",[],,
Hellman's Real Mayonnaise,hellman-s,condiments,8901030898105,,"[""250g""]","[""Refined Soybean Oil (Fortified with Vitamin A & D)"", ""Water"", ""Sugar"", ""Thickeners-E 1442"", ""E 1450"", ""Natural Vinegar"", ""lodised Salt"", ""Spices & Condiments"", ""Lemon Juice Concentrate"", ""Preservative-E 202"", ""Nature Identical and Natural Flavouring Substances"", ""Sequestrant-E 385.""]","[""soybeans""]",[],,https://images.openfoodfacts.org/images/products/890/103/089/8105/front_en.3.400.jpg
Curry Paste,mighty-spice,indian,5060579990008,,"[""80 g""]","[""Dehydrated Onion (15%)"", ""Sunflower Oil (15%)"", ""Tomato (15%)"", ""Garlic (12%)"", ""Coriander Leaves (9%)"", ""Sugar (9%)"", ""Ginger"", ""Salt"", ""Coriander Seeds"", ""Fennel Seeds"", ""Red Chilli Powder"", ""Green Cardamom"", ""Mixed Ground Spices"", ""Acidity Regulator (Acetic Acid).""]","[""-""]",[],,
Spicy (Masala) Noddles Khakhara,maniarr-s,indian-snacks,8904787201723,,"[""45g""]","[""Wheat Flour(76 %)"", ""Edible Vegetable Oil (Palmolein)(16 %)"", ""Noodle Powder Mix(Powders of Coriander"", ""Cumin"", ""Red Chilli"", ""Turmeric"", ""Black Pepper"", ""Clove"", ""Nutmeg)(3 %)"", ""Salt"", ""Powders of(Onion"", ""Garlic"", ""Ginger"", ""Sugar)""]","[""gluten""]",[],,
Idiyappam,adyar-annapoorna,plant-based-foods-and-beverages,2200000801494,,"[""5""]","[""Rice Flour"", ""Water"", ""Salt""]","[""-""]",[],,
Choco rolls,parle,snacks,8901719107870,,"[""12.5 g""]","[""CHOCO CRÈME (40%) [ SUGAR"", ""REFINED OILS (PALMOLEIN"", ""PALM OIL)"", ""COCOA SOLIDS"", ""EMULSIFIER OF VEGETABLE ORIGIN (SOY LECITHIN) AND ARTIFICIAL FLAVOURING SUBSTANCES-VANILLA)"", ""REFINED WHEAT FLOUR (MAIDA)"", ""SUGAR"", ""REFINED PALM OIL"", ""INVERT SUGAR SYRUP"", ""COCOA SOLIDS"", ""IONISED SALT"", ""RAISING AGENTS (500 (ii)"", ""503 (ii)]"", ""AND EMULSIFIER OF VEGETABLE ORIGIN (472e). CONTAINS ADDED FLAVOUR (ARTIFICIAL FLAVOURING SUBSTANCES - VANILLA). CONTAINS:WHEAT"", ""SOY.""]","[""gluten"", ""soybeans""]",[],,https://images.openfoodfacts.org/images/products/890/171/910/7870/front_en.15.400.jpg
Monster Energy Drink 350ml,monster,beverages-and-beverages-preparations,4897036691427,,"[""5""]","[""CARBONATED WATER"", ""SUCROSE"", ""GLUCOSE ACIDITY REGULATORS (CITRIC ACID"", ""SODIUM CITRATE)"", ""TAURINE (400 mg/100 ml)"", ""PRESERVATIVES (SORBIC ACID"", ""BENZOIC ACID CAFFEINE (0.03%)"", ""COLOURS [(GRAPESKIN EXTRACT IN RIBOFLAVIN 101(1))"", ""SWEETENER (SUCRALOSE)"", ""VITAMINS (83 812)"", ""GLUCURONOLACTONE"", ""INOSITOL (2 mg/100 ml)""]","[""-""]",[],,
Refined Sunflower oil,freedom,plant-based-foods-and-beverages,8906035030239,,"[""5000 ml""]","[""With Vitamins A"", ""D&E Freedom Refined Sunflower Oil Freedom to eat"", ""Freedom to enjoy. 5Litre The image is for reforence only a source from wwhich the oil is etracted""]","[""-""]",[],,
NESCAFE,nescafe,beverages-and-beverages-preparations,89006740,,"[""50g""]","[""Coffee beans""]","[""-""]",[],,https://images.openfoodfacts.org/images/products/000/008/900/6740/front_fr.12.400.jpg
Nutella & Go!,Nutella,snacks,5020411121182,,"[""48 g""]","[""sugar"", ""palm oil"", ""hazelnuts (13%)"", ""fat-reduced cocoa (7"", ""4%)"", ""skimmed milk powder (6"", ""6%)"", ""whey powder (milk)"", ""emulsifier: lecithin (soya)"", ""vanillin"", ""breadsticks: wheat flour"", ""palm oil"", ""sait"", ""malt extract"", ""baker's yeast.""]","[""gluten"", ""milk"", ""nuts"", ""soybeans""]",[],,
Haldiram's Bhujia,haldiram,snacks,8904063204325,,"[""460 g""]","[""Tepary Beans Flour"", ""Edible Vegetable Oil (Cotton Seed"", ""Corn & Palmolein Oil)"", ""Gram Pulse Flour"", ""Edible Common Salt Powder"", ""Spices& Condiments (Red Chilli Powder"", ""Black Pepper Powder"", ""Ginger Clove Powder"", ""Mace Powder"", ""Nutmeg Powder and Cardamom Powder).""]","[""-""]",[],,
Chikki,paper-boat,plant-based-foods-and-beverages,8906080600067,,"[""31 g""]","[""PEANUTS (50%)"", ""JAGGER SUGAR AND LIQUID GLUCOSE""]","[""peanuts""]",[],,https://images.openfoodfacts.org/images/products/890/608/060/0067/front_en.5.400.jpg
Amul Belgian chocolate,amul,snacks,8901262071017,,"[""125g""]","[""e322"", ""e476""]","[""-""]",[],,
Horlicks Protein+ Chocolate,Horlicks,beverages-and-beverages-preparations,8901571009343,,"[""200g""]","[""Protein Products (39%) [Whey Protein Concentrate (30%)"", ""Soy Protein Isolate (9%)]"", ""Cereal Extract (24%)"", ""Sugar"", ""Casein (1.1%) [From Milk Solids (5.5%)]"", ""Cocoa Powder"", ""Minerals"", ""Wheat Gluten"", ""Nature Identical Flavouring Substances""]","[""gluten"", ""milk"", ""soybeans""]",[],,
Cadbury Choco Creme Oreo,cadbury,snacks,8901233027555,,"[""300 g""]","[""SANDWICH BISCUIT INGREDIENTS: Refined Wheat Flour (Maida)"", ""Sugar"", ""Edible Vegetable Fat"", ""Palmolein"", ""Cocoa Solids (3%*)"", ""Invert Sugar"", ""Leavening Agents (500(ii)"", ""503(ii))"", ""Edible Salt"", ""Emulsifier (322). CONTAINS ADDED FLAVOUR (NATURE IDENTICAL FLAVOURING SUBSTANCES).\nAllergen information: Contains Wheat. May Contain Milk""]","[""gluten""]",[],,https://images.openfoodfacts.org/images/products/890/123/302/7555/front_en.18.400.jpg
Multi Grain Bread,britannia,plant-based-foods-and-beverages,8901063338623,,"[""400 g""]","[""WHOLE WHEAT FLOUR (ATTA) (52%)"", ""LEGUMES & OIL SEEDS-6% (SOYA FLAKES"", ""SUNFLOWER SEEDS"", ""FLAX SEEDS"", ""MELON SEEDS"", ""SESAME SEEDS)"", ""YEAST"", ""ROLLED OATS (2%)"", ""RAGI FLOUR (2%)"", ""WHEAT BRAN (1.4%)"", ""SUGAR"", ""IODISED SALT"", ""EDIBLE VEGETABLE OIL (PALM)"", ""WHEAT GRITS (0.4%)"", ""CLASS II PRESERVATIVE (282)"", ""IMPROVERS (1100(i)"", ""1102"", ""1104)"", ""EMULSIFIERS (471"", ""481(i)"", ""472e)"", ""ACIDITY REGULATOR (260) AND FLOUR TREATMENT AGENT (510). CONTAINS PERMITTED NATURAL FOOD COLOUR (150a)""]","[""gluten"", ""sesame seeds""]",[],,
Tata Salt,tata,condiments,14018808,,"[""100g""]","[""REDMI NOTE 8 PRO AI QUAD CAMERA TATA SALT contains requisite nomo amount of iodine. is a registered trademark of Tata Sons. CEP IN A COOL AND DRY PLACE ON Nutritional Information' per 100 g""]","[""-""]",[],,
Twilight Tryst Milk Chocolate,amul,snacks,8901262072052,,"[""125 g""]","[""SUGAR"", ""MILK SOLIDS"", ""COCOA BUTTER"", ""COCOA SOLIDS"", ""PERMITTED EMULSIFIERS (E322"", ""E476). CONTAINS ADDED FLAVOURS (ARTIFICIAL FLAVOURING SUBSTANCES-COCOA & VANILLA).""]","[""milk""]",[],,https://images.openfoodfacts.org/images/products/890/126/207/2052/front_en.10.400.jpg
apis Royal Zahidi dates,apis,plant-based-foods-and-beverages,8906021924894,,"[""250g""]","[""Dates""]","[""-""]",[],,
Oats,quaker,plant-based-foods-and-beverages,8901491103800,,"[""1kg""]","[""Rolled Oats Flakes""]","[""-""]",[],,
Flirty Tomato Tango,Lay's,plant-based-foods-and-beverages,8901491102902,,"[""29.5g""]","[""Potato"", ""Edible Vegetable Oil (Palmolein Oil"", ""Rice Bran Oil)"", ""Sugar"", ""Salt"", ""Tomato Powder (0.8%)"", ""~Spices& Condiments (Red Pepper Powder"", ""Black Pepper Powder"", ""Garlic Powder"", ""Ginger"", ""Clove Powder"", ""Cinnamon Powder)"", ""Dextrose"", ""Wheat Fibre.""]","[""-""]",[],,
Milk Pasturesized And Homogenized Toned Milk,vijaya,dairies,8906025503095,,"[""500ml""]","[""Milk Solids. Vitamin A"", ""Vitamin D2 (ergocalciferol).""]","[""milk""]",[],,https://images.openfoodfacts.org/images/products/890/602/550/3095/front_en.3.400.jpg
Tata Tea Gold Care,tata-tea,beverages-and-beverages-preparations,8901052005161,,"[""500g""]","[""Tea (96.15%)"", ""Natural Flavours and Natural Flavouring Substances [Ginger"", ""Cardamom"", ""Tulsi"", ""Mulethi"", ""Brahmi]""]","[""-""]",[],,
Noodles Chatpata Namkeen,satmola,snacks,8906037914476,,"[""16g""]","[""Wheat Flour"", ""Edible Vegetable Oil (Palmolein Oil"", ""Cotton Seed Oil & Rice Bran Oil)"", ""Tapioca Starch"", ""Maize Starch"", ""Spices & Condiments (Chilli Powder"", ""Mango Powder"", ""Cumin Powder"", ""Coriander Powder"", ""Clove Powder"", ""Cinnamon Powder"", ""Garlic Powder"", ""Onion Powder)"", ""Salt"", ""Black Salt"", ""Maltodextrin"", ""Acidity Regulator (E330)"", ""Anticaking Agent (E551) and Flavour Enhancers (E627"", ""E631).""]","[""gluten""]",[],,
Dowee Donut Strawberry,rebisco,snacks,8935235302785,,"[""28g""]","[""Refined Wheat Flour (Maida)"", ""Eggs"", ""Vegetable Oil (Palm)"", ""Sugar"", ""Glucose Syrup"", ""Humectants (Sorbitol (E420ii) (3.8%)"", ""Glycerine (E422))"", ""Water"", ""Skimmed Milk Powder"", ""Soya Flour"", ""Mono & Diglycerides (E471) as Emulsifying Agent"", ""Leavening Agents (Sodium Acid Pyrophosphate (E450i)"", ""Sodium Bicarbonate (E500ii))"", ""Iodized Salt"", ""Preservatives (Potassium Sorbate (E202)"", ""Sorbic Acid (E200))"", ""Artificial Flavors (Milk"", ""Vanilla)"", ""Xanthan Gum (E415) as Stabilizer. Coating: Sugar"", ""Non-Hydrogenated Vegetable Fat (Palm Kernel)"", ""Skimmed Milk Powder"", ""Dextrose Powder"", ""Artificial Colors (Titanium Dioxide (E171)"", ""FD&C Red#40 Lake (Allura Red Lake) (E129)). Emulsifying Agent (Soya Lecithin (E322i))"", ""Sorbic Acid (E200) as Preservative"", ""Artificial Vanillin Flavor. Filling: Glucose Syrup"", ""Water"", ""Sugar"", ""Sorbitol (E420ii) (6.4%) as Humectant"", ""Pectin (E440) as Thickener"", ""Citric Acid (E330) as Acidulant"", ""Artificial Strawberry Flavor"", ""Potassium Sorbate (E202) as Preservative"", ""Caramel Color (E150d) as Natural Color"", ""FD&C Red#40 (Allura Red) (E129) as Artificial Color. String: Sugar"", ""Non-Hydrogenated Vegetable Fat (Palm Kernel)"", ""Whey Powder"", ""Emulsifying Agent (Soya Lecithin (E322i)). FD&C Red#40 Lake (Allura Red Lake) (E129) as Artificial Color.""]","[""eggs"", ""gluten"", ""milk"", ""soybeans""]",[],,https://images.openfoodfacts.org/images/products/893/523/530/2785/front_en.3.400.jpg
Ice Cream Belgian Chocolate,vadilal,desserts,8901777950173,,"[""1l""]","[""Water"", ""Milk Solids"", ""Dark Chocolate (15%)[Sugar"", ""Edible Vegetable Fat"", ""Cocoa Solids"", ""Edible Common Salt"", ""Emulsifier (322)"", ""Artificial (Vanilla) Flavouring Substances] Cocoa Solids"", ""Emulsifier (471)"", ""Stabilisers (412"", ""466"", ""407)"", ""Synthetic Food Colours (110"", ""124"", ""133)"", ""Artificial (Vanilla) Flavouring Substances.""]","[""milk""]",[],,
Dairy Milk,cadbury-is-sold-by-modelez,snacks,7622202818301,,"[""6.1 g""]","[""Sugar"", ""Milk Jolius (14 % % Cocoa Butter"", ""Cocoa Solids"", ""Fractionated Fat"", ""Emulsifiers (442"", ""476)"", ""Flavours (Natural"", ""Nature Identical and Artificial (Caramel and Vanilla) Flavouring Substances). &quot"", ""Approx. Values CONTAINS COCOA BUTTER EQUIVALENT IN ADDITION TO COCOA BUTTED\nAllergen Information: Containe Milk.""]","[""-""]",[],,
SVS Double Roasted Rava,svs-foods,plant-based-foods-and-beverages,8908000581470,,"[""500 g""]","[""Wheat""]","[""gluten""]",[],,https://images.openfoodfacts.org/images/products/890/800/058/1470/front_en.9.400.jpg
DiSano Olive Pomace Oil,disano,plant-based-foods-and-beverages,8906047522364,,"[""500 ml (458g)""]","[""Refined Olive Pomace Oil (95%) and Extra Virgin Olive Oil (5%). Refined (Olive Pomace) Oil\nFree from Argemone oil""]","[""-""]",[],,
YouWeFit Omega 3 1250 Fish Oil Capsule (Triple Strength),youwefit-is-sold-by-wellversed,fats,8904463100357,,"[""165 g""]","[""Fish Oil"", ""Capsule Shell Ingredient (Gelatin)"", ""Purified Water"", ""Humectants [INS 422 & INS 420 (ii)]. Preservative [INS 218] and Artificial Flavouring Agent (Ethyl Vanillin).\nALLERGEN: CONTAINS FISH OIL""]","[""fish"", ""gelatin""]",[],,
Tetley Immuno Chai,tetley,beverages-and-beverages-preparations,8901052007219,,"[""200g""]","[""Tea (95%)"", ""Natural Masala Flavour"", ""Natural Flavouring Substances [Turmeric bits (1.2%)"", ""Ginger Oleoresin"", ""Ashwagandha Extract (0.2%)]. Zinc Sulphate (0.4%) Natural masala flavour has black pepper extract.""]","[""-""]",[],,https://images.openfoodfacts.org/images/products/890/105/200/7219/front_en.3.400.jpg
Whey Protein Cold Coffee,the-whole-truth,dairies,8906143891753,,"[""210 g""]","[""whey isolate"", ""whey concentrate"", ""coffee"", ""dates"", ""milk"", ""monk fruit juice concentrate"", ""bromelain and sunflower lecithin.""]","[""milk""]",[],,
Modern Wow Pav (Bun),modern,plant-based-foods-and-beverages,8904043551876,,"[""280g""]","[""Refined Wheat Flour Mada)"", ""Sugar"", ""Edible Vegetable Fat (Interesterified)"", ""Yeast"", ""lodized Salt"", ""Gluten"", ""Soya Flour"", ""Preservative (282)"", ""Emulsifier (471)"", ""Acidity Regulator (260)"", ""flour Treatment Agent (510) and Antioxidant (300)""]","[""gluten"", ""soybeans""]",[],,
Dmart Premia Yellow Chana,dmart-premia,snacks,8903363000002,,"[""500g""]","[""Roasted Gram"", ""Edible Common Salt & Turmeric""]","[""-""]",[],,https://images.openfoodfacts.org/images/products/890/336/300/0002/front_en.3.400.jpg
Dmart Premia Raisins Indian (Golden),dmart-premia,plant-based-foods-and-beverages,8903363002778,,"[""500g""]","[""Raisins""]","[""-""]",[],,
24 mantra peanut,24-mantra-organic,plant-based-foods-and-beverages,8904083505693,,"[""500g""]","[""Peanuts""]","[""peanuts""]",[],,
Long Grain Rice,charminar,plant-based-foods-and-beverages,8906008813845,,"[""5kg""]","[""Rice""]","[""-""]",[],,https://images.openfoodfacts.org/images/products/890/600/881/3845/front_en.6.400.jpg
kaccha mango,parle,snacks,8901719126376,,"[""637.56 g""]","[""SUGAR"", ""LIQUID GLUCOSE AND ACIDITY REGULATORS [270"", ""296"", ""330"", ""331(iii)]. CONTAINS PERMITTED SYNTHETIC FOOD COLOURS (102"", ""133) AND ADDED FLAVOUR NATURE IDENTICAL FLAVOURING SUBSTANCES - RAW MANGO)""]","[""-""]",[],,
Bhel,ganesh,bhelpuri,8906063160243,,"[""300g""]","[""Serving Size Ambut Per Serving Calories Gram Flour"", ""Puffed Rice"", ""Refined Vegetable Oil (Palmolein)"", ""Corn Flakes"", ""Salt"", ""Red Chilli Powder"", ""Sugar"", ""Black Salt"", ""Turmeric"", ""Alkaline Salt"", ""Ajwain"", ""Sesame Seed"", ""Aniseed"", ""Curry Leaves"", ""Acidity Regulator (E330) Imlee Chutney Ingredients: Sugar"", ""Water"", ""Jaggery"", ""Tamarind"", ""Spices"", ""Total Fat 13.969 CONTAINS PERMITTED CLASSII PRESERVATIVE SODIUM BENZOATE (E211) Green Chutney Ingredients: Green Chilli"", ""Mint Leaves"", ""Ginger"", ""Salt"", ""Lemon Juice"", ""Citric Acid (E330) CONTAINS PERMITTED CLASSII PRESERVATIVE SODIUM BENZOATE (E211) Trockene Bhel-Zutaten: Grammmehl"", ""Puffreis"", ""raffiniertes Pflanzenöl (Palmolein)"", ""Cornflakes"", ""Salz"", ""rotes Chilipulver"", ""Zucker"", ""schwarzes Salz"", ""Kurkuma"", ""basisches Salz"", ""Ajowan"", ""Sesamsamen"", ""Alisamen"", ""Curryblätter"", ""Säureregulator (E330) Zutaten für das Imlee-Chutney: Zucker"", ""Wasser"", ""Jaggery"", ""Tamarinde"", ""Gewürze"", ""ENTHÄLT ZUGELASSENES KONSERVIERUNGSMITTEL DER KLASSE II NATRIUMBENZOAT (E211) Gri Saturated Fat 1439 Trans Fat 0.00 Cholesterol 0.00mg Sodium 1314 mg Total Carbohydrate 38. Dietary F3.60 Total Sugar 14.50g Includes 11g Acted Sugar Protein 3.51g Vitamin D 0.00 mcg Calcium 0.00mg Iron 0.00 g Potassium 0.00mg *The % Daily Value (Delu contributes to a daily diet 2000 cab PRODUCT OF INDIA/PRODUKT AUS NO NUTRITION FACTI NAHRWERTANGABE About 4 Serving Per Package Energy/Energi/Energi Gesamt Fett/ إجمالى الار Per""]","[""sesame seeds""]",[],,
Karimnagar Dairy Curd,karimnagar-dairy,curd,8904405902452,,"[""200g""]","[""Curd""]","[""-""]",[],,https://images.openfoodfacts.org/images/products/890/440/590/2452/front_en.6.400.jpg
Aadisha Jaggery,aadisha,sweeteners,9780201379020,,"[""900g""]","[""Jaggery""]","[""-""]",[],,
knorr sweet corn Veg,Knorr,food-doup,8901030902390,,"[""9""]","[""Soup Powder. Ingredients: Stgar"", ""Potato Starch"", ""Maltodextrin"", ""lodised salt"", ""&quot"", ""Dehydrated Vegetables (Coin (5.3%)"", ""Leeks (0.5%))"", ""Hydrolyzed Vegetable Protein"", ""Thickeners (412 & 415)"", ""Flavours - Nature Identical"", ""Artificial (Corn) and Natural (Garlic) Flavouring Substances"", ""Dehydrated Carrot Flakes (2.6%)"", ""Hydrogenated Palm Oil"", ""Spices and Condiments"", ""Flavour Enhancers (627 & 631)"", ""Anticaking Agent (551).\n\nof this pack\n\nMay contain traces of Wheat"", ""Milk"", ""Soy Mustard"", ""Celery & Nuts.""]","[""-""]",[],,
Bapuda Farm Tofu,bapuda-farm,plant-based-foods-and-beverages,0038648039277,,"[""200g""]","[""Soya"", ""water"", ""coagulates""]","[""soybeans""]",[],,https://images.openfoodfacts.org/images/products/003/864/803/9277/front_en.3.400.jpg
Poppins,parle,snacks,8901719128202,,"[""100g""]","[""INGREDIENTS SUGAR"", ""LIQUID GLUCOSE AND ACIDITY REGULATOR (296) CONTAINS PERMITTED SYNTHETIC FOOD COLOURS (133 122 129.102.110) AND ADDED FLAVOURS (ARTIFICIAL FLAVOURING SUBSTANCES BLACK CURRANT"", ""RASPBERRY PINEAPPLE. ORANGE"", ""MANGO)""]","[""orange""]",[],,
Boost milk shake,boost-energy,beverages-and-beverages-preparations,8901030975530,,"[""180 ml""]","[""Toned Milk (60%)"", ""Water"", ""Sugar"", ""Cereal product (3%)"", ""Milk Solids"", ""Minerals"", ""Acidity Regulator (INS 339 (ii))"", ""Stabilizers (INS 418"", ""INS 407)"", ""Vitamins. Allergen Information: Contains Milk"", ""Wheat"", ""Barley and Soy. fssai""]","[""gluten"", ""milk"", ""soybeans""]",[],,
Daily Good Sugar,daily-good,sweeteners,8909177014730,,"[""1kg""]","[""Sugar""]","[""-""]",[],,https://images.openfoodfacts.org/images/products/890/917/701/4730/front_en.3.400.jpg
mustard small,best-farms,condiments,8904132981256,,"[""100g""]","[""Fine Mustard""]","[""-""]",[],,
Dabur Honey,dabur,breakfasts,8901207045660,,"[""650g""]","[""Honey""]","[""-""]",[],,
Heritage Cow Milk,heritage,dairies,8949965715135,,"[""200 ml""]","[""Milk Solids (Cow Milk)"", ""Vitamin A Palmitate""]","[""milk""]",[],,
garlic peanut chutney powder,graminway-from-the-roots,plant-based-foods-and-beverages,0747356051705,,"[""200 g""]","[""Roasted Channa"", ""Whole Red Chilli"", ""Garlic. Cumin"", ""Asofetida & Salt""]","[""-""]",[],,https://images.openfoodfacts.org/images/products/074/735/605/1705/front_en.4.400.jpg
Fruitilicious Fruit Blast Mixed Fruit Jam,apis,plant-based-foods-and-beverages,8906021924344,,"[""450 g""]","[""SUGAR"", ""MIXED FRUIT PULP"", ""PECTIN"", ""(e440)"", ""CITRIC ACID (E330)"", ""NATURAL & ARTIFICIAL FLAVOUR"", ""COLOUR (E122)"", ""BENZOIC ACID (E210"", ""AS PRESERVATIVE).""]","[""-""]",[],,
Cadbury Dairy Milk,mondelez,snacks,8901233030548,,"[""13.2 g""]","[""Sugar"", ""Milk Solids16%"", ""Cocoa Butter"", ""Cocoa Solids"", ""Lactose"", ""Emulsifiers 442"", ""476""]","[""milk""]",[],,
Bharat Rice,bharat,plant-based-foods-and-beverages,8905532000400,,"[""10kg""]","[""Rice""]","[""-""]",[],,https://images.openfoodfacts.org/images/products/890/553/200/0400/front_en.3.400.jpg
Dmart Premia Sabudana small,dmart,plant-based-foods-and-beverages,8903363001764,,"[""500g""]","[""Sabudana""]","[""-""]",[],,
Aavin Chocolate Health Drink,aavin,beverages-and-beverages-preparations,8904011302967,,"[""200ml""]","[""Double Toned Milk"", ""Sugar"", ""Added Artificial Flavouring Substance Net. Qty. : 200 ml. M.R.P.: (Inclusive of all taxes) Date of Mfg.: Batch Ne. Best Before 120 day from date of Manufacture NUTRITIONAL INFOMATION 100ml Contains As Sugar Total Carbohydrates 14.3 gm No Preservative a Tastes best When Caramalized"", ""Ste Proteins 10 gm Fat 3.3 gm 1.5 gm Total Energy 84*Kcal KEEP YOUR CITY""]","[""-""]",[],,
Country Delight Cow Milk,country-delight,dairies,8906117361008,,"[""450ml""]","[""Cow Milk""]","[""milk""]",[],,https://images.openfoodfacts.org/images/products/890/611/736/1008/front_en.3.400.jpg
"Strawberry, greek yoghurt",athena,dairies,8908024694002,,"[""200 g""]","[""Milk & Milk solids"", ""Strawberry fruit preparation-12% (Water"", ""Strawberry fruit"", ""Apple Juice Concentrate"", ""Natural & Nature Identical Flavoring Substance (Strawberry)"", ""Stabilizer (INS 440)"", ""Natural Food Color (INS 163 vi)"", ""Acidity Regulator (INS 330)"", ""Steviol Glycosides (INS 960a)]"", ""Permitted Lactic Acid Culture Active Lactic Acid Culture: Lbacillus delbrueckii subsp. Bulgaricus"", ""S.thermophilus Allergens Contains Milk Nutrit Serve Si Amt. Per 10 Energy 91 Protein 10 Carbohydr Natural S Added S Total Fat 3. Saturated Trans Fa Cholester Sodium 38. Calcium 20 &quot"", ""Approximate Va for adult men. (F""]","[""milk""]",[],,
Threptin,threptin,snacks,0001241000224,,"[""275 g""]","[""Casein"", ""Sucrose"", ""Precooked Rice Flour"", ""Edible Vegetable Fat"", ""Bengal Gram"", ""Raising Agent [500 (ii)]"", ""Natural Colour (150 c)"", ""Emulsifier"", ""Vitamins"", ""Acidity Regulator (525) and Antioxidant (304).""]","[""milk""]",[],,https://images.openfoodfacts.org/images/products/000/124/100/0224/front_en.3.400.jpg
Millet Muesli Chocolate & Cranberry,tata-soulfull,millet-mueslis,8906113490337,,"[""500 g""]","[""Rolled Oats (22%)"", ""Brown Rice Flakes (18.9%)"", ""Millets (16%) [Ragi (9.7%)"", ""Jowar (6.3%)]"", ""Dark Chocolate (0%) [Refined Sugar"", ""Palm Oil"", ""Cocoa Solids"", ""Emulsifiers (INS 322"", ""INS 476)]"", ""Flax seed (10%)"", ""Cranberry (6%)"", ""Jaggery"", ""Almonds (3%)"", ""Rice Bran Oil"", ""Date Syrup"", ""Chia Seed (1%)"", ""Cocoa Solids"", ""Natural Flavour"", ""Edible Vegetable Pil (Palmolein)"", ""Iodised Salt"", ""Anticaking Agent (INS 170(i))"", ""Antioxidant (INS 320)""]","[""nuts""]",[],,
Lychee Zap,tata-gluco,beverages-and-beverages-preparations,8903754393058,,"[""180ml""]","[""Water"", ""Sugar"", ""Glucose (3.2%) Concentrated Apple Juice (1.7%)"", ""Mineral Salts"", ""Acidity Regulator (INS 330)"", ""Preservative (INS 202)"", ""Sweetener (INS 960)"", ""Emulsifier (INS 445)"", ""Natural Flavouring Substance"", ""Nature Identical Flavouring Substance.""]","[""-""]",[],,
Sunfeast Yippee! masala magic,sunfeast,plant-based-foods-and-beverages,8901725005986,,"[""560g""]","[""Instant Noodles: Refined Wheat Flour Maida)(78.4%)"", ""Refined Palm Oil"", ""lodized Salt"", ""Wheat Gluten (0.4%)"", ""Thickeners (INS 508"", ""INS 412)"", ""Stabilizers (INS 170(i)"", ""INS 339(ii)"", ""INS 450(iii)"", ""INS 452(i and Acidity Regulators (INS 501(1)"", ""INS 500(i)"", ""INS 330) Seasoning: Masala Mix: Dehydrated Vegetables Beans (9.5%)"", ""Carrot (7.1%)"", ""Onion (4.6%) and Cabbage (3.8%)]"", ""Instant Noodle Powder Refined Wheat Flour (Maida) (15.8%)"", ""Refined Palm Oil"", ""lodized Salt Wheat Gluten (0.07% Spices and Condiments (17.6%)[Garlic"", ""Coriander"", ""Cumin"", ""Ginger"", ""Chilli"", ""Aniseed"", ""Fenugreek"", ""Black Pepper"", ""Cardamom"", ""Nutmeg"", ""Caraway"", ""Cinnamon"", ""Clove and Turmeric]"", ""Sugar"", ""lodized Salt"", ""Hydrolyzed Vegetable Protein"", ""Natural Flavours and Natural Flavouring Substances"", ""Nature Identical Flavouring Substances"", ""Maltodextrin"", ""Yeast Extract"", ""Acidity Regulator (INS 330)"", ""Flavour Enhancers (INS 627"", ""INS 631) anticaking Agent (INS 501).""]","[""gluten""]",[],,
Emami Healthy & Tasty Refined Sunflower Oil,emami,plant-based-foods-and-beverages,8901248270212,,"[""900g""]","[""Refined Sunflower Oil"", ""Antioxidants (INS 319 & 330)"", ""Antifoaming agent (INS 900a)"", ""Vitamin A"", ""E & D""]","[""-""]",[],,https://images.openfoodfacts.org/images/products/890/124/827/0212/front_en.9.400.jpg
Real fruit mango drink,real,beverages-and-beverages-preparations,8901207006029,,"[""200ml""]","[""Water"", ""Sugar"", ""Mango Pulp (10%)"", ""Acidity Regulator (INS 330)"", ""Stabilizers (INS 412 & INS 466)"", ""Antioxidant (INS 300). Flavours (Nature Identical and Artificial Mango Flavouring Substances) and Colour (INS 110). THIS IS EQUIVALENT TO 10% FRUIT JUICE CONTENT. Single Consumption Pack. Consume Immediately""]","[""-""]",[],,
Bansi Rawa,good-life,plant-based-foods-and-beverages,8902901001785,,"[""500g""]","[""Bansi Rawa""]","[""-""]",[],,
MOM Roasted Makhana Cheddar Cheese,mom-meal-of-the-moment,plant-based-foods-and-beverages,8906084414196,,"[""64 g""]","[""Makhana (Fox Nuts - 64%)"", ""Edible Vegetable Oil (Sunflower)"", ""Seasoning [Milk Solids"", ""Cheese Powder (2.7 %)"", ""lodized Salt"", ""Flavours [Natural"", ""Nature Identical (Cheese)]"", ""Maltodextrin"", ""Sugar"", ""Ghee"", ""Anticaking Agent (INS 551)"", ""Acidity Regula - tor (INS 270)"", ""Flavour Enhancers (INS 627"", ""INS 631) and Antioxidant (INS 319)]. \nALLERGEN ADVICE: Milk & Sulphite""]","[""milk""]",[],,https://images.openfoodfacts.org/images/products/890/608/441/4196/front_en.10.400.jpg
Mixed Fruit Delight,Tropicana,beverages-and-beverages-preparations,8902080002023,,"[""180 ml""]","[""WATER"", ""SUGAR"", ""*CONCENTRATED MIXED FRUIT JUICE 6.1% (FROM APPLE"", ""MANGO"", ""GUAVA"", ""ORANGE"", ""BANANA"", ""APRICOT"", ""PEACH)"", ""ACIDITY REGULATOR (330)"", ""STABILIZERS (466"", ""440)"", ""IODISED SALT"", ""FLAVOUR (NATURAL AND NATURE IDENTICAL FLAVOURING SUBSTANCES)"", ""SWEETENER (960a)"", ""COLOUR (160a(i)).""]","[""banana"", ""orange"", ""peach""]",[],,
Jivo Olive Oil,jivo,plant-based-foods-and-beverages,8908000258211,,"[""1L""]","[""Olive Oil""]","[""-""]",[],,https://images.openfoodfacts.org/images/products/890/800/025/8211/front_en.3.400.jpg
MyProtein Impact Whey Protein - Coffee Caramel,MYPROTEIN,dairies,5060746508470,,"[""1kg""]","[""Whey Protein Concentrate (Emulsifiers (Sunflower Lecithin and Soy Lecithin)) (95%)"", ""Artificial Flavour (Coffee Caramel). Colour (150c)"", ""Diluent (Maltodextrin)"", ""Sweetener (Sucralose).""]","[""milk"", ""soybeans""]",[],,
Elvish,elvish,beverages-and-beverages-preparations,8904405987985,,"[""600ml""]","[""Water"", ""Mango Pulp (10%)"", ""Sugar"", ""Acidity Regulators (INS 330"", ""INS 331)"", ""Antioxidant (INS 300) Stabilizers Agents (INS 440"", ""INS 415) And Permitted Class II Preservative INS 211"", ""INS 224).""]","[""-""]",[],,
Dodla Ghee,dodla,dairies,8906024482056,,"[""200ml""]","[""Milk Fat 99.7%""]","[""milk""]",[],,
Dark Fantasy,sunfeast,snacks,8901725132859,,"[""20g""]","[""choco _creme_ (38%) [sugar"", ""refined palm oil"", ""refined palmolein"", ""cocoa solids"", ""antioxidant (ins 322(i)). contains added flavour(s) (nature identical flavouring substances chocolate and artificial flavouring substances ethyl vanillin)]"", ""_wheat_ flour"", ""hydrogenated vegetable oil"", ""sugar"", ""invert syrup"", ""liquid glucose"", ""raising agents (ins 503(0)"", ""ins 500(ii)"", ""ins 450(i)"", ""cocoa solids (0.7%)"", ""_butter_"", ""_milk_ solids"", ""edible common salt and emulsifiers (ins 3220)"", ""ins 471) contains permitted natural colour(s) (ins 150c"", ""ins 150d) and added flavour(s) (nature identical flavouring substances-chocolate and artificial flavouring substances vanilla"", ""_milk_)""]","[""gluten"", ""milk"", ""creme""]",[],,https://images.openfoodfacts.org/images/products/890/172/513/2859/front_en.25.400.jpg
Apple drink,johnson-and-johnson,beverages-and-beverages-preparations,8901012350010,,"[""200 ml""]","[""Purified water"", ""Sugar"", ""Dextrose"", ""Apple Juice (reconstituted) 10%"", ""Acidity Regulator (330)"", ""Sodium citrate"", ""Potassium chloride"", ""Sodium chloride"", ""Vitamin C (Ascorbic acid)\r\n\r\nCONTAINS PERMITTED NATURAL COLOUR (150a) AND ADDED FLAVOURS (NATURAL FLAVORING SUBSTANCE & ARTIFICIAL FLAVORING SUBSTANCES) [APPLE]""]","[""apple""]",[],,
Hard Candy,coastal-bay-confections,sweeteners,0639277143303,,"[""85g""]","[""ISOMALT"", ""CITRIC ACID"", ""MALIC ACID NATURAL AND ARTIFICIAL FLAVORS ARTIFICIA COLORS(FD&C RED 40"", ""YELLOW YELLOW 6)"", ""SUCRALOS E Distributed By Greenbrier International 500 Volve Parkway Chesapeake"", ""VA 23320 Made in USA AC. ALLERGEN STATT FMaTHATHANDLES""]","[""-""]",[],,
Aquafina,aquafina,beverages,8902080504046,,"[""500 ml""]","[""TREATED WATER.""]","[""-""]",[],,https://images.openfoodfacts.org/images/products/890/208/050/4046/front_en.21.400.jpg
HEALTHY LIFE PURE GRADE HONEY,reliance,breakfasts,8904132907829,,"[""500 g""]","[""Honey""]","[""-""]",[],,
kinley water 500ml,-,beverages-and-beverages-preparations,89000724,,"[""4""]","[""TREATED WATER"", ""SALT OF SODIUM AND MAGNESIUM.""]","[""-""]",[],,
Whole Wheat Bread,fresho,plant-based-foods-and-beverages,8904256700863,,"[""400g""]","[""Whole wheat flour (Atta)"", ""Refined wheat flour (Maida)"", ""Sugar"", ""Edible vegetable fat"", ""Yeast"", ""lodized Salt"", ""Edible vegetable oil (palm oil)"", ""Gluten"", ""Whole wheat kernels"", ""Improver"", ""Caramel Colour (INS 150a)""]","[""gluten""]",[],,https://images.openfoodfacts.org/images/products/890/425/670/0863/front_en.5.400.jpg
Kissan Mix Fruit Jam,kisaan,plant-based-foods-and-beverages,8901030535048,,"[""500 g""]","[""Sugar"", ""Mixed Fruit Pulp Blend 46% (Banana Pulp"", ""Papaya Pulp"", ""Pear Pulp"", ""Apple Juice"", ""Pineapple Juice"", ""Orange Juice"", ""Mango Pulp"", ""Grape Juice)"", ""Thickener E440"", ""Acidity Regulator 330"", ""Preservative E202"", ""Vitamin B3"", ""Food Colour 122"", ""Added Flavours (Artificial Raspberry"", ""Pineapple"", ""Strawberry Flavouring Substances)""]","[""-""]",[],,
Fusilli Protein Pasta,mille,protein-pasta,8906131681854,,"[""250 g""]","[""Protein Blend (Bengal Gram Flour"", ""Pea Protein) (65%)"", ""Tapioca Starch (18%)"", ""Brown Rice Flour (13%)"", ""Psyllium Powder"", ""Guar Gum (INS 412)"", ""Xanthan Gum (INS 415) Allergen Advice: Made in a facility that processes wheat. May contain trace elements.""]","[""-""]",[],,https://images.openfoodfacts.org/images/products/890/613/168/1854/front_en.3.400.jpg
Flipkart Grocery Kasuri Methi,flipkart-grocery,condiments,8904293725539,,"[""25 g""]","[""Kasuri Methi""]","[""-""]",[],,
Flipkart Grocery Classic Cumin Seeds (Jeera),flipkart-grocery,plant-based-foods-and-beverages,8904293709959,,"[""500 g""]","[""Cumin Seeds (Jeera)""]","[""-""]",[],,
raisins yellow,good-life,plant-based-foods-and-beverages,8902901427165,,"[""500g""]","[""Raisins""]","[""-""]",[],,https://images.openfoodfacts.org/images/products/890/290/142/7165/front_en.3.400.jpg
Chocolate Feast,kwality-wall-s,desserts,11928227,,"[""62g""]","[""MEDIUM FAT FROZEN DESSERT (52.6%): Water"", ""Sugar"", ""Palm Oil"", ""Milk Solids"", ""Liquid Glucose"", ""Cocoa Solids"", ""Vegetable CHOCOLATE Protein (Soy)"", ""Stabilizers (E412"", ""E417"", ""E407"", ""E410)"", ""Artificial (Vanilla) Flavouring Substance"", ""Food Colours (E110"", ""E102"", ""E122"", ""E133"", ""E143). Compound Coating (25.4%): Palm Kernel Oil"", ""Sugar"", ""Cocoa Solids"", ""Milk Solids"", ""Rusk"", ""Emulsifier (E322) and Artificial (Vanilla & Chocolate) Flavouring Substances. Inner Core (22.3%): Sugar"", ""Palm Kernel Oil"", ""Cocoa Solids"", ""Emulsifier (E322)"", ""Artificial (Chocolate & Vanilla) Flavouring Substances. Contains Milk"", ""Soy and Wheat.""]","[""gluten"", ""milk"", ""soybeans""]",[],,
Nicotex,ciplahealth,snacks,8904455003253,,"[""9 gums""]","[""Nicotine Polacrilex USP equivalent to Nicotine 2 mg COLOUR: Titanium Dioxide IP""]","[""-""]",[],,
Kings Coffee Premium Cold Coffee - Original,kings-coffee,beverages-and-beverages-preparations,8935270806446,,"[""280 ml""]","[""Roasted Coffee Beans"", ""Milk & Milk Solids"", ""Sugar(8%)"", ""water"", ""Coffee powder(0.8%)"", ""CONTAINS PERMITTED STABILIZER (S) (INS 407)"", ""EMUSIFIER (S) (INS 340"", ""INS 452) & ACIDITY REGULATOR (S) (INS 339)"", ""INS 339(iii)) CONTAINE ADDED FLAVOUR (S) (NATURAL & NATURE IDENTICAL FLAVOURING SUBSTANCES.\nCAPPUCCINO FLAVOUR)\nAllergen Advice:- Contains Milk""]","[""milk""]",[],,
Little Hearts Classic Crunch,britannia,snacks,8901063019232,,"[""30.1g""]","[""REFINED WHEAT FLOUR (MAIDA)"", ""SUGAR (23%)"", ""REFINED PALMOLEIN & PALM OIL"", ""RAISING AGENTS [503(ii) & 500(ii)]"", ""MILK SOLIDS"", ""IODISED SALT"", ""YEAST AND EMULSIFIER [322(i)] \nCONTAINS WHEAT"", ""MILK AND SOY.""]","[""gluten"", ""milk"", ""soybeans""]",[],,https://images.openfoodfacts.org/images/products/890/106/301/9232/front_en.3.400.jpg
"L-Carnitine XS 3000 mg Liquid, Blue Razz flavor",ronnie-coleman-signature-series,dietary-supplements,0855231007010,,"[""473.28 ml""]","[""Purified Water"", ""Citric Acid"", ""Phosphoric Acid"", ""Malic Acid"", ""Sucralose"", ""Natural and Artificial Flavors"", ""Acesulfame-K"", ""Potassium Sorbate"", ""Sodium Benzoate. Allergen Warning: Manufactured in a facility that also manufactures egg"", ""wheat"", ""milk"", ""soy"", ""tree nuts"", ""fish and shellfish.""]","[""fish"", ""gluten"", ""milk"", ""nuts"", ""soybeans""]",[],,
Similac Total Comfort 3 Growing Up Formula,similac-is-sold-by-abbott,baby-foods,8427030007359,,"[""820 g""]","[""RAMUAN: Maltodekstrin"", ""MINYAK SAYURAN: (minyak bunga matahari oleik tinggi"", ""minyak kacang soya minyak kelapa)"", ""protein air dadih separa hidrolisis (susu lembu)"", ""sukrosa"", ""MINERAL: (kalsium klorida"", ""trikalsiu fosfat"", ""kalium fosfat"", ""kalium hidroksida"", ""magnesium sulfat"", ""natrium sitrat"", ""ferus sulfat"", ""kalium klorida"", ""zink sulfat natrium klorida"", ""kuprum sulfat"", ""mangan sulfat"", ""kalium iodida"", ""natrium selenit)"", ""frukto-oligosakarida (FOS)"", ""perisa VITAMIN: (asid askorbik"", ""natrium askorbat"", ""askorbil palmitat"", ""niasinamida"", ""RRR-alfa tokoferil asetat"", ""ka - pantotenat"", ""piridoksina hidroklorida"", ""Vitamin A palmitat"", ""tiamin hidroklorida"", ""riboflavin"", ""asid folik"", ""ilokuinon"", ""d-bi Klorida"", ""asid arakidonik (AA) dari minyak M. alpina"", ""asid dokosaheksenoik (DHA) dari minyak Schizochytrium sp kolekalsiferol"", ""sianokobalamina)"", ""2'-fucosyllactose (2'-FL) (oligosakarida)"", ""pengemulsi (lesitin soya)"", ""kolina NUKLEOTIDA: (sitidina 5'-monofosfat"", ""dinatrium uridina 5'-monofosfat"", ""adenosina 5'-monofosfat"", ""dinatrium guanosina 5'-monofosfat)"", ""taurina"", ""asid sitrik"", ""campuran tokoferol"", ""KAROTENOID: (lutein"", ""beta karotena). Mengandung pengemulsi sebagai kondisioner makanan yang dibenarkan dan bahan perisa yang dibenarkan. Maklumat Pemakanan""]","[""-""]",[],,https://images.openfoodfacts.org/images/products/842/703/000/7359/front_en.8.400.jpg
Bru Instant Coffee,bru,beverages-and-beverages-preparations,8909106066410,,"[""7.3 g""]","[""INSTANT COFFEE-CHICORY MIXTURE""]","[""-""]",[],,
Roasted Peri Peri Makhana,mom-meal-of-the-moment,plant-based-foods-and-beverages,8906084414233,,"[""64 g""]","[""Makhana (Fox - Nuts 70%)"", ""Edible Vegetable Oil (Sunflower)"", ""Seasoning [Sugar"", ""lodised Salt"", ""Onion Powder"", ""Tomato Powder"", ""Flavours [Natural (Spice)"", ""Nature Identical (Tomato)]"", ""Spice & Condiments (0.8%) (Chilli (0.6%)"", ""Ginger)"", ""Garlic Powder (0.5%)"", ""Acidity Regulator (INS 330)"", ""Yeast Extract"", ""Black Salt"", ""Hydrolysed Vegetable Protein"", ""Lemon Powder"", ""Flavour Enhancers (INS 627"", ""INS 631) and Anticaking Agent (INS 551)]. \nALLERGEN ADVICE: Soy & Sulphite""]","[""nuts""]",[],,
farmlite oats & chocolate Cookies,itc,snacks,8901725004682,,"[""150 g""]","[""Wheat flour (Atta) (31.3%)"", ""Oat flakes (20.3%)"", ""Sugar"", ""Refined palm oil"", ""Plain chocolate chips (6.2%) {Sugar"", ""Cocoa solids"", ""Cocoa butter"", ""Dextrose"", ""Emulsifier [Lecithin (from soybean)]"", ""Natural flavours and natural flavouring substances}"", ""Liquid glucose"", ""Invert syrup"", ""Raising agents [INS 503 (ii)"", ""INS 500(ii)"", ""INS 450(i)]"", ""Cocoa solids (1.4%)"", ""Almond (1.4%)"", ""Maltodextrin"", ""lodized salt"", ""Artificial flavouring substances (Milk"", ""Vanilla) and Emulsifier [Lecithin (from Soyabean)] CONTAINS WHEAT"", ""OATS"", ""MILK"", ""SOY"", ""NUT. MAY CONTAIN SULPHITE""]","[""gluten"", ""milk"", ""nuts"", ""soybeans""]",[],,https://images.openfoodfacts.org/images/products/890/172/500/4682/front_en.3.400.jpg
Aashirvaad Double Roasted Suji Rava,Aashirvaad,plant-based-foods-and-beverages,8901725001063,,"[""1kg""]","[""Wheat""]","[""gluten""]",[],,
Haldirams Aloo Bhujia,haldiram,chips-and-fries,12751112,,"[""220g""]","[""Potato (44%)"", ""Edible Vegetable Oil (Cotton Seed"", ""Corn"", ""Palmolein"", ""Ground Nut and Rice Bran)"", ""Gram Pulse Flour"", ""Rice Flour"", ""Edible Starch"", ""lodised Salt"", ""*Spices & Condiments (Coriander Powder"", ""Cumin Powder"", ""Mango Powder"", ""Garlic Powder"", ""Onion Powder"", ""Lemon Powder"", ""Ginger Powder"", ""Red Chilli Powder"", ""Mace Powder"", ""Nutmeg Powder"", ""Turmeric Powder"", ""Mint Leaves Powder). Acidity Regulator (INS 330)"", ""Anticaking Agent (INS 551)"", ""Flavour Enhancers (INS 627&INS 631) and Natural & Nature Identical Flavouring Substances. *Used as natural flavouring substances. Allergen Information: Contains Peanut. (200g+209 Extra) OPE TAIN NET WEIGHT: 220g MFG. DATE:""]","[""peanuts""]",[],,
Golden Milk Mix,two-brothers,beverages-and-beverages-preparations,8906153884509,,"[""200g""]","[""Turmeric Powder (40%)"", ""Ginger Powder (28%)"", ""Black pepper (7%)"", ""Cardamom (7%)"", ""Fennel seeds (6.6%)"", ""Cinnamon (5%)"", ""Nutmeg"", ""Big Cardamom (5%)"", ""Saffron (0.4%)""]","[""-""]",[],,https://images.openfoodfacts.org/images/products/890/615/388/4509/front_en.3.400.jpg
Soft Imli,balaji,snacks,8906010503987,,"[""100000""]","[""ALACES ARBONNE ALLSTATION PURPOSE O Soft Imli BALAJI BALAJI WAFERS Candy""]","[""-""]",[],,
COCOA POWDER MEDIUM FAT COCOA POWDER,hershey-s,cocoa-and-its-products,8901071211161,,"[""225 g""]","[""100% cacao""]","[""-""]",[],,
Lotte Choco Pie,lotte,pies,8901123005397,,"[""168 g""]","[""CHOCO COVERING(25%) [SUGAR"", ""HYDROGENATED VEGETABLE FAT (PALM)"", ""COCOA SOLIDS"", ""MILK SOLIDS"", ""EMULSIFIERS (322"", ""476)"", ""ARTIFICIAL FLAVOUR (VANILLA)]"", ""REFINED LIQUID WHEAT FLOUR (MAIDA)"", ""SUGAR"", ""GLUCOSE"", ""INTERESTERIFIED & HYDROGENATED VEGETABLE FAT (PALM)"", ""HUMECTANTS (420"", ""422)"", ""RAISING AGENTS [500(ii)"", ""503(ii)]"", ""MILK SOLIDS"", ""DEXTROSE"", ""PRESERVATIVES (202"", ""281)"", ""IODISED SALT"", ""STABILIZERS (407"", ""406"", ""440"", ""401"", ""461"", ""415)"", ""ACIDITY REGULATOR [341(i)] AND ARTIFICIAL FLAVOUR (MILK).""]","[""en:gluten"", ""en:milk"", ""en:soybeans""]",[],,https://images.openfoodfacts.org/images/products/890/112/300/5397/front_en.16.400.jpg
kitkat,kitkat,snacks,0034000077557,,"[""25g""]","[""sugar"", ""wheat flour"", ""nonfat milk"", ""cocoa butter"", ""chocolate"", ""palm oil"", ""lactose"", ""yeast"", ""vanilln"", ""artificial flavor"", ""salt"", ""sodium bicarbonate""]","[""gluten"", ""milk""]",[],,
manchurian rings,lite-n-fit,plant-based-foods-and-beverages,8906081810083,,"[""80g""]","[""total fat (g)  26g 40%""]","[""-""]",[],,
Patanjali Pineapple Jam,patanjali,plant-based-foods-and-beverages,8904109445309,,"[""500g""]","[""Sugar"", ""Pineapple Fruit Pulp (45%)"", ""Pectin (INS 440)"", ""Acidity Regulator (INS 330)"", ""Preservative (INS 211)""]","[""-""]",[],,https://images.openfoodfacts.org/images/products/890/410/944/5309/front_en.6.400.jpg
Pillsbury cookie cake - choco nut butter,pillsbury,cookie-cake,8904150502396,,"[""22 g""]","[""Wheat Hor"", ""Gucse Syrup"", ""Sugar"", ""Edible Vegetable Oil Palm)"", ""Detrose"", ""Water"", ""Dank choco drizle 6.3%)(Sugar"", ""Hydrogenated Vegetable at Palm)"", ""oca Solid"", ""Futose"", ""Emulifier Humedtant (NS42)"", ""Cashew favured dips )(uga"", ""Hydrngenated Vegetabe at Palm) Compound ONSIZ)"", ""Milk Solids&Emulsifier (NS52)"", ""Maltodextrin"", ""ik solits 2.3)"", ""leavenig agents (NS410"", ""NSO (INSATI"", ""INSA75"", ""INSA3)"", ""Butter 05%)"", ""Food colours(NSI50"", ""NSTIO)"", ""Stablizer (NS41"", ""NA1)"", ""VitaminD INS3410"", ""Modfied starch (NSI42)"", ""Starch"", ""ashew Nuts (1)"", ""oied Salt"", ""Cacum Carbonate"", ""Emulifier""]","[""milk""]",[],,
Bourbon,britannia,snacks,8901063139206,,"[""120g""]","[""mSUGAR &5%0 DIERTS 500"", ""508() EMULSIFIERS (471"", ""322)Y AND EDIBLE COMMON SALT NTANS PERMITTED NATURAL&SYNTHETIC FOOD COLOURS (150a"", ""150d"", ""102110.122.133)AND ADDED FLAVOURS INATURE IDENTICAL& ARTIFICIAL FLAVOURNG SUBSTANCES AILLA"", ""MILK&CHOCOLATE)]""]","[""milk""]",[],,
Lite Bread Spread,amul,plant-based-foods-and-beverages,8901262140065,,"[""500 g""]","[""Refined Vegetable Oils"", ""Milk Fat"", ""Common Salt"", ""Milk Solids"", ""Emulsifiers (E322)"", ""Stabilizer (E471)"", ""Class II Preservatives (E 202)"", ""Acidity Regulator (E 330) & Antioxidant (E 319)""]","[""milk""]",[],,https://images.openfoodfacts.org/images/products/890/126/214/0065/front_en.4.400.jpg
Mari Gold,-,snacks,8901063162518,,"[""117 g""]","[""REFINED WHEAT FLOUR (MAIDA) (73%)"", ""SUGAR"", ""REFINED PALM OIL"", ""INVERT SUGAR SYRUP"", ""MILK PRODUCTS (MILK SOLIDS&SWEETENED CONDENSED PARTLY SKIMMED MILK)"", ""RAISING AGENTS [503(ii) & 500(ii)]"", ""IODISED SALT"", ""MINERALS**"", ""ARTIFICIAL (MILK & VANILLA) & NATURE IDENTICAL FLAVOURING SUBSTANCES"", ""EMULSIFIER (472e)"", ""DOUGH CONDITIONER (223)"", ""VITAMINS&quot"", ""COLOUR (150d) AND IMPROVER (1101(i))""]","[""gluten"", ""milk""]",[],,
Scotti Hakumaki Sushi,scotti,plant-based-foods-and-beverages,8001860238369,,"[""1 kg""]","[""500 g uncooked Hakumaki Sushi rice"", ""625 ml cold water"", ""120 ml sushi rice vinegar.""]","[""-""]",[],,
Natural Jaggery Powder,rmp,sweeteners,8904238426842,,"[""500g""]","[""SugarCane Jaggery""]","[""-""]",[],,
Vahdam Matcha Green Tea,vahdam,beverages-and-beverages-preparations,8901205039357,,"[""50g""]","[""Matcha Green Tea Powder""]","[""-""]",[],,https://images.openfoodfacts.org/images/products/890/120/503/9357/front_en.3.400.jpg
Toor dal 500,good-life,toor-dal,8902901224726,,"[""500g""]","[""Toor Dal""]","[""-""]",[],,
almond fresh,so-good-india,plant-based-foods-and-beverages,0841541001206,,"[""200 ml""]","[""For more recipes & information"", ""visit: www.lhf.co.in INGREDIENTS: Water"", ""Almond (2.6 %)"", ""Minerals (Calcium Phosphate Tribasic (INS 341)"", ""Sodium Bicarbonate (INS 500))"", ""Emulsifier (INS 322)"", ""Salt Stabiliser (INS 418) and Vitamins (Ascorbic Acid Niacinamide"", ""Calcium Pantothenate"", ""Riboflavin"", ""Pyridoxine hydrochloride"", ""Thiamine Mononitrate"", ""Vitamin A Acetate (250CWS)"", ""Folic Acid Cyanocobalamine"", ""Ergocalciferaol). All ingredients are of non-animal origin.""]","[""nuts""]",[],,
Yoga Bar Millet Muesli,yoga-bar,plant-based-foods-and-beverages,8904335604150,,"[""500g""]","[""Whole Grains 58.0% (Millets 26.0% (Ragi 16%"", ""Jowar 10%)"", ""Rolled Oats 22%"", ""Brown Rice Flakes)"", ""Corn Flakes (Corn Grits"", ""Unrefined Sugar"", ""Iodized Salt"", ""Malt Extract"", ""Soy Lecithin)"", ""Nuts & Seeds 9.5% (Flax"", ""Pumpkin"", ""Almond)"", ""Rice Crispy"", ""Dehydrated Fruits 4.8% (Raisins"", ""Cranberry)"", ""Jaggery Syrup"", ""Honey"", ""Rice Bran Oil"", ""Natural Flavors (Almond"", ""Rosemary Extract)"", ""Himalayan Pink Salt.""]","[""gluten"", ""nuts"", ""soybeans""]",[],,https://images.openfoodfacts.org/images/products/890/433/560/4150/front_en.17.400.jpg
Everyday Milk Bread,everyday,plant-based-foods-and-beverages,8908001032049,,"[""400g""]","[""Refined wheat flour"", ""Sugar"", ""Yeast"", ""Iodised Salt"", ""Refined Palmolein Oil"", ""Soya Flour"", ""Emulsifier (INS 476"", ""471"", ""481 (1))"", ""Preservative (INS 282)"", ""Condensed Milk"", ""Antioxidant (INS 300)"", ""Improver (INS 1100). Acidity Regulator (INS 260).""]","[""gluten"", ""milk"", ""soybeans""]",[],,
Puli Kacchal Thokku,a2b,condiments,8907003000797,,"[""400g""]","[""Refined rice bran oil"", ""Tamarind (20%)"", ""lodised salt"", ""Bengal gram dhall"", ""Black gram dhall"", ""Chillies"", ""Coriander"", ""Asafoetida"", ""Mustard"", ""Turmeric"", ""Fenugreek"", ""Preservative(INS211).""]","[""mustard""]",[],,
Fast & Up Man extend,fast-up,dietary-supplements,8906097597169,,"[""1""]","[""Acidity regulators [INS 330 and INS 500 L-Citrulline DL-Malate"", ""Magnesium carbonate L-Arginine"", ""Stabilizer [INS 1202]"", ""Nature Identical flavour (Cola)"", ""L-Ornithine hydrochloride"", ""Asparagus densiflorus (Shatavari) extract"", ""Zinc sulphate"", ""Sweetener (INS 955]"", ""Nature Identical flavour (Lemon)"", ""Natural food colour [INS 150d)"", ""Anti-foaming agent (INS 1521]"", ""Bacopa monnieri (Brahmi) extract Trigonella foenum-graecum (Fenugreek) (Testofen extract"", ""Anticaking agent [INS 551]"", ""Piper nigrum (Black pepper) extract. Recommended usage level: 1 effervescent tablet in a glass of water to be consumed daily. Not to be consumed an empty stomach. THIS CONTAINS SUCRALOSE Warning: DO NOT CONSUME THE TABLET DIRECTLY Not to exceed the recommended daily usage. Storage: Store at a temperature below 25°C in dry placa Product is required to be stored out of reach of NOT FOR MEDICINAL USE. This product is not children. Close the cap tightly after every use. mended to diagnose"", ""treat"", ""cure"", ""or prevent any CONTAIN NON-CALORIC SWEETENER or a varied diet. Marketed by: Aeronutrix Sports Products Pvt. Lid 315 Woodrow"", ""19 Veera Desai Road Andheri West"", ""Mumbai - 400 053 Issat Lic. No.: 10020022011847 AMER CARE pasta"", ""querien adored back"", ""contact our""]","[""-""]",[],,https://images.openfoodfacts.org/images/products/890/609/759/7169/front_en.3.400.jpg
California Pistachios Roasted & Salted,hansraj-superia,plant-based-foods-and-beverages,8906009182100,,"[""250 g""]","[""Pistachios"", ""Common Salt""]","[""nuts""]",[],,
Amul Masti,amul,dairies,8901262200622,,"[""390 g""]","[""Pasteurised toned milk"", ""milk solids"", ""active culture""]","[""milk""]",[],,
Dairymilk crispello,cadbury,snacks,7622201415662,,"[""13g""]","[""Sugar"", ""Cocoa Butter"", ""Milk Solids (14%)"", ""Wheat Crispies (12%) (Refined Wheat Flour (Maida)"", ""Sugar"", ""Corn Starch"", ""Cocoa Solids"", ""lodised Salt"", ""Palm Kernel Oil"", ""Leavening Agents (450(i). 500)"", ""341 (i)))"", ""Cocoa Solids"", ""Lactose"", ""Emulsifiers (442"", ""476). Fours (Natural Nature Ideftical and Artificial (Caramel"", ""Vanilla) Havouring Substances). Allergen Information: Contains Milk"", ""Wheat"", ""Sulphites. May Contain Barley"", ""Soy.""]","[""gluten"", ""milk"", ""sulphur dioxide and sulphites""]",[],,https://images.openfoodfacts.org/images/products/762/220/141/5662/front_en.3.400.jpg
Roasted Idiyappam & Puttu Flour,madurai-famous,plant-based-foods-and-beverages,8890084192508,,"[""500 g""]","[""RICE""]","[""-""]",[],,
Badam Flavoured Milk,cavin-s,almond-milkshakes,8902979011549,,"[""170ml""]","[""Double toned milk"", ""Sugar"", ""Almond bits (0.4%)"", ""Flavour (Artificial (Badam) Flavouring substance)"", ""Sequestrant (INS 339 (i))"", ""Stabilizer (INS 407)"", ""Synthetic food color (INS 102"", ""INS 110). Allergen advice: Contains milk and nuts""]","[""milk"", ""nuts""]",[],,
Raisin Coated With Milk Chocolate,beryl-s,snacks,9556247514318,,"[""120 g""]","[""Sugar"", ""Full Cream Milk Powder"", ""Raisin"", ""Cocoa Mass"", ""Cocoa Butter"", ""Vegetable Fat"", ""Tapioca Starch"", ""Glazing Agent (E904)"", ""Emulsifier (Soya Lecithin E322)"", ""Vanilla. May Contain Traces Of Nut.""]","[""milk""]",[],,https://images.openfoodfacts.org/images/products/955/624/751/4318/front_en.11.400.jpg
Mix Grain Bite Chikki,ideal-chikki,snacks,8939120550350,,"[""200g""]","[""Til"", ""Black Til"", ""Rajgira"", ""Peanut & Jaggery MRP: 80/- (Inclusive of all taxes) Mfg Date: 24-10-2025""]","[""peanuts""]",[],,
Pattabhi Ragi Flour,pattabhi,plant-based-foods-and-beverages,8906030960043,,"[""500 g""]","[""Ragi""]","[""-""]",[],,
Masala Pori,town-bus,snacks,8906010366575,,"[""28 g""]","[""Puffed Rice (44%)"", ""Bengal Gram Flour"", ""Rice Flour"", ""Fried Gram Dal"", ""Groundnuts"", ""Garlic"", ""Red Chilli Powder"", ""Turmeric Powder"", ""Red Chilli"", ""Cumin"", ""Mustard"", ""Coriander Powder"", ""Fenugreek"", ""Curry Leaves and Asafoetida. Contains: Nuts (Peanuts) May Contains: Nuts"", ""Milk"", ""Wheat & Sesame.""]","[""milk"", ""mustard"", ""nuts"", ""peanuts""]",[],,https://images.openfoodfacts.org/images/products/890/601/036/6575/front_en.3.400.jpg
Tamarind Whole,whole-farm,raw-tamarind,8906167242951,,"[""500 g""]","[""Tamarind""]","[""-""]",[],,
Amul Malai Paneer,amul,dairies,8901262180146,,"[""1kg""]","[""Milk Solids"", ""Citric Acid""]","[""milk""]",[],,
Dhatu Brown Top Millet,dhatu,plant-based-foods-and-beverages,8906079572962,,"[""250 g""]","[""Brown Top Millet""]","[""-""]",[],,https://images.openfoodfacts.org/images/products/890/607/957/2962/front_en.3.400.jpg
Plain Appalam (Size No. 7),madurai-mayil-mark-appalam,appalam-papad-papadum,8899120003181,,"[""40 g""]","[""ORID FLOUR"", ""SODIUM BI-CARBONATE SALT"", ""RICE FLOUR EDIBLE OIL"", ""CUMIN SEED.""]","[""-""]",[],,
nutri choice,britannia,snacks,8901063142336,,"[""75g""]","[""REFINED WHEAT FLOUR"", ""WHOLE WHEAT FLOUR (20%)"", ""EDIBLE VEGETABLE OIL (PALM)"", ""SUGAR"", ""WHEAT BRAN (4.7%)"", ""LIQUID GLUCOSE"", ""MILK SOLIDS"", ""MALTODEXTRIN"", ""RAISING AGENTS [503(ii)"", ""500(ii)"", ""IODISED SALT"", ""EMULSIFIERS (322"", ""471"", ""472e)"", ""MALT EXTRACT AND DOUGH CONDITIONER (223).""]","[""gluten"", ""milk""]",[],,
Hajmola,dabur,laxative,8901207062865,,"[""120N""]","[""each tablet is prepared/derived from: powder mix 79"", ""372 mg consisting of pippali (piper longum"", ""fr"", "") 4"", ""762 mg"", ""sunthi zingiber officinale"", ""r"", "") 7"", ""937 mg"", ""maricha (piper nigrum"", ""fr"", "") 9"", ""528 mg"", ""nimbu saar (citrus limon"", ""satva) 9"", ""525 mg"", ""sauvarchala lavana 11"", ""905 mg"", ""shveta jiraka (cuminum cyminum"", ""fr"", "") 15"", ""873 mg"", ""imi saar (tamarindus indica"", ""satva) 19"", ""842 mg)"", ""and powders of samudra from:  chincha (tamarindus indica"", ""fr"", "") 108"", ""370 mg"", ""and excipients q"", ""s"", ""preservative: sodium benzoate ip haimo""]","[""-""]",[],,
Hide And Seek,parle,snacks,3948719100369,,"[""33g""]","[""Wheat Floor"", ""Chocolate"", ""Sugar\nPalm Oil"", ""Invert Sugar Syrup"", ""Iodised Salt""]","[""-""]",[],,https://images.openfoodfacts.org/images/products/394/871/910/0369/front_en.6.400.jpg
Salt LITE,tata,condiments,8904043901077,,"[""1 kg""]","[""Edible Common Salt"", ""Potassium Chloride"", ""Anticaking Agents (INS 551"", ""INS 536)"", ""Potassium lodate""]","[""-""]",[],,
Phool Makhana,global-choice,snacks,0692058015732,,"[""200 g""]","[""Puffed Lotus Seed""]","[""-""]",[],,
RICE NOODLES,jvapa,plant-based-foods-and-beverages,8906161220009,,"[""400 g""]","[""Rice"", ""Water""]","[""-""]",[],,https://images.openfoodfacts.org/images/products/890/616/122/0009/front_en.3.400.jpg
Nescafe Classic Pure Coffee,Nestlé,plant-based-foods-and-beverages,89006733,,"[""25 g""]","[""COFFEE BEANS""]","[""-""]",[],,
Khakhra Whole wheat Crisps,shanta,snacks,8906054210940,,"[""35g""]","[""Whole Wheat Flour (Atta) (78%)"", ""Edible Vegetable Oil (Palmolein) (17%)"", ""Pink Salt"", ""Fenugreek Leaves"", ""Red Chilli Powder (1%)"", ""Turmeric Powder. ZUTATEN: Weizenvallkornmehl (Atta) (78%)"", ""Huile Végétale Comestible (Palmoléine) (17%)"", ""Rosa Salz"", ""Bockshornklee Blätter"", ""Rotes Chillpulver (1%)"", ""Kurkumapulver. IMPORTANT Odours"", ""Sunlig WICHTIG: An Insekten"", ""Sch الشمس والغبار. المكونات طحين قمح كامل (عطا) (۷۸٪) ، زيت نباتي صالح للأكل (بالمولين) (۱۷٪)، الملح الوردي أوراق حلبة مسحوق فلفل حار أحمر (۱)) مسحوق كركم. CONTAINS: Wheat/ ENTHALT: Weizen/: ALLERGEN ADVICE: This product was processed on Machinery that also processes Wheat"", ""Peanuts"", ""Tree Nuts"", ""Soy and Sesame Seeds. RATSCHLÄGE ZU ALLERGENEN: Dieses produkt wurde auf Maschinen verarbeitet"", ""die auch Weizen"", ""Erdnüsse"", ""Baumnüsse"", ""Soja und Sesam verarbeiten. نصيحة مسببات حساسية هذا المنتج معالج بألة تعالج أيضاً قمح، فول سوداني مكسرات، صويا وبذور سليم. ► Apply Ghee (Clarified Butter)"", ""Spices"", ""Sugar as per taste. Tastes good with Indian Chai"", ""Pickles"", ""Curd (Yogurt)"", ""Green Chutney or Garlic Chutney. &quot"", ""Enlarged ima *Das vergröße &quot"", ""Do not buy t &quot"", ""Kaufen Sie d 0% Trans Fat & Pholastoral Vacuum Por Fr""]","[""gluten"", ""milk"", ""nuts"", ""peanuts"", ""sesame seeds"", ""soybeans""]",[],,
Honey Twigs Vanilla Infused Honey,honey-twigs,breakfasts,8908005469162,,"[""240 g""]","[""Multifloral Honey (97%)"", ""Natural Vanilla Extract (2%)"", ""Vanilla pod powder (1%)""]","[""-""]",[],,https://images.openfoodfacts.org/images/products/890/800/546/9162/front_en.3.400.jpg
Himalaya honey,apis,breakfasts,8906021922067,,"[""500""]","[""Honey""]","[""-""]",[],,
Frooti Mango Drink,parle-agro,plant-based-foods-and-beverages,8902579103415,,"[""150ml""]","[""WATER"", ""MANGO PULP (19.5%)"", ""SUGAR"", ""ACIDITY REGULATOR (INS330) AND ANTIOXIDANT (INS300). CONTAINS PERMITTED SYNTHETIC FOOD COLOUR (INS110) AND ADDED FLAVOUR [NATURE-IDENTICAL FLAVOURING SUBSTANCES (MANGO)] (INS-INTERNATIONAL NUMBERING SYSTEM) NO ADDED PRESERVATIVE""]","[""-""]",[],,
Bisleri 1ltr MADE IN INDIA,bisleri,beverages,8906017290040,,"[""1""]","[""TREATED WATER"", ""MINERALS (CALCIUM CHLORIDE"", ""MAGNESIUM SULPHATE"", ""POTASSIUM BICARBONATE).""]","[""-""]",[],,https://images.openfoodfacts.org/images/products/890/601/729/0040/front_en.8.400.jpg
cheese balls,Time Out,snacks,8908005583189,,"[""55g""]","[""INGREDIENTS:Corn Grits"", ""Refined Vegetable Oil"", ""Cheese Powder"", ""Mix Spice & lodized salt""]","[""milk""]",[],,
Priya Gold Refined Palmolein Oil,priya-gold,plant-based-foods-and-beverages,8908006849086,,"[""1L""]","[""Refined Palmolein Oil""]","[""-""]",[],,
Bell Whole Wheat Chapati,bell,plant-based-foods-and-beverages,8906106620062,,"[""400g""]","[""Whole Wheat Flour"", ""RO Purified Water"", ""Edible Vegetable Oil and Low Sodium Salt""]","[""gluten""]",[],,https://images.openfoodfacts.org/images/products/890/610/662/0062/front_en.3.400.jpg
ammamma's Methi Chapati,ammamma-s,plant-based-foods-and-beverages,8906029605412,,"[""400g""]","[""Whole Wheat Flour"", ""RO Purified Water"", ""Refined Palmolein Oil"", ""Methi Leaves Dried (2%)"", ""Iodised Salt. Sugar"", ""Spices (Ajwain"", ""Coriander Cumin"", ""Dry Ginger Cloves & Cinnamon) Emulsifier (471"", ""481)"", ""Preservatives (202"", ""282)""]","[""gluten""]",[],,
Maggi,Maggi,plant-based-foods-and-beverages,8901058005608,,"[""may/24/jan/25-D""]","[""Noodles: Refined wheat flour (Maida)"", ""Palm oil"", ""lodized salt"", ""Wheat gluten"", ""Thickeners (508 & 412)"", ""Acidity regulators (501(i) & 500 (i)) and Humectant (451 (i)). \nMasala *TASTEMAKER®: Mixed spices (25.6%) (Onion powder"", ""Coriander powder"", ""Turmeric powder"", ""Red chilli powder"", ""Garlic powder"", ""Cumin powder"", ""Aniseed powder"", ""Ginger powder"", ""Fenugreek powder"", ""Black pepper powder"", ""Clove powder"", ""Green cardamom powder & Nutmeg powder)"", ""Refined wheat flour (Maida)"", ""Hydrolysed groundnut protein"", ""Sugar"", ""Palm oil"", ""Starch"", ""lodized salt"", ""Thickener (508)"", ""Flavour enhancer (635)"", ""Toasted onion flakes"", ""Acidity regulator (330)"", ""Colour (150d)"", ""Mineral and Wheat gluten. \nAllergen Note: Contains Wheat & Nut.\nMay contain Milk"", ""Mustard"", ""Oats And Soy""]","[""gluten""]",[],,
Arabian Dates,tata-sampann,plant-based-foods-and-beverages,8904043908014,,"[""500g""]","[""Dates""]","[""-""]",[],,https://images.openfoodfacts.org/images/products/890/404/390/8014/front_en.3.400.jpg
Soya Milk,hershey-s-sofit,beverages-and-beverages-preparations,890107130110713,,"[""1 L""]","[""Water"", ""Soyabeans"", ""Acidity Regulator (E500)"", ""Oligofructose""]","[""soybeans""]",[],,
Sobisco Desire Chocolate Cake Filled with Chocolate Cream,sobisco,snacks,8902351333092,,"[""18g""]","[""REFINED WHEAT FLOUR(25.34%)"", ""SUGAR"", ""HYDROGENATED VEGETABLE OIL/ REFINED PALMOLEIN OIL"", ""EGG LIQUID"", ""WATER"", ""HUMECTANTS (E420"", ""E422)"", ""HMCS"", ""MILK SOLIDS"", ""CHOCO PASTE"", ""EMULSIFIERS (E471"", ""E477) BAKING POWDER"", ""COCOA POWDER"", ""INVERT SYRUP"", ""CORN STARCH"", ""RAISING AGENT (E5O3)"", ""SALT"", ""CLASS II PRESERVATIVES (E200"", ""E319)"", ""ACIDITY REGULATOR (E330) & STABILIZER (E415)"", ""CONTAINS PERMITTED SYNTHETIC FOOD FLAVOUR (150d) AND ADDED ARTIFICIAL FLAVOUR (CHOCOLATE).""]","[""eggs"", ""gluten"", ""milk""]",[],,
Sobisco Desire Vanilla Cream,sobisco,snacks,8902351333146,,"[""18g""]","[""REFINED WHEAT FLOUR (26.07%)"", ""HYDROGENATED VEGETABLE OIL/REFINED PALMOLEIN OIL"", ""SUGAR"", ""EGG LIQUID"", ""WATER"", ""CORN STARCH"", ""HUMECTANTS (E420"", ""E422)"", ""MILK SOLIDS"", ""SALT"", ""EMULSIFIERS (E471"", ""E477)"", ""STABILIZERS [E341(0)]"", ""RAISING AGENT [E500 (ii)]. BAKING POWDER AND CLASS II PRESERVATIVES (E319"", ""E200). ADDED ARTIFICIAL FLAVOUR (VANILLA).""]","[""eggs"", ""gluten"", ""milk""]",[],,
Sobisco Desire Strawberry Cream,sobisco,snacks,8902351000123,,"[""18g""]","[""REFINED WHEAT FLOUR (26.07%)"", ""SUGAR"", ""HYDROGENATED TABLE OIL/REFINED PALMOLEIN OIL"", ""EGG LIQUID"", ""WATER"", ""HUMECTANTS (E420"", ""E422)"", ""HMCS"", ""MILK SOLIDS"", ""INVERT SYRUP"", ""EMULSIFIERS (E471"", ""E477)"", ""BAKING POWDER"", ""CORN STARCH"", ""SALT"", ""RAISING AGENT (E503)"", ""CLASS II PRESERVATIVES (E200"", ""E319)"", ""ACIDITY REGULATOR (E330) & STABILIZER (E415). CONTAINS PERMITTED SYNTHETIC FOOD COLOUR (E122) AND ADDED ARTIFICIAL FLAVOURS (STRAWBERRY & VANILLA).""]","[""eggs"", ""gluten"", ""milk""]",[],,https://images.openfoodfacts.org/images/products/890/235/100/0123/front_en.3.400.jpg
Everest Jaljira Powder 50 g,everest,food,8901786040506,,"[""50gm""]","[""lodized Salt                   \r\n                            Dried Mango                   \r\n                              Rock Salt                   \r\n                              Mint Leaf                   \r\n                                  Cumin                   \r\n                             Black Salt                   \r\n                                 Chilli                   \r\n                           Black Pepper                   \r\n                           Dried Ginger                   \r\nCompounded Asafoetida  and Citric Acid""]","[""none""]",[],,
Classic Assam Tea,te-a-me,beverages-and-beverages-preparations,8901035054513,,"[""100 tea bags""]","[""Black Tea""]","[""-""]",[],,
Mathri,haldiram-s,snacks,9901863200662,,"[""215 g""]","[""Refined Wheat Flour (Maida) (64%)"", ""Edible Vegetable Oil (Palmolein Oil)"", ""Hydrogenated Vegetable Oil"", ""Dried Ginger"", ""Iodised Salt"", ""Black Pepper"", ""Red Chilli Powder"", ""Fenugreek Leaves"", ""Bishops Seed & Turmeric Powder.""]","[""gluten""]",[],,https://images.openfoodfacts.org/images/products/990/186/320/0662/front_en.3.400.jpg
SMOODH CHOCLATE FLAVORED MILK,parle,beverages-and-beverages-preparations,8902579002497,,"[""150 ML""]","[""WATER"", ""DOUBLE TONED MILK (40%)"", ""SUGAR"", ""WHEY POWDER"", ""MILK SOLIDS"", ""COCOA SOLIDS (1%)"", ""MALT EXTRACT"", ""EMULSIFIERS AND STABILIZERS [INS 460(1)"", ""INS 471"", ""INS 466"", ""INS 407. INS 340"", ""INS 452]"", ""NATURE IDENTICAL FLAVOURING SUBSTANCE (CHOCOLATE) AND IODISED SALT.""]","[""milk""]",[],,
Coffee,blue-tokai,beverages-and-beverages-preparations,8904384814005,,"[""250g""]","[""100% coffee.""]","[""-""]",[],,
Buldak Hot Chicken Flavour Ramen,samyang,plant-based-foods-and-beverages,8801073114005,,"[""140g""]","[""NOODLES (76.7%): REFINED WHEAT FLOUR (67%)"", ""MODIFIED STARCH (INS1420)"", ""REFINED PALM OIL"", ""WHEAT GLUTEN"", ""EDIBLE COMMON SALT"", ""EMULSIFIER SOY LECITHIN (INS322)]"", ""ACIDITY REGULATORS [(POTASSIUM CARBONATE (INS501 (i))"", ""SODIUM CARBONATE (INS500(i))"", ""SODIUM PHOSPHATE DIBASIC(INS339(ii)) & CITRIC ACID NS330)] THICKENER GUAR GUM(INS412)]"", ""GREEN TEA FLAVOUR (NATURE IDENTICAL) & RIBOFLAVIN (INS101). SOUP(22.7%): WATER"", ""SOY SAUCE (17.3%) (SOY BEAN"", ""WATER"", ""FLAVOUR ENHANCER-DISODIUM 5'RIBONUCLEOTIDE"", ""GARLIC AND EDIBLE COMMON SALT)"", ""SUGAR ARTI FICIAL CHICKEN FLAVOR"", ""CHILLI PEPPER POWDER"", ""RED PEPPER POWDER"", ""CURRY POWDER [CUMIN POWDER"", ""SALT"", ""DEXTROSE"", ""RED PEPPER POWDER"", ""CLOVE POWDER NUTMEG POWDER"", ""GARLIC POWDER"", ""ONION POWDER"", ""GINGER POWDER"", ""PAPRIKA OLEORESIN (INS160c(i)]"", ""SOY BEAN OIL"", ""ONION"", ""GARLIC"", ""MODIFIED STARCH (INS1420)"", ""EDIBLE COMMON SALT"", ""BLACK PEPPER POWDER"", ""FLAVOUR ENHANCER DISODIUM 5'RIBONUCLEOTIDE (INS635). FLAKE (0.6%): ROASTED SESAME"", ""ROASTED LAVER (EDIBLE SEAWEED). CONTAINS PERMITTED NATURAL COLORS (INS101"", ""INS160c(i)] AND ADDED FLAVOURING SUBSTANCES (NATURE IDENTICAL-GREEN TEA AND ARTIFICIAL - CHICKEN FLAVOUR) ALLERGENS: CONTAINS WHEAT"", ""SOY & SESAME.""]","[""gluten"", ""sesame seeds"", ""soybeans""]",[],,https://images.openfoodfacts.org/images/products/880/107/311/4005/front_en.11.400.jpg
Freedom Refined Sunflower Oil,freedom,plant-based-foods-and-beverages,8906035030222,,"[""500ml""]","[""Refined Sunflower Oil: 99.99%"", ""TBHQ (E319): Antioxidant"", ""Vitamin A: Micronutrient"", ""Vitamin D: Micronutrient""]","[""-""]",[],,
Wellbeing Nutrition Natural B12 + D3,wellbeing-nutrition,nutraceutical,8908012692430,,"[""2.4g""]","[""Fruit and Vegetable Blend 10mg (t)"", ""Vitamin B9 DFE (Folic acid) 170mcg (100%)"", ""vitaMK-7Ⓡ Vitamin K2 (as Menaquinone) 55mcg (100%)"", ""Vitamin B12 (as Cyanocobalamin) 2.2mcg (100%)"", ""Vitashine Vegan Vitamin D3 (As Cholecalciferol) 600IU (100%)"", ""Pullulan"", ""Cellulose"", ""Natural Mango Flavor"", ""Licorice Extract"", ""Sunflower Lecithin"", ""Monk Fruit Extract""]","[""-""]",[],,
Milkmade 100% Whole Wheat Bread,milkmade,plant-based-foods-and-beverages,8906003071264,,"[""400g""]","[""Refined Wheat Flour"", ""Atta"", ""Water"", ""Yeast"", ""Sugar"", ""Edible Common Salt"", ""Soya Flour"", ""Vegetable Oil"", ""Bran"", ""Permitted Class Il Preservative (E-282)"", ""Oats"", ""Improver (INS 1701"", ""1100"", ""1104"", ""4811"", ""472"", ""300)"", ""Acidity Regulator (E-260)""]","[""gluten"", ""soybeans""]",[],,https://images.openfoodfacts.org/images/products/890/600/307/1264/front_en.7.400.jpg
Mango Bite,parle,plant-based-foods-and-beverages,8901719210419,,"[""333.8g""]","[""SUGAR"", ""GLUCOSE SYRUP"", ""ACIDITY REGULATOR (330)"", ""MANGO POWDER"", ""ARTIFICIAL MANGO FLAVOUR AND COLOUR [160a(iii)]. MAY CONTAIN MILK AND SOY""]","[""-""]",[],,
HERSHEY'S SYRUP 623g,hershey-s,sweeteners,8901071706834,,"[""623 g""]","[""Sugar"", ""water"", ""invert sugar"", ""liquid glucose"", ""cocoa solids (5%)"", ""malt extract"", ""thickening agent (415)"", ""preservative (202) and salt""]","[""-""]",[],,
Chyawanprash,dabur,dietary-supplements,8901207900631,,"[""575g""]","[""Patala (Stenspermum suaveolens"", ""St. Bk.)"", ""Agnatha (Clerodendrum phlomidis"", ""St. B Gambhari (Gmelina arborea"", ""St. Bk.) va (Aegle marmelos"", ""St. Bk.)"", ""Shyon ika (Oroxylum indicum"", ""St. BK.)"", ""Gokshura (Tribulus terrestris"", ""Fr.)"", ""Shalaparni (Desmodium gangeticum"", ""Pl.)"", ""Prishniparni (Uraria picta"", ""Pl.)"", ""Brihati (Solanum indicum"", ""Pl.)"", ""Kantakari (Solanum surattense"", ""Pl.)"", ""Pippali (Piper longum"", ""Fr.)"", ""Karkatshringi (Pistacia integerrima"", ""Gl.)"", ""Draksha (Vitis vinifera"", ""Dr.Fr.)"", ""Guduchi (Tinospora cordifolia"", ""St.)"", ""Haritaki (Terminalia chebula"", ""P.)"", ""Bala (Sida cordifolia"", ""Rt.)"", ""Tamalaki (Phyllanthus niruri"", ""Pl.)"", ""Vasa (Adhatoda vasica"", ""Lf.)"", ""Jiwanti (Leptadenia reticulata"", ""Pl.)"", ""Shati (Hedychium spicatum"", ""Rz.)"", ""Musta (Cyperus rotundus"", ""Rz.)"", ""Pushkara (Inula recemosa"", ""Rt.)"", ""Kakanasika (Martynia annua"", ""Fr.)"", ""Mudgaparni (Phaseolus trilobus"", ""Pl.)"", ""Mashaparni (Teramnus labialis"", ""Pl.)"", ""Reg Vidari (Pueraria tuberosa"", ""Rt. Tr.)"", ""Punarnava (Boerhavia diffusa"", ""Rt.)"", ""Utpala (Nymphaea stellata"", ""Fl.)"", ""Sukshamaila (Elettaria cardamomum"", ""Fr.)"", ""Agaru (Cinnamomum zeylanicum - official substitute"", ""St.Bk.)"", ""Shweta Chandan (Santalum album"", ""Ht. Wd.) Riddhi (Dioscorea bulbifera - official substitute"", ""Rt. Tr.)"", ""Vriddhi (Dioscorea bulbifera - official substitute"", ""Rt. Tr.)"", ""Meda (Asparagus recemosus - official substitute"", ""Rt.)"", ""Mahameda (Asparagus recemosus - official substitute"", ""Rt.)"", ""Jivaka (Pueraria tuberosa - official substitute"", ""Rt. Tr.) Rishabhak (Pueraria tuberosa-official substitute"", ""Rt. Tr.)"", ""Kakoli (Withania somnifera - official substitute"", ""Rt.)"", ""Kshirkakoli (Withania somnifera - official substitute"", ""Rt.) each 0.396g and Amalaki (Emblica officinalis"", ""Fr."", ""Fr. Pulp) 90.0g"", ""Ghrita"", ""Tila tail (Sesamum indicum"", ""oil) each 1.389"", ""Sharkara 59.5g"", ""Madhu 4.76g and Powder of the following - Pippali (Piper longum"", ""Fr.) 0.79g"", ""Vamsha (Bambusa bambos"", ""S.C.) 1.58g"", ""Tvak (Cinnamomum zeylanicum"", ""St.Bk.)"", ""Sukshamaila (Elettaria cardamomum"", ""Fr.)"", ""Tvakpara (Cinnamomum tamala"", ""Lf.)"", ""Nagkesara (Mesua ferrea"", ""Stmn.)"", ""Abhrak Bhasma Akarkarabha (Anacyclus pyrethrum"", ""RL) 0.126g"", ""Lavanga (Syzygium aromaticum Fl. Bd.) 0.128g"", ""Kumkum (Crocus sabvus Sty./Stg.) 0.00759. Preservative-Sodium Benzoate""]","[""-""]",[],,https://images.openfoodfacts.org/images/products/890/120/790/0631/front_en.10.400.jpg
Packaged Drinking Water,bailey,beverages-and-beverages-preparations,8902579203016,,"[""1 l""]","[""TREATED WATER AND MINERALS (0.025%) (MAGNESIUM CHLORIDE"", ""CALCIUM CHLORIDE AND SODIUM HYDROGEN CARBONATE).""]","[""-""]",[],,
Mogu Mogu Strawberry Juice,sappe-public-company-limited,beverages-and-beverages-preparations,8850389100691,,"[""320ml""]","[""water"", ""strawberry juice from concentrate (25%)"", ""nata de coco (25%) (coconut water (97"", ""8%)"", ""sugar"", ""acidity regulator (ins 260))"", ""sugar"", ""nature identical flavour (strawberry)"", ""acidity regulators (ins 330"", ""ins 327)"", ""preservatives (ins 202"", ""ins 211)"", ""stabilizer (ins 418)"", ""artificial colours (ins 122"", ""ins 124"", ""ins 102)"", ""pete""]","[""-""]",[],,
lion kimjo Dates,lion,plant-based-foods-and-beverages,8906006721821,,"[""500 g""]","[""Dates""]","[""-""]",[],,https://images.openfoodfacts.org/images/products/890/600/672/1821/front_en.4.400.jpg
catch chat masala,catch,condiments,8901192205100,,"[""100g""]","[""Salt"", ""Dry Mango"", ""Cucumis"", ""Black Salt"", ""Edible Common Salt"", ""Capsicum"", ""Cumin"", ""Bishop's Weed"", ""Mint"", ""Long Pepper"", ""Sugar"", ""Black Pepper"", ""Big Cardamom"", ""Red Chilli"", ""Clove"", ""Cinnamon"", ""Coriander"", ""Asafoetida"", ""Ammonium Chloride (INS No 510)"", ""Citric Acid(INS No 330).""]","[""-""]",[],,
Puffcorn,kurkure,snacks,8901491366052,,"[""58 g""]","[""Cereal Products (67%) (Corn Meal (53%). Rice Meal)"", ""Edible Vegetable Oil (Palmolein)"", ""++Seasoning (Sugar"", ""lodised Salt"", ""Maltodextrin"", ""&quot"", ""Spices and Condiments"", ""Milk Solids"", ""Cheese"", ""Salt Substitute (Potassium Chloride)"", ""Flavour (Natural and Nature Identical Flavouring Substances)"", ""Flavour Enhancers (627"", ""631)"", ""Acidity Regulators (296"", ""330)"", ""Emulsifying & Stabilising Agent (331 (iii)"", ""471"", ""327)"", ""Gram Meal"", ""Firming Agent (170(i))"", ""lodised Salt. **As flavouring agent. ~Contains Onion and Garlic ALLERGEN ADVICE: Contains Soy"", ""Milk"", ""Wheat""]","[""gluten"", ""milk"", ""soybeans""]",[],,
Keya Mixed Herbs,keya,plant-based-foods-and-beverages,8906066200564,,"[""20 g""]","[""Mixed Herbs [Rosemary (30%) Thyme (30%)"", ""Oregano (20%"", ""Basil (20%))""]","[""-""]",[],,https://images.openfoodfacts.org/images/products/890/606/620/0564/front_en.4.400.jpg
Amul Sugar free chocolate,amul,snacks,8901262071048,,"[""150g""]","[""Cocoa solids"", ""maltitol"", ""cocoa butter"", ""emulsifiers (322"", ""476)"", ""artificial flavouring substances (cocoa"", ""vanilla). 'CONTAINS NATURALLY OCCURRING SUGARS'.""]","[""-""]",[],,
Honey Squeezy,dabur,breakfasts,8901207005527,,"[""400g""]","[""Honey (100%)""]","[""-""]",[],,
Fun Foods Chocolate Spread Fudge,Dr. Oetker,breakfasts,8906002004133,,"[""350 g""]","[""milk solids"", ""sugar"", ""cocoa solids (7%)"", ""water"", ""Palm oil"", ""liquid glucose"", ""emulsifiers & stabilizers (INS 407"", ""INS 1442"", ""INS 322)"", ""iodised salt"", ""preservative (INS 202)""]","[""milk""]",[],,https://images.openfoodfacts.org/images/products/890/600/200/4133/front_en.4.400.jpg
Patanjali Mango Drink,patanjali,beverages,8904109470264,,"[""500ml""]","[""Water"", ""Sugar"", ""Mango Pulp (16%)"", ""Acidity Regulator (INS 330)"", ""Antioxidant (INS 300)"", ""Preservative (INS211)""]","[""-""]",[],,
Bingo! Tedhe Medhe Masala Tadka,bingo,snacks,8901725196226,,"[""50g""]","[""RICE GRITS"", ""REFINED PALMOLEIN"", ""SEASONING MIX (REFINED PALMOLEIN SPICES & CONDIMENTS"", ""ONION (1.8%)"", ""1ODISED SALT"", ""MALTODEXTRIN"", ""BLACK SALT"", ""ACIDITY REGULATORS (INS 296"", ""INS 330"", ""INS 334)"", ""TOMATO POWDER [TOMATO PASTE"", ""ANTICAKING AGENT (INS 551)]"", ""REFINED SUGAR"", ""HYDROLYZED VEGETABLE PROTEIN"", ""GARLIC"", ""ANTICAKING AGENT (INS 551)"", ""FLAVOUR ENHANCERS (INS 627"", ""INS 631) AND ANTIOXIDANT""]","[""-""]",[],,
London dry gin,beefeater,beverages-and-beverages-preparations,5000329002179,,"[""500 ml""]","[""Gin""]","[""-""]",[],,
Hennessy VS COGNAC,hennessy,beverages,3245990255307,,"[""1 l""]","[""cognac""]","[""-""]",[],,https://images.openfoodfacts.org/images/products/324/599/025/5307/front_en.11.400.jpg
Bisleri Water 250ml,bisleri,beverages-and-beverages-preparations,8906017290026,,"[""250 ml""]","[""Treated Water"", ""Magnesium Sulfate"", ""Potassium Bicarbonate""]","[""-""]",[],,
Eggs,natural-farms,farming-products,8908011154007,,"[""5 pcs""]","[""Eggs""]","[""eggs""]",[],,
Namaste India,namaste-india,dairies,8908001700184,,"[""230 ml""]","[""MILK""]","[""milk""]",[],,https://images.openfoodfacts.org/images/products/890/800/170/0184/front_en.4.400.jpg
Kissan Fresh Tomato Ketchup,kissan,condiments,8901030653407,,"[""950gm""]","[""TOMATO KETCHUP INGREDIENTS: WATER"", ""TOMATO PASTE (28%)"", ""SUGAR"", ""SALT"", ""ACIDITY REGULATOR-260"", ""STABILIZERS-1422"", ""415"", ""PRESERVATIVE-211"", ""ONION POWDER"", ""GARLIC POWDER"", ""SPICES AND CONDIMENTS CONTAINS PERMITTED CLASS II PRESERVATIVE""]","[""-""]",[],,
Torino Orange Flavour Aerated Beverage,torino-is-sold-by-megatrends,beverages-and-beverages-preparations,8908002949025,,"[""300 ml""]","[""WATER"", ""SUGAR (12gm/100ml)"", ""CARBON DIOXIDE (0.432g/100ml)"", ""ACIDITY REGULATOR (INS 330) & STABILISING AGENTS (INS 414"", ""INS 445)"", ""PERMITTED CLASS II PRESERVATIVES (INS 211)"", ""CONTAINS PERMITTED SYNTHETIC FOOD COLOURS (INS 110) & ADDED ORANGE FLAVOUR. (NATURAL & NATURE IDENTICAL FLAVOURING SUBSTANCES)""]","[""-""]",[],,
Short Cut Vermicelli,savorit-is-sold-by-naga,wheat-vermicelli,0870351001205,,"[""500 g""]","[""DURUM WHEAT SEMOLINA Allergen advice: Contains wheat gluter""]","[""-""]",[],,https://images.openfoodfacts.org/images/products/087/035/100/1205/front_en.8.400.jpg
Act II Caramel Bliss,act-ii,snacks,8901512917805,,"[""168""]","[""Liquid Glucose"", ""Popped Corn (25.9%)"", ""Sugar"", ""Table Butter"", ""Caramel 1 (0.7%)"", ""lodized Salt"", ""Raising Agent (Sodium Bicarbonate)"", ""Emulsifier (Lecithin)"", ""Refined Edible Palmolein Oil (TBHQ)"", ""Nature Identical Flavour (Caramel Butter) & Beta Carotene. Contains Milk"", ""Soy and their products.""]","[""milk"", ""soybeans""]",[],,
Godrej My Farm Cow Milk,godrej-my-farm,dairies,8906016415178,,"[""500ml""]","[""Milk solids""]","[""milk""]",[],,
Kenty's Badam Flavoured Milk,kenty-s,beverages-and-beverages-preparations,8906049780700,,"[""200 ml""]","[""Double toned Milk"", ""Sugar"", ""Stabiliser (INS 407) CONTAINS: Added Nature Identical Badam Flavour"", ""Contains Permitted Food Colour (E102)""]","[""-""]",[],,https://images.openfoodfacts.org/images/products/890/604/978/0700/front_en.3.400.jpg
Organic Caveman bakkit foxtail millet,cave-man,snacks,8906023493312,,"[""60g (6 pack ×10g)""]","[""Foxtail Millet (29.49%)"", ""Organic Butter (29.49%)"", ""Organic Nuts (8.42%)"", ""Organic Sugar"", ""Organic Sorghum"", ""Milk Powder"", ""Salt"", ""Soya Lecithin & Baking powder.""]","[""milk"", ""soybeans""]",[],,
Multigrain high fibre bread,bonn,plant-based-foods-and-beverages,8904474000332,,"[""200gm""]","[""Whole Wheat Flour - Atta (43.5%)"", ""Water"", ""Grain Mix (8.7%) [Rolled Per RDA Per Seeds"", ""Gluten"", ""Wheat Bran"", ""Malt Flour"", ""Niger Seed"", ""Starch"", ""Soy Flour"", ""Improver Seeds]"", ""Multigrain Mix (4.8%) [Broken"", ""Wheat"", ""Linseed"", ""Iodized Salt"", ""Sunflower Oats"", ""Soyabean"", ""Linseeds"", ""Sesame Seeds"", ""Sunflower Seeds"", ""Wheat Bran & Melon 300 7.65% Gluten"", ""lodize Salt"", ""Preservatives [280"", ""281 & 2001"", ""Vinegar"", ""Emulsifiers [481(1). {170(i)} & Enzyme (Xylanase)]"", ""Sugar"", ""Yeast"", ""Edible Sunflower Oil"", ""Malt Extract"", ""631 3.96% 471 & 472e]"", ""Soy Flour"", ""Flour Improver [1100(i) & 1104] and Antioxidants [300& 100 174 Serve # 68% 1102].""]","[""gluten"", ""sesame seeds"", ""soybeans""]",[],,
"Raw, Unroasted Basil Seeds",livyor,plant-based-foods-and-beverages,0677937725636,,"[""400 grams""]","[""Raw Basil Seeds""]","[""-""]",[],,https://images.openfoodfacts.org/images/products/067/793/772/5636/front_en.10.400.jpg
Australian Almond Kernels,nutraj,plant-based-foods-and-beverages,8906019779505,,"[""500g""]","[""Almond Kernels""]","[""nuts""]",[],,
Ladaku merica bubuk,ladaku,plant-based-foods-and-beverages,8997011930612,,"[""2.5gr""]","[""100% Pure White Pepper""]","[""-""]",[],,
Milk Bread,the-health-factory,plant-based-foods-and-beverages,8908009059307,,"[""250 g""]","[""100% Whole Wheat Flour (Chakki Fresh Atta Milk Solids"", ""Cane Sugar"", ""Yeast"", ""Vinegar"", ""Gluten"", ""Sunflower Oil"", ""Iodised Salt"", ""Cultured Wheat Flour"", ""Vitamin C.""]","[""gluten""]",[],,https://images.openfoodfacts.org/images/products/890/800/905/9307/front_en.4.400.jpg
Peanut Butter - Crunchy,disano,plant-based-foods-and-beverages,8904320015404,,"[""924g""]","[""Roasted Peanuts (91%)"", ""Sugar"", ""Stabilizer (INS471)"", ""lodised Salt.""]","[""peanuts""]",[],,
Unpolished Urad dal,tata-sampann,plant-based-foods-and-beverages,8904043926124,,"[""500g""]","[""Unpolished Urad dal""]","[""-""]",[],,
Tender Coconut Sago Payasam Mix,double-horse,kheer,8904011521016,,"[""180g""]","[""Sugar (59%)"", ""Sago (18%)"", ""Tender Coconut (15%)"", ""Natural Tender Coconut Flavor"", ""Milk Powder"", ""Salt""]","[""milk""]",[],,
Ragi Flour,vedaka,ragi-flour,8903023006757,,"[""1kg""]","[""Ragi Flour""]","[""-""]",[],,https://images.openfoodfacts.org/images/products/890/302/300/6757/front_en.3.400.jpg
Kellogg's Choco fills,Kellogg's,plant-based-foods-and-beverages,8901499009708,,"[""153""]","[""MULTIGRAIN FLOUR WXS FLOUR (ATTA) (35.7% WHOLE CATS FOR CORN MEAL (9) CHOCO CREAM SUGAR VEGETABLE OIL SUNFLOWER OIL PRIMO SOLIDS (6.3%)"", ""MILK SOLIDS EMULSIFIER FLAVOUR (NATURAL"", ""SUGAR COCOA SOU IODIZED SALT"", ""ANTIOXIDANT (NS 3078) ALLERGEN DECLARATION: CONTAINS OATS"", ""SOY&MILK. MAY CONTAIN NUTS VITAMIN B6"", ""B12&FOLATE CONTRIBUTE TO FUNCTION OF IMMUNE SYSTEM &quot"", ""GUIDELINE DAILY AMOUNT (2000 6%""]","[""gluten"", ""milk""]",[],,
Dark Chocolate Peanut Butter with added Whey,myfitness,plant-based-foods-and-beverages,8904327601969,,"[""510 g""]","[""Roasted Peanuts (82%)"", ""Dark Chocolate paste (10%). Whey protein concentrate (72). Stabilizer (INS 471) Allergen Info: Contains Peanuts"", ""Whey and Soya Peanut based spreads with Dark Chocolate (Proprietary Food-Spreads 4.2.2.5 Spreads) (Serving size: 32 g) (Serving Per Pack: 16) TM care@myfitness.co.in Write to us at marketed by address or +91 7096699111""]","[""milk"", ""peanuts""]",[],,
Aashirvaad Vermicelli,Aashirvaad,wheat-vermicelli,8909081003240,,"[""850g""]","[""Wheat Semolina (Rawa).""]","[""gluten""]",[],,https://images.openfoodfacts.org/images/products/890/908/100/3240/front_en.3.400.jpg
Nari udyog special masala papad,nari-udyog,plant-based-foods-and-beverages,8908002103113,,"[""200g""]","[""Urad Dal Powder"", ""Moong Dal Powder"", ""Edible Vegetable Oil"", ""Sodium Bicarbonate"", ""Black Pepper"", ""lodized Salt"", ""Compounded Asafoetida & Refined Water""]","[""-""]",[],,
Pizza Khakhara,maniarr-s,indian-snacks,8904077201419,,"[""45 g""]","[""Wheat Flour (73%)"", ""Edible Vegetable Oil (Palmolein) (15%)"", ""Tomato Paste (5%)"", ""Sugar Syrup"", ""Salt"", ""Ch Powder (Milk"", ""Cheese"", ""Salt"", ""Enzymes)"", ""Onion Powder"", ""Oregano Flakes"", ""Garlic Powder.""]","[""gluten"", ""milk""]",[],,
milk bikis,-,snacks,8901063012813,,"[""60g""]","[""REFINED WHEAT FLOUR (MAIDA) (63%)"", ""SUGAR"", ""REFINED PALM OIL"", ""MILK PRODUCTS (4%) [SWEETENED CONDENSED PARTLY SKIMMED MILK & MILK SOLIDS)"", ""INVERT SUGAR SYRUP"", ""RAISING AGENTS [503(ii) & 500(ii)]"", ""IODISED SALT"", ""EMULSIFIERS [322(1)&471]"", ""MINERALS"", ""ARTIFICIAL MILK & VANILLA] & NATURE IDENTICAL FLAVOURING SUBSTANCES AND VITAMINS (Numbers in brackets as per International Numbering System)""]","[""gluten"", ""milk""]",[],,https://images.openfoodfacts.org/images/products/890/106/301/2813/front_en.18.400.jpg
Nari udyog Fryms papad,nari-udyog,snacks,8908002103076,,"[""100g""]","[""Corn Flour"", ""Wheat Flour Refined Water & Edible Vegetable Oil""]","[""-""]",[],,
Nutricrunch,parle,cracker,8901719107771,,"[""200""]","[""REFINED WHEAT FLOUR (MAIDA) (93%)"", ""REFINED PALM OIL"", ""YEAST"", ""IODISED SALT"", ""EMULSIFIER OF VEGETABLE ORIGIN (4726]"", ""FLOUR TREATMENT AGENTS [223"", ""1100 (i)) CONTAINS: WHEAT AND SULPHITE *CONTAINS NATURALLY OCCURRING SUGARS JEDIES. CONTACT US WITH DETAILS OF BATCH""]","[""gluten""]",[],,
Honey,dabur,breakfasts,8901207035364,,"[""250g""]","[""Honey (100 %)""]","[""-""]",[],,https://images.openfoodfacts.org/images/products/890/120/703/5364/front_en.40.400.jpg
Crunchy Muesli,gaia,plant-based-foods-and-beverages,8908000097933,,"[""1 kg""]","[""Wheat Flakes (51.85%)"", ""Corn Flakes (15.18%)"", ""Rolled Oats (14.26%)"", ""Invert Sugar Syrup (7.06%)"", ""Almond"", ""Green Raisins"", ""Black Raisins"", ""Honey"", ""Liquid Glucose"", ""Honey Powder"", ""Antioxidant (E310)""]","[""gluten"", ""nuts""]",[],,
Bournville Intense 70% Dark,cadbury,snacks,7622202325960,,"[""75g""]","[""Cocoa Butter (42%)"", ""Cocoa Solids (31%) Sugar"", ""Milk solids"", ""Nature Identical Flavouring Substances"", ""Emulsifiers (442"", ""476). Allergen Information: Contains Milk May Contain Tree Nuts"", ""Soy *Refers to % Cocoa""]","[""milk""]",[],,
Protein Lassi - Plain,amul,beverages-and-beverages-preparations,8901262153607,,"[""200 ml""]","[""Milk solids"", ""water"", ""sweetener (965"", ""960)"", ""stabilizers [440"", ""418"", ""331 (iii)]"", ""acidity regulator (330)"", ""enzyme (beta galactosidase)"", ""active culture.\nAllergen Information: Contains milk. \n'CONTAINS NATURALLY OCCURRING SUGARS'""]","[""milk""]",[],,
Seedless Dates,lion,plant-based-foods-and-beverages,8906006720039,,"[""200 g""]","[""Dates""]","[""-""]",[],,https://images.openfoodfacts.org/images/products/890/600/672/0039/front_en.4.400.jpg
Marie biscuits,bisk-farm,snacks,8901928014006,,"[""300gram""]","[""WHEAT FLOUR (65%)"", ""SUGAR"", ""EDIBLE VEGETABLE OIL"", ""INVERT SYRUP"", ""LIQUIDLUCOSE"", ""CONDENSED MILK"", ""SALT"", ""MILK SOLIDS"", ""LEAVENING AGENTS [500()"", ""503/00/EMULSIFERSA1"", ""481)"", ""DOUGH CONDITIONER (223)"", ""ENZYMES AND ANTIOXIDANT (319) roATAINS ADDEDhaTIFICIAL FLAVOURING SUBSTANCES (MILK"", ""BUTTER"", ""VANILLA) CNUMBE RS IN BRACKETS ARE AS PER INTERNATIONAL NUMBERING SYSTEM) TSPASCUIT CONTAINS WHEAT&MILK HYPERSENSITIVE INGREDIENTS""]","[""gluten"", ""milk""]",[],,
salted peanuts,haldiram-s,plant-based-foods-and-beverages,8904004404630,,"[""25g""]","[""CHR Haldiram's SALTE PEANUT REDIENTS: Groundnut (Peanuts) (93%)"", ""Edil etable Oil (Palmolein"", ""Cotton Seed"", ""Corn"", ""Sun Cran)"", ""Rock Salt (1%) & Refined Sugar. LERGEN: Contains Nut Contains Wheat"", ""Milk & Soy. 1904004 404630 tritional Information (approx NET QUANTITY: SERVING PER POUCH:""]","[""peanuts""]",[],,
Vanilla Muffin Small,bliss-chocolates-india-pvt-ltd,snacks,8906043901620,,"[""2 pcs""]","[""Muffin Mix (Sugar"", ""Wheat Flour"", ""Edible Vegetable Oil"", ""Edible Common Salt"", ""Emulsifiers & Stabilizers - E477"", ""E466"", ""E412"", ""E435"", ""E322)"", ""Dextrose"", ""Starch"", ""Raising Agents"", ""- E55(II)"", ""E541(I)"", ""Egg"", ""Maltodextrin"", ""Vanilla Flavour"", ""Citric Acid"", ""Water"", ""Edible Refined Oil.""]","[""eggs"", ""gluten""]",[],,https://images.openfoodfacts.org/images/products/890/604/390/1620/front_en.3.400.jpg
Tamarind & Date Sauce,natco,plant-based-foods-and-beverages,5013531997416,,"[""340g""]","[""Water"", ""Sugar (12%)"", ""Jaggery (11.5%)"", ""Tamarind (9%) Date (9%)"", ""Cumin Powder (2%)"", ""Salt"", ""Corn Starch (1.5%)"", ""Chilli Powder (0.6%)"", ""Ginger Powder (0.4%)"", ""Colour: Caramel"", ""Acidity Regulator: Acetic Acid (0.3%)"", ""Citric Acid"", ""Garlic Paste"", ""Ginger Paste"", ""Stabiliser: Xanthan Gum (0.2%) Preservative: Sodium Benzoate (0.07%).""]","[""-""]",[],,
Onion,-,plant-based-foods-and-beverages,8904970588504,,"[""500 g""]","[""Onion""]","[""-""]",[],,
Peanut Butter Creamy,Dr. Oetker,plant-based-foods-and-beverages,8906002008537,,"[""750 g""]","[""Roasted Peanuts (91%)"", ""Sugar"", ""Edible Soyabean Fat"", ""Iodised Salt""]","[""peanuts""]",[],,https://images.openfoodfacts.org/images/products/890/600/200/8537/front_en.8.400.jpg
Vedaka Red Chilli,vedaka,plant-based-foods-and-beverages,8903023005903,,"[""200g""]","[""Red Chilli""]","[""-""]",[],,
Rich tomato ketchup,Maggi,condiments,8901058001198,,"[""485g""]","[""Water"", ""Tomato paste 24.5%"", ""Sugar"", ""Iodized salt"", ""Acidity regulator 260"", ""Thickeners 1422"", ""Thickeners 415"", ""Dehydrated onion"", ""Dried garlic"", ""Preservative 211"", ""and Mixed spices.""]","[""-""]",[],,
Eastern Mustard,eastern,condiments,8901440043058,,"[""100g""]","[""Mustard""]","[""mustard""]",[],,https://images.openfoodfacts.org/images/products/890/144/004/3058/front_en.3.400.jpg
Eastern Meat Masala,eastern,plant-based-foods-and-beverages,8901440013280,,"[""100 g""]","[""Coriander"", ""Chilli"", ""Fennel"", ""Iodized Salt (7.15%)"", ""Gram Dal"", ""Turmeric"", ""Kashmir Chilli"", ""Cumin"", ""Mustard"", ""Black Pepper"", ""Garlic"", ""Cinnamon"", ""Curry Leaf"", ""Fenugreek"", ""Nutmeg"", ""Cardamom"", ""Clove"", ""Star Anise.""]","[""mustard""]",[],,
Siddipet Poultry Eggs,siddipet-poultry,farming-products,8908020170012,,"[""12units""]","[""Eggs""]","[""eggs""]",[],,
Catch Super Garam Masala,catch,condiments,8901192219220,,"[""200g""]","[""Coriander Whole"", ""Cumin Whole"", ""Cloves Whole"", ""Chillies and Capsicum Whole"", ""lodized Salt"", ""Bay Leaves"", ""Pepper Black Whole"", ""Ginger Whole"", ""Fennel Whole"", ""Curcumin Whole"", ""Cardamom whole"", ""Turmeric whole"", ""Cassia Whole"", ""Large Cardamom Whole.""]","[""-""]",[],,https://images.openfoodfacts.org/images/products/890/119/221/9220/front_en.3.400.jpg
My Kitchen Urad Dal Whole,my-kitchen,plant-based-foods-and-beverages,8908012586074,,"[""1kg""]","[""Urad Dal Whole""]","[""-""]",[],,
True Elements Steel Cut Oats,true-elements,plant-based-foods-and-beverages,8906112661059,,"[""1kg""]","[""Steel Cut Oats"", ""Rosemary Extract.""]","[""-""]",[],,
Haldiram's Mathura Peda,haldiram-s,dairies,8904004420227,,"[""250g""]","[""Milk Solids (Khoa)"", ""Refined Sugar & Preservative (INS 202)""]","[""milk""]",[],,https://images.openfoodfacts.org/images/products/890/400/442/0227/front_en.3.400.jpg
Classic Hing,flipkart-grocery,plant-based-foods-and-beverages,8904293718203,,"[""50g""]","[""Wheat Flour (Atta)-54.5%"", ""Gum Arabic (INS 414)"", ""Asafoetida""]","[""gluten""]",[],,
Amba Bhadang,amba,snacks,0948446406102,,"[""30g""]","[""Puffed Rice"", ""Cotton seed oil"", ""Peanuts"", ""Sugar"", ""Garlic"", ""Red Chilli Powder"", ""Salt"", ""Turmeric Powder Curry Leaves""]","[""peanuts""]",[],,
Heaven's Velvet,the-green-ritual,beverages-and-beverages-preparations,8909900155112,,"[""10 pieces""]","[""Green tea"", ""Ginger"", ""Almond"", ""Cinnamon"", ""cardamom"", ""Rose petals"", ""Safron"", ""Honey.""]","[""nuts""]",[],,https://images.openfoodfacts.org/images/products/890/990/015/5112/front_en.4.400.jpg
Rooted Mints,the-green-ritual,beverages-and-beverages-preparations,8909900155136,,"[""10 tea bags""]","[""Ginger root"", ""turmeric"", ""spearmint leaves""]","[""-""]",[],,
Nectar of Night,the-green-ritual,beverages-and-beverages-preparations,8909900155143,,"[""10 tea bags""]","[""Chamomile""]","[""-""]",[],,
Rice Flour,kayal-agro-foods,plant-based-foods-and-beverages,8904356000757,,"[""500 g""]","[""Rice Flour""]","[""-""]",[],,https://images.openfoodfacts.org/images/products/890/435/600/0757/front_en.3.400.jpg
Medjoul Dates,popular,plant-based-foods-and-beverages,8906108306162,,"[""500g""]","[""Dates""]","[""-""]",[],,
Aachi Chicken Kabab / 65 Masala Powder,aachi,plant-based-foods-and-beverages,8906021120425,,"[""100g""]","[""Spice content - 75% (Red Chilli Powder"", ""Coriander"", ""Cumin"", ""Back Pepper"", ""Fennel"", ""Dry Ginger"", ""Garlic Flakes"", ""Cloves"", ""Cardamom"", ""Cassia Bark (Taj)"", ""Bay Leaves) Corn Flour"", ""Salt - 6%.""]","[""-""]",[],,
3 S Moong Dal Dhuli,3-s,plant-based-foods-and-beverages,8903059606563,,"[""500g""]","[""Moong Dal""]","[""-""]",[],,https://images.openfoodfacts.org/images/products/890/305/960/6563/front_en.3.400.jpg
Mini Cookie Cake,pillsbury,snacks,8904150502242,,"[""66 g""]","[""wheat flour"", ""sugar"", ""glucose syrup"", ""edible vegetable oil (sunflower"", ""palm)"", ""dark compound choco chips 7.7%"", ""emulsifer (INS 491"", ""INS322)"", ""DARK compound Choco drizzle 5.2%"", ""cocoa solids"", ""fructose"", ""dextrose"", ""humecrant"", ""milk solids 2%"", ""water"", ""calcium carbonate"", ""modified starch (INS1442)"", ""baking powder"", ""corn starch"", ""iodized salt"", ""INS500"", ""INS341"", ""INS415"", ""INS410"", ""Vitamin D""]","[""gluten"", ""milk""]",[],,
Perk,cadbury,snacks,8901233030272,,"[""14.3 g""]","[""COATED WAFER LAYERS Ingredients: Sugar"", ""Hydrogenated vegetable fat"", ""Refined wheat flour"", ""Milk solids"", ""Starch"", ""Cocoa solids (5%)"", ""Palmolein oil"", ""Emulsifiers (442"", ""322"", ""476)"", ""Edible salt"", ""Yeast"", ""Raising agent (500(ii))"", ""Improver (Enzyme) CONTAINS ADDED FLAVOUR (NATURAL"", ""NATURE IDENTICAL AND ARTIFICIAL (CARAMEL AND ETHYL VANILLIN) FLAVOURING SUBSTANCES) Allergen information: Contains Milk &Wheat.""]","[""gluten"", ""milk""]",[],,
Parle-G Original Gluco Biscuits,parle-g,snacks,8901719255151,,"[""150g""]","[""WHEAT FLOUR (67%)"", ""SUGAR"", ""EDIBLE VEGETABLE OIL (PALM OIL)"", ""INVERT SUGAR SYRUP [SUGAR"", ""CITRIC ACID]"", ""RAISING AGENTS [ 503 ( ii )"", ""500 (ii) ]"", ""IODISED SALT"", ""MILK SOLIDS (0.6%)"", ""EMULSIFIER [ DI-ACETYL TARTARIC ACID ESTERS OF MONO AND DI-GLYCERIDES OF EDIBLE VEGETABLE OILS] AND IMPROVER [PAPAIN 1101 (II)). CONTAINS ADDED FLAVOURS (ARTIFICIAL FLAVOURING SUBSTANCES-VANILLA)""]","[""gluten"", ""milk""]",[],,
Yummy Orange Flavoured Sandwich,anmol,snacks,8902268002753,,"[""100g""]","[""REFINED WHEAT FLOUR"", ""SUGAR"", ""VEGETABLE OILS (PALM)"", ""HYDROGENATED EDIBLE VEGETABLE FAT"", ""RAISING AGENTS [INS 503(ii)"", ""INS 500(ii)]"", ""INVERT SYRUP"", ""EDIBLE COMMON SALT"", ""LIQUID GLUCOSE STARCH"", ""PERMITTED EMULSIFIERS (INS 322"", ""INS 471)"", ""DEXTROSE. \nCONTAINS PERMITTED SYNTHETIC FOOD COLOURS (INS 102"", ""INS 110) AND ADDED FLAVOURS (NATURE IDENTICAL FLAVOURING SUBSTANCE-ORANGE & ARTIFICIAL FLAVOURING SUBSTANCE-ORANG)""]","[""gluten"", ""orange""]",[],,https://images.openfoodfacts.org/images/products/890/226/800/2753/front_en.5.400.jpg
Hide & Seek Cashew Butter,parle,snacks,8901719106538,,"[""150g""]","[""WHEAT FLOUR​"", ""EDIBLE VEGETABLE OIL (PALM OIL)"", ""SUGAR"", ""CASHEW BITS (4%))"", ""INVERT SUGAR SYRUP"", ""BUTTER (2%)"", ""MILK SOLIDS"", ""RAISING AGENTS [ 503(ii)"", ""500(ii) ] EDIBLE COMMON SALT"", ""EMULSIFIER [DI-ACETYL TARTARIC ACID ESTERS OF MONO AND DI-GLYCERIDES OF EDIBLE VEGETABLE OILS] AND DOUGH CONDITIONER [223] CONTAINS ADDED FLAVOURS ( ARTIFICIAL FLAVOURING SUBSTANCES - BUTTER AND CASHEW )""]","[""gluten"", ""milk"", ""nuts""]",[],,
Bounce Choco Twist,sunfeast,snacks,8901725134723,,"[""82 g""]","[""WHEAT FLOUR"", ""SUGAR"", ""REFINED PALM OIL"", ""INVERT SYRUP"", ""RAISING AGENTS [INS 503(ii)"", ""INS 500(ii)"", ""INS 450(i)]"", ""COCOA SOLIDS (0.5%)"", ""EDIBLE COMMON SALT"", ""EMULSIFIERS (INS 322(i)"", ""INS 435)"", ""MILK SOLIDS AND STARCH. CONTAINS PERMITTED NATURAL COLOUR(S) (INS 150c"", ""INS 150d) AND SYNTHETIC FOOD COLOUR(S) (INS 122 AND ADDED FLAVOUR(S) (NATURE IDENTICAL FLAVOURING SUBSTANCES CHOCOLATE"", ""NUT AND ARTIFICIAL FLAVOURING SUBSTANCES CHOCOLATE"", ""VANILLA MILK)""]","[""gluten"", ""milk"", ""nuts""]",[],,
Snakker,priyagold,snacks,8906029790033,,"[""24 g""]","[""SUGAR"", ""HYDROGENATED VEGETABLE OIL (PALM)"", ""WHEAT FLOUR"", ""COCOA SOLIDS (6%)"", ""MILK SOLIDS (5%)"", ""EMULSIFIERS (E322"", ""E442"", ""E476)"", ""IODISED SALT"", ""LEAVING AGENT [E 500(ii)]"", ""DOUGH CONDITIONER (E223)"", ""CONTAINS ADDED FLAVOUR [NATURAL AND NATURE IDENTICAL AND ARTIFICIAL (ETHYL VANILLIN) FLAVOURING SUBSTANCE. HYDROGENATED VEGETABLE FAT USED CONTAINS TRANSFAT""]","[""gluten"", ""milk""]",[],,https://images.openfoodfacts.org/images/products/890/602/979/0033/front_en.10.400.jpg
Yummy Elaichi Flavoured Sandwich,anmol,snacks,8902268003972,,"[""100 g""]","[""REFINED WHEAT FLOUR"", ""SUGAR"", ""EDIBLE VEGETABLE OILS (PALM)"", ""HYDROGENTED EDIBLE VEGETABLE FAT"", ""INVERT SYRUP"", ""RAISING AGENTS [INS 503(ii)"", ""INS 500(ii)]"", ""EDIBLE STARCH"", ""LIQUID GLUCOSE"", ""EDIBLE COMMON SALT PERMITTED EMULSIFIERS (INS 322"", ""INS 471) CONTAINS PERMITTED SYNTHETIC FOOD COLOURS (INS 102"", ""INS 133) AND ADDED FLAVOURS (NATURE IDENTICAL FLAVOURING SUBSTANCE-CARDAMOM & ARTIFICIAL FLAVOURING SUBSTANCE-MILK)""]","[""gluten"", ""milk""]",[],,
Fantasia Ice Cream Sandwich,cream-bell,desserts,8906023413501,,"[""80 ml""]","[""Inner Layer (59%): Water"", ""Milk Solids"", ""Sugar"", ""Maltodextrin"", ""Permitted Emulsifying Agents (433"", ""471) & Stabilizing Agents (407"", ""412) Outer Layer (41%): Choco Biscuit: Wheat Flour"", ""Sugar"", ""Edible Vegetable Oil (Refined Palm Kernel Oil)"", ""Cocoa Powder"", ""Milk Solids"", ""Salt"", ""Raising Agents [500 (ii)"", ""503 (ii)]"", ""Emulsifier (322) & Antioxidant (INS 319) CONTAINS PERMITTED NATURAL FOOD COLOUR (150c) AND ADDED NATURE IDENTICAL AND ARTIFICIAL (VANILLA) FLAVOURING SUBSTANCES""]","[""gluten"", ""milk""]",[],,
Cassatta,kwality-wall-s,desserts,8901030421501,,"[""70 g""]","[""MEDIUM FAT FROZEN DESSERT 3 FLAVOURED FROZEN DESSERT WITH VEGETARIAN CAKE INGREDIENTS: Water"", ""Vegetarian Cake - (13%) (Water"", ""Wheat Flour"", ""Sugar"", ""Milk Solids"", ""Soyabean Oil"", ""Raising Agents 500 (II)"", ""541(I)"", ""Starch"", ""Emulsifiers - 473"", ""477"", ""471"", ""481(1)"", ""Stabilizer 415"", ""Dextrose"", ""Salt"", ""Maltodextrin CONTAINS NATURE IDENTICAL & ARTIFICIAL VANILLA FLAVOURING SUBSTANCES)"", ""Sugar"", ""Cashew Nuts (8.63%)"", ""Palm Oil"", ""Milk Solids"", ""Glazed Fruits (4.30%) (Papaya Pieces"", ""Sugar"", ""Acidity Regulator-330. CONTAINS PERMITTED CLASS II PRESERVATIVE - 211 AND SYNTHETIC FOOD COLOURS 102"", ""110"", ""122"", ""124)"", ""Liquid Glucose"", ""Vegetable Protein (Soy)"", ""Emulsifier 471"", ""Stabilizers - 410"", ""412"", ""407"", ""Acidity Regulator 330. CONTAINS PERMITTED SYNTHETIC FOOD COLOURS-102"", ""110 AND ADDED FLAVOURS-NATURAL AND NATURE IDENTICAL FLAVOURING SUBSTANCES.  FROZEN DESSERTS CONTAIN EDIBLE VEGETABLE OIL""]","[""gluten"", ""milk"", ""nuts"", ""soybeans""]",[],,https://images.openfoodfacts.org/images/products/890/103/042/1501/front_en.7.400.jpg
Orange Cake,milka-wonder-cake,snacks,8904065212540,,"[""150 g""]","[""WHEAT FLUOR"", ""SUGAR"", ""EGGS"", ""VEGETABLE SHORTENING HUMECTANT INS 420)"", ""SKIMMED MILK POWDER"", ""SALT"", ""RAISING AGENTS(INS INS 341(0)]"", ""ANTIOXIDANT [INS 320]"", ""AND CONTAINS PERMITTED CLASS lH PRESERVATIVE""]","[""eggs"", ""milk""]",[],,
Pista malai kulfi,amul,desserts,8901262176446,,"[""1,54.6g(60ml)""]","[""Inner Layer - Ice Cream (68%): Milk Solids Sugar"", ""Permitted Emulsifiers (E435"", ""E471) and Stabilizers (E407"", ""E412).Outer Layer - Coating (32%): Coconut Oil"", ""Sugar"", ""Milk Solids"", ""Pistachio Pieces (2%)"", ""Permitted Emulsifier (E322). _CONTAINS ADDED FLAVOURS (ARTIFICIAL FLAVOURING SUBSTANCES KULFI"", ""PISTACHIO&CARDAMOM)_""]","[""milk"", ""nuts""]",[],,
Flaovoured Milk - Chocolate,hatsun,beverages,8904057396739,,"[""200 ml""]","[""Milk Solids (Double Toned Milk)"", ""Sugar"", ""Cocoa Solids (1.7%) and Natural Vanila Extract CONTAINS ADDED NATURAL FLAVOUR""]","[""milk""]",[],,https://images.openfoodfacts.org/images/products/890/405/739/6739/front_en.4.400.jpg
Thums Up 300ml can,coca-cola,beverages,8901764041259,,"[""1""]","[""Carbonated Water"", ""Sugar"", ""Acidity Regulator (338)"", ""Caffeine. Contains permitted natural colour (150d) and added flavours (natural"", ""nature-identical and artificial flavouring substances (cola flavour)).""]","[""-""]",[],,
Nutri choise essentials,britannia,snacks,3948063154025,,"[""150 g""]","[""RAGI FLOUR (33%)"", ""REFINED WHEAT FLOUR (28% )"", ""EDIBLE VEGETABLE OIL (PALM)"", ""MALTITOL (965)"", ""INULIN"", ""MILK SOLIDS"", ""MALTODEXTRIN"", ""NATURAL FRUIT FIBER (APPLE-1.6%)"", ""RAISING AGENTS [503("", ""500()"", ""4500)"", ""EDIBLE COMMON SALT EMULSIFIERS (322"", ""412"", ""472e"", ""471)"", ""CINNAMON (0.5% )"", ""DOUGH CONDITIONER (223) AND SWEETENER (955) Aumbers in brackets as per intemational Numbering System) CONTAINS ADDED FLAVOURS [NATURE IDENTICAL AND ARTIFICIAL FLAVOURING SUBSTANCES (BUTTER"", ""MILK MASALA & VANILLA]""]","[""apple"", ""gluten"", ""milk""]",[],,
Butter,amul,dairies,4901488010320,,"[""200 g""]","[""Butter"", ""iodized salt"", ""natural colour (annatto)""]","[""milk""]",[],,https://images.openfoodfacts.org/images/products/490/148/801/0320/front_en.3.400.jpg
3 Roses Natural Care,brooke-bond,beverages-and-beverages-preparations,8901030987359,,"[""500 g""]","[""TEA"", ""NATURAL FLAVOURING SUBSTANCES.""]","[""-""]",[],,
Good Day,-,snacks,8901063093638,,"[""52.5 g + 7.6 g EXTRA = 60.1 g""]","[""REFINED WHEAT FLOUR (MAIDA)"", ""REFINED PALM OIL"", ""SUGAR"", ""INVERT SUGAR SYRUP"", ""CASHEW (1.4%)"", ""MILK PRODUCTS [MILK SOLIDS & BUTTER (0.1%)]"", ""RAISING AGENTS [503(ii) & 500(ii)]"", ""IODISED SALT"", ""EMULSIFIERS [322(i)"", ""471 & 472e] AND NATURE IDENTICAL & ARTIFICIAL (VANILLA & MILK) FLAVOURING SUBSTANCES. (Numbers in brackets as per International Numbering System) CONTAINS WHEAT"", ""NUT"", ""MILK AND SOY.""]","[""gluten"", ""milk"", ""nuts"", ""soybeans""]",[],,
Milky Biscuits,perrys,snacks,8908002700961,,"[""30 g""]","[""REFINED WHEAT FLOUR - MAIDA (56%)"", ""WHEAT FLOUR - ATTA (10%)"", ""SUG AR"", ""INTERESTERIFIED VEGETABLE OIL FAT & REFINED PALM OIL"", ""INVERT SUGAR SYRUP GLUCOSE POWDER"", ""MILK SOLIDS"", ""RAISING AGENTS [INS 500(11)"", ""INS 503(11)]"", ""EMULSIFIERS (INS 322)"", ""(INS 170)"", ""(INS 450)"", ""IODISED SALT. CONTAINS ADDED FLAVOURS ARTIFICIAL FLAVOURING SUBSTANCES - MILK"", ""VANNILA"", ""CHOCOLATE CONTAINS WHEAT"", ""MILK & SOYA.""]","[""gluten"", ""milk""]",[],,https://images.openfoodfacts.org/images/products/890/800/270/0961/front_en.3.400.jpg
Mom's Superfood Mix,nutty-gritties,plant-based-foods-and-beverages,8904150207154,,"[""200g""]","[""Pumpkin Seeds (17%)"", ""Watermelon seeds (13%)"", ""Flax Seeds (12%)"", ""Cranberries (12%) Blueberries (10%)"", ""Almonds (10% Black Raisins (10%)"", ""Sunflower Seeds (9%)"", ""Black Currants (7%)"", ""Sugar.""]","[""nuts""]",[],,
Golden Start,the-green-ritual,beverages-and-beverages-preparations,8909900155129,,"[""10 pieces""]","[""Turmeric root"", ""ginger root"", ""tulsi leaves""]","[""-""]",[],,
Gems,cadbury,snacks,7622202216695,,"[""7.11g""]","[""Sugar"", ""Hydrogenated Oils"", ""Milk Solids"", ""Cocoa Solids (8%*)"", ""Refined Wheat Flour (Maida)"", ""Emulsifiers (414"", ""442"", ""476)"", ""Colours (171"", ""102"", ""133"", ""124"", ""127"", ""122"", ""132"", ""110)"", ""Glazing Agent (903)"", ""Liquid Glucose"", ""Flavours (Natural"", ""Nature Identical and Artificial (Caramel and Vanilla) Flavouring Substances).\r\n\r\nAllergen Information: Contains Milk"", ""Wheat"", ""Sulphites.\r\n\r\nMay Contain Barley"", ""Soy""]","[""gluten"", ""milk"", ""sulphur dioxide and sulphites""]",[],,
Cadbury Gems,cadbury-is-sold-by-mondelez-international,snacks,7622202216749,,"[""23.7 g""]","[""Sugar"", ""Hydrogenated Oils"", ""Milk Solids"", ""Cocoa Solids (8%)"", ""Refined Wheat Flour (Maida)"", ""Emulsifiers (414"", ""442"", ""476)"", ""Colours (171"", ""102"", ""133"", ""124"", ""127"", ""122"", ""132"", ""110)"", ""Glazing Agent (903)"", ""Liquid Glucose"", ""Cocoa Butter"", ""Flavours (Natural"", ""Nature Identical and Artificial (Caramel and Vanilla) Flavouring Substances). Allergen Information: Contains Milk"", ""Wheat"", ""Sulphites. May Contain Soy.""]","[""gluten"", ""milk"", ""sulphur dioxide and sulphites""]",[],,https://images.openfoodfacts.org/images/products/762/220/221/6749/front_en.8.400.jpg
Good Life Fard Dates 500gm,good-life,plant-based-foods-and-beverages,8904132929135,,"[""500g""]","[""Dates""]","[""-""]",[],,
Pro Clean Whey Chocolate Flavour,yoga-bar,dairies,8904335604396,,"[""907g""]","[""Whey (89.1%) (Whey Protein Concentrate. Whey Protein Isolate)"", ""Cocoa Powder (9%)"", ""Natural Flavours and Flavouring Substance"", ""Himalayan Pink Salt"", ""Sucralose (&lt"", ""0.2%)"", ""PROABSORB Blend  (Protease Enzyme"", ""Probiotics&quot"", ""-Bacillus coagulans"", ""Bacillus sub Bacillus clausi"", ""Lactobacillus acidophilus"", ""Lactiplantibacillus planta Papain"", ""Bromelain).""]","[""milk""]",[],,
Veg magic fruit cake,priyagold,snacks,8901652141047,,"[""150g""]","[""REFINED WHEAT FLOUR (MAIDA)"", ""SUGAR"", ""PARTIAL HYDROGENATED VEGETABLE FAT (PALM)"", ""TUTTI FRUTTI (GLAZED FRUIT CUTS-PAPAYA 7.7%)"", ""VANILLA SLICE CAKE CONCENTRATE (WHEY PROTEIN CONCENTRATE"", ""SKIMMED MILK POWDER"", ""CORN STARCH"", ""SODIUM BICARBONATE E500(ii)"", ""STABILIZER (E450 (i))"", ""DEXTROSE"", ""E477"", ""E471"", ""E415]"", ""GLYCERINE"", ""SORBITOL"", ""DI BAKE FRESH (MALTRODEXTRIN"", ""RAISING AGENT (E450/1)"", ""CORN STARCH"", ""VEGETABLE FAT POWDER (OIL PALM)"", ""RAISING AGENT (E500 (ii))"", ""EMULSIFIER (E471"", ""E477"", ""E466]"", ""STABILIZER E415"", ""ALPHA-AMYLASE (BACILLUS SUBTILIS)"", ""CAKE GEL [EMULSIFIER & STABILIZER E450(i)"", ""E475"", ""E470(i)"", ""E1520"", ""E420 (ii)]"", ""BAKE MAGIC [DISPERSING AGENT(E1520)"", ""PRESERVATIVE (E202"", ""E200)"", ""EMULSIFIER (E471)"", ""ANTIOXIDANT E320]"", ""BAKING POWDER"", ""IODISED COMMON SALT"", ""ACETIC ACID. CONTAINS PERMITTED SYNTHETIC FOOD COLOURS (ALLURA RED AC E 129"", ""BRILLIANT BLUE FCF (E133)"", ""TARTRAZINE(E102) AND ADDED PERMITTED ARTIFICIAL FLAVOURING SUBSTANCES FRUIT AND VANILLA. (NUMBERS IN BRACKETS AS PER INTERNATIONAL NUMBERING SYSTEM) HYDROGENATED VEGETABLE FAT MAY CONTAIN TRANSFAT. POLYOLS MAY HAVE LAXATIVE EFFECTS. ALLERGEN WARNING: CONTAINS WHEAT AND MILK.""]","[""gluten"", ""milk""]",[],,https://images.openfoodfacts.org/images/products/890/165/214/1047/front_en.18.400.jpg
Shredded Mozzarella Cheese,milky-mist,dairies,8904083311010,,"[""500g""]","[""Pasteurized Milk"", ""Microbial Culture"", ""Microbial Enzyme"", ""Iodized Salt.""]","[""milk""]",[],,
Green chilli pickle,nilon-s,plant-based-foods-and-beverages,8901560000436,,"[""400g""]","[""Green Chilli (60%)"", ""lodized Salt"", ""Edible Vegetable Oil (See coding area for oil name)"", ""Spices & Condiments (Chilli"", ""Mustard split"", ""Turmeric"", ""Fenugreek)"", ""Acidity Regulator (INS 260) and Preservative (INS 211).""]","[""mustard""]",[],,
Dairy Milk (Classic milk chocolate variant),cadbury,snacks,7622202329494,,"[""40 g""]","[""Sugar"", ""Milk Solids (23%)"", ""Cocoa Butter"", ""Cocoa Solids"", ""Fractionated Fat"", ""Emulsifiers (442"", ""476)"", ""Flavours (Natural"", ""Nature Identical and Artificial (Vanilla) Flavouring Substances). \nCONTAINS COCOA BUTTER EQUIVALENT IN ADDITION TO COCOA BUTTER\nAlergen information: Contains Milk"", ""Soy. May Contain Tree Nuts"", ""Wheat"", ""Barley""]","[""milk"", ""soybeans""]",[],,
Milk,-,dairies,8906013110489,,"[""500ml""]","[""Pateurized Cow Milk""]","[""-""]",[],,https://images.openfoodfacts.org/images/products/890/601/311/0489/front_en.3.400.jpg
YogaBar Nuts & Seeds Crunch Super Muesli,yogabar,plant-based-foods-and-beverages,8904335602859,,"[""400g""]","[""Whole Grains 67.8% {Rolled Oats"", ""Brown Rice"", ""Millets 20.0% (Jowar"", ""Ragi"", ""Bajra"", ""Samai)}"", ""Nuts & Seeds 16.3% (Sunflower"", ""Almond"", ""Pumpkin"", ""Flax"", ""Chia)"", ""Dehydatred Fruits 9.0% (Raisins"", ""Cranberry)"", ""Dates Syrup"", ""FOS"", ""Rice Bran Oil"", ""Cinnamon Powder.""]","[""nuts""]",[],,
Sunflower oil,gold-drop,plant-based-foods-and-beverages,8906023797120,,"[""1l""]","[""Refined Sunflower oil""]","[""-""]",[],,
Maxcrunch (Tango Chocolatey Rice Cereal),tango,snacks,9556032030733,,"[""140 g""]","[""Sugar"", ""Hydrogenated Vegetable Fat (Palm)"", ""Milk Solids (12%)"", ""Cocoa Powder (11%)"", ""Rice Cereal (10%)"", ""Hazelnut Paste"", ""Emulsifier (INS 322) and Flavourings (Vanillin"", ""Vanilla). \nALLERGEN INFORMATION: Contains Milk"", ""Cereal containing Gluten (Barley)"", ""Tree Nuts and Soy. May contain traces of Seeds. All additives used are from plants and synthetic origin.""]","[""gluten"", ""milk"", ""nuts"", ""soybeans""]",[],,https://images.openfoodfacts.org/images/products/955/603/203/0733/front_en.3.400.jpg
Protein 7-in-1 Seed & Nut Mix,tata-sampann,plant-based-foods-and-beverages,8904043907277,,"[""200g""]","[""Roasted Seeds (89%) [Pumpkin (20%)"", ""Watermelon (19%)"", ""Sunflower (18%)"", ""Flax Seeds (13%)"", ""Sesame (10%)"", ""Chia (9%)]"", ""Soybean (10%) [Soybean"", ""Iodised Salt)"", ""Rosemary extract.\nALLERGENS: Contains Soy""]","[""sesame seeds"", ""soybeans""]",[],,
Yu 100% coconut water,yu,beverages-and-beverages-preparations,8906143040496,,"[""200ml""]","[""Coconut Water""]","[""-""]",[],,
Chicken Kabab/65 Masala,aachi,chicken-kebab-masala,8906021120418,,"[""50g""]","[""Spice content - 75% Red Chilli Powder"", ""Coriander"", ""Cumin"", ""Black Pepper"", ""Fennel"", ""Dry Ginger"", ""Garlic Flakes"", ""Cloves"", ""Cardamom"", ""Cassia Bark (Taj)"", ""Bay Leaves) Corn Flour"", ""Gram Dhal"", ""Onion and Salt - 6%.""]","[""-""]",[],,https://images.openfoodfacts.org/images/products/890/602/112/0418/front_en.3.400.jpg
B Natural,b-natural,snacks,8909081004841,,"[""125 ml""]","[""CONCENTRATE (5%)"", ""FLAVOURING ACIDITY REGULATORS [INS 330"", ""INS 331(iii)]"", ""NATURE IDENTICAL SUBSTANCES"", ""STABILIZER (INS 466)"", ""VITAMIN"", ""NATURAL FLAVOURS AND NATURAL FLAVOURING SUBSTANCES"", ""POLYDEXTROSE (DIETARY FIBER) AND COLOUR (INS 110).^EQUIVALENT TO 10% MANGO RECONSTITUTED PULP. MAY CONTAIN MILK"", ""NUT"", ""SOY AND SULPHITE. SOURCE OF VITAMIN C.""]","[""-""]",[],,
Pizza topping sauce,Dr. Oetker,spreads,8906002005284,,"[""100g""]","[""Water"", ""Tomato Paste (26%)"", ""Serve Size-30g Pack comans 3 Nutritional Information Sugar"", ""Refined Soyabean Oil"", ""Milk Solids"", ""Energy (kcal) Onions"", ""lodised Salt"", ""Vegetables (2.8%)"", ""Mixed Spices"", ""Cheese (1%)"", ""Acidity Regulators (INS260"", ""INS330)"", ""Preservative (INS211)"", ""Herbs"", ""Antioxidant (INS319). CONTAINS MILK. How to Use: Spread Pizza Topping on Pizza base. No need to add further toppings as this All-in-One Topping contains veggies & Cheese. Just sprinkle grated cheese (optional) & bake to enjoy restaurant like Pizza at home.""]","[""milk"", ""soybeans""]",[],,
Amul Pizza Cheese,amul,dairies,8901262020343,,"[""1000g""]","[""Milk solids"", ""iodized salt"", ""microbial rennet active culture"", ""milk.""]","[""latte""]",[],,
Protein Oats,doctor-s-choice,plant-based-foods-and-beverages,0641837433199,,"[""750g""]","[""Rolled Oats (40.4%)"", ""Protein Blend (27.25%) (Texturized Soy Protein"", ""Soya Protein Isolate. Whey Protein Concentrate)"", ""Dry Fruits. Nut & Seeds (14.5%) (Raisins"", ""Almonds"", ""Pumpkin Seeds. Chia Seeds)"", ""Jaggery"", ""Cocoa Solids (7%)"", ""Jowar Flakes"", ""Natural and Nature Identical Flavour"", ""Himalayan Pink Salt. *Amino Acids Profile: L-Arginine 1.68g"", ""L-Leucine 1.93g"", ""L-Valine 1.06g"", ""L-Cystine 0.16g"", ""Glycine 1.07g"", ""Histadine 0.76g"", ""Serine 1.34g"", ""Aspartic Acid 3.19g"", ""Glutamic Acid 7.51g"", ""Threonine 0.97g. Alanine 1.14g"", ""Proline 0.99g"", ""Lysine 1.64g"", ""Tyrosine 0.66g. Methionine 0.85g"", ""Iso Leucine 0.92g"", ""Phenyl Alanine 1.23g. Tryptophan 0.25g. CATEGORY: Breakfast Cereals. ALLERGEN ADVICE: Contains Milk"", ""Nuts & Soy. N""]","[""milk"", ""nuts"", ""soybeans""]",[],,https://images.openfoodfacts.org/images/products/064/183/743/3199/front_en.18.400.jpg
Lemon Iced Tea,guppymoms,beverages-and-beverages-preparations,8908019267198,,"[""200gm""]","[""Sugar-free substitute (INS420 (i))"", ""Instant Black Tea (3.50%)"", ""Acidity regulator (INS330)"", ""Natural Flavours Lemon"", ""Acidity regulator (INS331 (i))"", ""Sugar free substitute (INS960)"", ""Vitamin C (From Ascorbic acid)""]","[""-""]",[],,
Tadka Chhach Probiotic Buttermilk,amul,dairies,8901262202244,,"[""300 ml""]","[""Milk solids"", ""water"", ""iodized salt"", ""spices and condiments (0.8%)"", ""active culture"", ""probiotic bacterial strain (Bifidobacterium lactis - minimum 10° CFU per mL).""]","[""milk""]",[],,
Amul Dark Chocolate,amul,snacks,8901262070454,,"[""40g""]","[""SUGAR"", ""COCOA SOLIDS"", ""COCOA BUTTER"", ""PERMITTED EMULSIFIERS (E322"", ""E476)"", ""ARTIFICIAL FLAVOURING SUBSTANCES (COCOA"", ""VANILLA)""]","[""-""]",[],,https://images.openfoodfacts.org/images/products/890/126/207/0454/front_en.4.400.jpg
Fennel fusion,choko-la,snacks,8906044441231,,"[""40g""]","[""Dark Chocolate (89.17%) (Cocoa mass"", ""Sugar"", ""Cocoa butter"", ""Emulsifier - Soya Lecothin)"", ""Fennel infusion (9.55%) (Cocoa butter"", ""Fennel)"", ""Fennel"", ""Contains added flavour (Artificial Flavouring substance- Vanillin)""]","[""-""]",[],,
Whoopies,haldiram-s,chips-and-fries,8904063255518,,"[""45g""]","[""Corn Meal"", ""Edible Vegetable Oil ( Palmolein Oil )"", ""Cheese Powder (3%)"", ""Sugar Powder"", ""Maltodextrin Edible Common Salt"", ""Spices and Condiments"", ""Lactose"", ""Hydrolysed Vegetable Protein Acidity Regulator (INS 330"", ""INS 270). CONTAINS ADDED FLAVOUR (NATURAL & NATURE FLAVOURING SUBSTANCES).""]","[""milk""]",[],,
Patanjali cream feast ( milk vanilla ),patanjali,cream-biscuits,8904109410093,,"[""84 g""]","[""whole wheat"", ""sugar"", ""edible vegetable oil"", ""invert syrup"", ""milk solids"", ""edible common salt""]","[""gluten""]",[],,https://images.openfoodfacts.org/images/products/890/410/941/0093/front_en.4.400.jpg
FUNFOODS PEANUT BUTTER,Dr. Oetker,plant-based-foods-and-beverages,8906002004447,,"[""925 g""]","[""Roasted Peanuts (91%)"", ""Sugar"", ""Stabilizer (INS471)"", ""Iodised Salt""]","[""peanuts""]",[],,
Kellogg's Multigrain Chocos Chhota Laddoo,Kellogg's,plant-based-foods-and-beverages,8901499010759,,"[""391 g""]","[""Wholegrain Flour Mix (46.7%) {Wheat Flour (Atta) (36.3%)"", ""Ragi Flour (5.2%)"", ""Sorghum (Jowar) Flour (5.2%)}"", ""Sugar"", ""CORN MEAL"", ""Refined Wheat Flour  (MAIDA)"", ""COCOA SOLIDS (5.2%)"", ""MINERALS"", ""CEREAL EXTRACT"", ""IOLIZED SALT"", ""COLOUR (INS 150d)"", ""FLAVOURS NATURE IDENTICAL&ARTIFICIAL (CREAM))"", ""VITAMINS"", ""ANTIOXIDANT (INS 307b).""]","[""gluten"", ""milk""]",[],,
JAGGERY OATS MILLET COOKIES,atul-bakery,millet-cookies,8906075005037,,"[""200g""]","[""Jaggery Powder-25%"", ""Edible Vegetable Fat (Palmolein)-18%"", ""Sorghum Flour-16%"", ""Oats - 12%"", ""Coconut Powder-10%"", ""Raisin-3%"", ""Honey"", ""Liquid Milk"", ""Vanilla Powder"", ""Edible lodized Salt"", ""Raising Agent [INS 500(II) Baking Powder].""]","[""gluten"", ""milk""]",[],,
Paneer,milky-mist,dairies,8904083300045,,"[""500g""]","[""Milk Solids & Vinegar.""]","[""milk""]",[],,https://images.openfoodfacts.org/images/products/890/408/330/0045/front_en.3.400.jpg
Kala Jamun Jam,vistevia,plant-based-foods-and-beverages,8906672744810,,"[""220g""]","[""Natural kala jamun"", ""salt"", ""purified stevia extract"", ""erythritol"", ""isomalt"", ""sorbitol"", ""citric acid Polyols The polyols used serving""]","[""-""]",[],,
Amul diced cheese blend (mozzarella and cheddar cheese blend),amul,dairies,8901262020541,,"[""1000g""]","[""Mozzarella cheese (milk solids"", ""iodized salt"", ""microbial rennet"", ""active cultures)"", ""cheddar cheese (milk solids"", ""iodized salt"", ""microbial rennet"", ""active cultures). \nAllergen Information: Contains milk""]","[""milk""]",[],,
kacchi ghani mustard oil,sarfa,mustard-oil-free-from-argemone-oil,8908017902008,,"[""1litre(910g)""]","[""Mustard Oil Free From Argemone Oil.""]","[""-""]",[],,https://images.openfoodfacts.org/images/products/890/801/790/2008/front_en.3.400.jpg
Family Fun Pack,Maggi,plant-based-foods-and-beverages,8901058000191,,"[""560g""]","[""NOODLES (WHEAT FLOUR"", ""PALM OIL AND LESS THAN 2% OF SALT"", ""WHEAT GLUTEN"", ""CALCIUM CARBONATE"", ""POTASSIUM CHLORIDE"", ""SODIUM POLYPHOSPHATE"", ""GUAR GUM"", ""SODIUM CARBONATE"", ""POTASSIUM CARBONATE ASTEMAKER SPICE PACKET (HYDROLYZED PEANUT PROTEIN"", ""NOODLE POWDER WHEAT FLOUR"", ""PALM OIL AND LESS THAN 2% OF SALT"", ""WHEAT GLUTEN CALCIUM CARBONATE"", ""POTASSIUM CHLORIDE"", ""SODIUM TRIPOLYPHOSPHATE"", ""GUAR GUM"", ""SODIUM CARBONATE"", ""POTASSIUM CARBONATE]"", ""SUGAR"", ""SPICE"", ""ONION POWDER"", ""CORNSTARCH"", ""CHILLI POWDER"", ""GARLIC POWDER"", ""PALM OIL"", ""SALT"", ""CARAMEL COLOR"", ""CITRIC ACID POTASSIUM CHLORIDE"", ""DISODIUM GUANYLATE AND DISODIUM INOSINATE SINGER SODIUM BICARBONATE MAY CONTAINS PEANUT AND WHEAT (GLUTEN) INGREDIENTS.&quot"", ""CONTAIN MILK"", ""MUSTARD SEEDS SOY NESTLE CONSUN P.O. BAG NO WECARE 1800 10.3 湯 astle. See be What ma MRPHIL ON Lot MAT SE BY - Ree letter after U Mit By: Nestle In 8) Lic No lingue No. Fo De No. 100 Lic No. 1001""]","[""gluten"", ""peanuts""]",[],,
Masti Dahi,amul,dairies,8901262200011,,"[""85 g""]","[""Pasteurised toned milk"", ""milk solids"", ""active culture. Allergen Information: Contains milk.""]","[""milk""]",[],,
Chocos,Kellogg's,plant-based-foods-and-beverages,8901499010704,,"[""127""]","[""Multi grain flour mix"", ""sorghum"", ""rice flour"", ""Sugar""]","[""-""]",[],,
Artos Drinking Water,artos,beverages-and-beverages-preparations,8908018251389,,"[""1L""]","[""TREATED WATER"", ""MINERALS (2.8%) (SALTS OF MAGNESIUM"", ""CALCIUM & SODIUM)""]","[""-""]",[],,https://images.openfoodfacts.org/images/products/890/801/825/1389/front_en.3.400.jpg
Tropicana Fruitz Mixed Fruit Magic,Tropicana,beverages-and-beverages-preparations,8902080002733,,"[""180ml""]","[""WATER SUGAR CONCENTRATED MIXED FRUIT JUICE 25% (FROM APPLE MANGO GUAVA"", ""ORANGE BANANA"", ""APRICOT PEACH ACIDITY REGULATORS (330 331))"", ""STABILIZERS (466"", ""440)"", ""FLAVOUR (NATURAL AND NATURE IDENTICAL FLAVOURING SUBSTANCES PRESERVATIVE (202)"", ""COLOUR (160a(i)))""]","[""-""]",[],,
Snacky,karachi-bakery,snacks,8906133100063,,"[""75g""]","[""Sugar"", ""Cocoa Solids"", ""Milk Solids"", ""Edible Vegetables Oil"", ""Say Lecithin"", ""Hazelnut"", ""Corn Flakes"", ""Flour & Natural Flavours.""]","[""milk"", ""nuts""]",[],,
Snacko Honey Roasted Peanuts,sundrop,plant-based-foods-and-beverages,8901512939302,,"[""100g""]","[""Peanuts (76%)"", ""Sugars"", ""Liquid Glucose"", ""Refined Edible Palmolein Oil"", ""Honey (1.5%)"", ""lodized Salt & Thickener (Guar Gum).""]","[""peanuts""]",[],,https://images.openfoodfacts.org/images/products/890/151/293/9302/front_en.3.400.jpg
Aashirvaad Vermicilli,Aashirvaad,plant-based-foods-and-beverages,8901725118846,,"[""850 g""]","[""Wheat Semolina (Rawa)""]","[""gluten""]",[],,
Turmeric Powder,Aashirvaad,plant-based-foods-and-beverages,8901725125349,,"[""100g""]","[""Turmeric Powder""]","[""-""]",[],,
Fruit mallows,bonfire,snacks,6917489453125,,"[""20g""]","[""SUGAR"", ""GLUCOSE SYRUP"", ""WATER"", ""DEXTROSE"", ""FOOD GRADE FISH GELATIN CORN STARCH"", ""ARTIFICIAL FRUIT FLAVOURS (STRAWBERRY)"", ""ARTIFICIAL COLOURS (INS 127"", ""INS 110"", ""INS 102"", ""INS 133) CONTAINS PERMITTED ARTIFICIAL FOOD COLOUR(S) AND ADDED ARTIFICIAL FLAVOUR(S) fssai A LIC NO: 11523998000124 PROD: 20.06.2025 BBD: 19.06.2027 BATCH NO: 3233 0-3 ENERGY PROTEIN FAT SATURA TRANS F CARBOH Of which ADDED S SODIUM THE RDA SERVING 2000 CALO NUTRITIO NET WEIG BATCH NO PRODUCT EXPIRY DA MANUFAC BONFIRE F ADDRESS: AREA GUAM NOT CONTA STORAGE I DIRECT SUN NOT TO BE 5 PICTURES C PURPOSE OF""]","[""-""]",[],,
Milk Rusk,trdp-mario,snacks,8904300201353,,"[""120g""]","[""REFINED WHEAT FLOUR (MAIDA)"", ""SUGAR"", ""EDIBLE VEGETABLE OIL (REFINED PALM OIL)"", ""SEMOLINA (WHEAT)"", ""YEAST"", ""MILK SOLIDS (3%)"", ""INVERT SYRUP"", ""MALT EXTRACT"", ""IODIZED SALT"", ""WHEAT FIBER"", ""EMULS - IFIER (471"", ""472e & 481 (i))"", ""ANTIOXIDANT (300) & FLOUR TREATMENT AGENTS 1100(i). CONTAINS ADDED FLAVOUR [NATURAL AND NATURE IDENTICAL FLAVOURING SUBSTANCES (MILK & VANILLA)].""]","[""gluten"", ""milk""]",[],,https://images.openfoodfacts.org/images/products/890/430/020/1353/front_en.4.400.jpg
Mountain Dew,dew,cold-drink,8902080364596,,"[""1""]","[""Carbonated water"", ""sugar"", ""acidity regulators"", ""preservatives"", ""caffiene""]","[""-""]",[],,
Haldirams Bhujia,haldirams,snacks,8904063200945,,"[""1 kg""]","[""Tepary Beans Flour"", ""Edible Vegetable Oil (Cotton Seed"", ""Corn & Palmolein Oil)"", ""Gram Pulse Flour"", ""Edible Common Salt Powder"", ""Spices & Condiments (Red Chilli Powder"", ""Black Pepper  Powder"", ""Ginger Powder"", ""Clove Powder"", ""Mace Powder"", ""Nutmeg Powder and Cardamom Powder).""]","[""-""]",[],,
Potato Cheese Shotz,mccain,plant-based-foods-and-beverages,8906000610909,,"[""400 g""]","[""Potatoes (40.80%)"", ""Proessed Cheese(30.42%) (Cheddar cheese"", ""Milk Solids"", ""Emulsifier [INS 331]"", ""Edible Common Salt"", ""Permitted Class II Preservative [INS 200])"", ""Bread Crumbs (Wheat Flour"", ""Yeast"", ""Edible Common Salt)"", ""Permitted Class II Preservative [INS 200]"", ""Antioxidant [INS 300])"", ""Palmolein Oil"", ""Batter (Wheat Flour"", ""Corn Starch"", ""Corn Flour"", ""Edible Common Salt"", ""Thickner [INS 466])"", ""Seasoning (Acidity Regulators [INS 330"", ""INS 270]"", ""Flavour Emhancer [INS 627]"", ""Anticaking Agent [INS 551])"", ""Corn Flour"", ""Onion Powder"", ""Edible Common Salt"", ""Red Chilli Flakes"", ""Parsley. \r\nCONTAINS ADDED FLAVOURS: NATURAL AND NATURE IDENTICAL FLAVOURING SUBSTANCES CONTAINS WHEAT"", ""SOYA AND MILK DERIVATIVES""]","[""gluten"", ""milk"", ""soybeans""]",[],,https://images.openfoodfacts.org/images/products/890/600/061/0909/front_en.7.400.jpg
Jeera Special,btw,snacks,8908002026467,,"[""400 g""]","[""Refined Wheat Flour"", ""Bakery Shortening"", ""Sugar"", ""Common Salt"", ""Glucose Powder"", ""Milk powder"", ""Custard Powder"", ""Cumin Seeds Raising Agent [503ii)] & Baking Powder [500ii)] \r\nCONTAINS ADDED FLAVOUR (C2101 & S3294) (NATURAL IDENTICAL AND ARTIFICIAL FLAVOURING SUBSTANCES)""]","[""gluten"", ""milk""]",[],,
Choco Vanilla,cream-bell,plant-based-foods-and-beverages,8906023415017,,"[""65 ml""]","[""Inner Layer (71%): Water"", ""Sugar"", ""Milk Solids"", ""Edible Vegetable Oil (Refined Palm Kemel Oil)"", ""Maltodextrin"", ""Permitted Emulsifying Agents (433"", ""471) & Stabilzing Agents (407"", ""410"", ""412"", ""466) \nOuter Layer (29%): Choco Covering {Edible Vegetable Oil (Refined Palm Kermel Oil)"", ""Sugar"", ""Hydrogenated Vegetable Fat"", ""Cocoa Solids}\nADDED NATURE IDENTICAL AND ARTIFICIAL (VANILLA) FLAVOURING SUBSTANCES FROZEN DESSERT CONTAINS EDIBLE VEGETABLE OIL""]","[""milk""]",[],,
kalimark vibro paneer,kalimark,beverages,8908002515046,,"[""500 ml""]","[""| VİBR。 Quantity Of Sugar Added 12g Per 100mi PANEER NUTRITIONAL FACTS PER 100ml APPROX) SWEETENED CARBONATED BEVERAGE CONTAINS Sugar WATER"", ""SUGAR"", ""CITRIC ACID AND NO FRUIT JUICE CONTAINS: PERMITTED CLASS II PRESERVATIVE E211 AND ADDED NATURE IDENTICAL AND ARTIFICIAL ROSE FLAVORING SUBSTANCES. Carbohydrate 12 12q Protein Fat Energy 0g 0g 48 Kcals""]","[""-""]",[],,https://images.openfoodfacts.org/images/products/890/800/251/5046/front_en.7.400.jpg
karachi's cashew biscuits,karachi-bakery,snacks,8908003115979,,"[""400 g""]","[""Refined Wheat Flour (Maida)"", ""Sugar"", ""Edible Vegetable oil (Pal oil"", ""Palmolien"", ""Palm kernel oil"", ""Til oil) Milk"", ""Salt"", ""Cashew Nuts.""]","[""gluten"", ""milk"", ""nuts""]",[],,
Kellogg's Oats,Kellogg's,plant-based-foods-and-beverages,8901499009470,,"[""1 kg""]","[""Oats (100%)""]","[""gluten""]",[],,
Idly & Dosa Batter,id,dosa-batter,8906020580015,,"[""1kg""]","[""RO-Purified water (55%)"", ""Rice (34%)"", ""Urad dal"", ""Fenugreek and Iodised Salt.""]","[""-""]",[],,
Idli/Dosa/Chilly Chutney Powder,mtr,condiments,8901042958361,,"[""100g""]","[""Black gram splits (84%)"", ""Red chilli (8.5%)"", ""Iodised salt"", ""Mustard seeds (0.7%)"", ""Lemon premix [Maltodextrin (Corn)"", ""Acidity Regulators (INS 330"", ""INS 334) and Nature identical flavouring substance]"", ""Acidity Regulators (INS 330)"", ""Curry leaves powder and Asafoetida""]","[""mustard""]",[],,https://images.openfoodfacts.org/images/products/890/104/295/8361/front_hi.3.400.jpg
PROTEIN TOTAL FAT pany,Minute Maid,plant-based-foods-and-beverages,8901764239809,,"[""250 ml""]","[""Water"", ""Sugar"", ""Mango Pulp (10"", ""7 %)"", ""Guava Pulp (2"", ""9 %)"", ""Banana Puree (2"", ""9 %)"", ""Papaya Puree (0"", ""3 %)"", ""acidity regulator (E330)"", ""antioxydant (E300)"", ""colorant (161g).""]","[""-""]",[],,
e-Millet cookies,moon-foods,ragi-biscuits,8906062600375,,"[""150g""]","[""Finger Millet Flour"", ""Atta"", ""Cane Sugar"", ""Vegetable Oils & Salt""]","[""-""]",[],,
Sandwich Chocolate and Vanilla,kwality-wall-s,desserts,8901030691508,,"[""57 g""]","[""WATER BISCUIT (37.2%) (WHEAT FLOUR"", ""SUGAR"", ""PALM OIL LIQUID GLUCOSE"", ""BARLEY MALT EXTRACT"", ""WATER"", ""MILK SOLIDS"", ""SALT"", ""LEAVENING AGENTS - E500(lI)"", ""E503(II)"", ""EMULSIFIER - E1520 AND CONTAINS PERMITTED NATURAL FOOD COLOUR E150a and ADDED ARTIFICIAL VANILLA FLAVOURING SUBSTANCES (CONTAINS GLUTEN AND MILK)"", ""SUGAR"", ""EDIBLE PALM OIL"", ""MILK SOLID"", ""LIQUID GLUCOSE"", ""VEGETABLE PROTEIN (SOY)"", ""COCOA SOLIDS.""]","[""gluten"", ""milk"", ""soybeans""]",[],,https://images.openfoodfacts.org/images/products/890/103/069/1508/front_en.6.400.jpg
Figaro Olive Oil,deoleo,plant-based-foods-and-beverages,8410125245170,,"[""100 ml""]","[""Edible olive oil""]","[""-""]",[],,
GoodDay Choco Chip,britannia,snacks,8901063004122,,"[""100 g""]","[""REFINED WHEAT FLOUR"", ""SUGAR"", ""EDIBLE VEGETABLE OIL(PALM)"", ""CHOCOLATE CHIPS (11%) [SUGAR"", ""COCOA SOLIDS"", ""COCOA BUTTER"", ""DEXTROSE"", ""EMULSIFIER (322) AND ADDED NATURAL FLAVOURING SUBSTANCES (VANILLA)] CHOCOCHIPS (10%) [SUGAR EDIBLE HYDROGENATED VEGETABLE OIL (PALM)"", ""COCOA SOLIDS"", ""DEXTROSE"", ""EMULSIFIER(322) AND ADDED NATURAL FLAVOURING SUBSTANCES (VANILLA)]"", ""INVERT SYRUP RAISING AGENTS [503(ii)"", ""500(ii)"", ""450(i)]"", ""COCOA SOLIDS"", ""EDIBLE COMMON SALT AND EMULSIFIERS (322"", ""472e) CONTAINS PERMITTED NATURAL FOOD COLOUR (150d) AND ADDED FLAVOURS [NATURE IDENTICAL AND ARTIFICIAL FLAVOURING SUBSTANCES (CHOCOLATE & VANILLA)]""]","[""gluten""]",[],,
Sona Masuri Rice,kalyani,plant-based-foods-and-beverages,8904064622517,,"[""5 Kg""]","[""Rice""]","[""-""]",[],,https://images.openfoodfacts.org/images/products/890/406/462/2517/front_fr.4.400.jpg
Khenaizi Dates,date-crown,plant-based-foods-and-beverages,6291100213160,,"[""500g""]","[""Wet Dates""]","[""-""]",[],,
Mad Angles Tomato Madness,bingo,snacks,8901725198237,,"[""90 g""]","[""RICE GRITS"", ""SEASONING MIX [REFINED PALMOLEIN"", ""REFINED SUGAR IODISED SALT"", ""TOMATO POWDER (0.7%)"", ""SPICES & CONDIMENTS"", ""MALTODEXTRİN"", ""ONION POWDER"", ""GARLIC POWDER"", ""ACIDITY REGULATORS (INS 330"", ""INS 296)"", ""MILK SOLIDS\\"", ""ANTICAKING AGENT (INS 551)"", ""YEAST EXTRACT & FLAVOUR ENHANCER (INS 627) REFINED PALMOLEİN"", ""CORN GRITS"", ""GRAM GRITS AND ACIDITY REGULATOR (INS 500(ii). USED AS NATURAL FLAVOURING AGENT. CONTAINS ADDED FLAVOUR(S) (NATURAL FLAVOURS & NATURAL FLAVOURING SUBSTANCES AND NATURE IDENTICAL FLAVOURING SUBSTANCES)""]","[""milk""]",[],,
Dark Chocolate,amul,snacks,8901262070676,,"[""150 g""]","[""SUGAR"", ""COCOA SOLIDS"", ""COCOA BUTTER PERMITTED EMULSIFIERS (E322. E476). CONTAINS ADDED FLAVOURS (ARTIFICIAL FLAVOURING SUBSTANCES COCOA & VANILLA)""]","[""-""]",[],,
West Indies' Hot 'n' Sweet Chilli Potato Chips,Lay's,plant-based-foods-and-beverages,8901491503051,,"[""20g""]","[""Potato"", ""Edible Vegetable Oil (Palmolein Oil)"", ""*Seasoning (Sugar"", ""Maltodextrin"", ""lodised Salt"", ""Flavour (Natural and Nature Identical Flavouring Substances)"", ""&quot"", ""Spices & Condiments"", ""Flavour Enhancers (627 & 631)"", ""Edible Vegetable Oil (Palm"", ""Sunflower"", ""Peanut)"", ""Hydrolysed Vegetable Protein"", ""Anticaking agent (551)"", ""Cocoa Solids"", ""Lactose). &quot"", ""As flavouring agent. &quot"", ""Contains Onion and Garlic""]","[""gluten"", ""milk"", ""nuts"", ""peanuts"", ""sulphur dioxide and sulphites""]",[],,https://images.openfoodfacts.org/images/products/890/149/150/3051/front_en.3.400.jpg
Dairy Milk - Home Treats,cadbury,snacks,8901233020624,,"[""100 g""]","[""Energy kcal 523\r\nProtein  g 8.1\r\nCarbohydrate g 60.5\r\n(of which sugar) g 57.4\r\nFat g 29.0\r\n(of which Saturated Fat) g 17.6\r\nTrans Fat g 0.1\r\nSodium mg 152\r\nFibre g 2.1""]","[""-""]",[],,
Amul pasteurised butter,amul,dairies,8901262010023,,"[""250""]","[""Butter"", ""iodized salt"", ""natural colour (annatto)\nAllergen information:contains milk""]","[""milk""]",[],,
OMG! Oh My Ganna Cumin Crush,nutricane,juice,8908009670021,,"[""250 ml""]","[""REAL SUGARCANE"", ""SALT"", ""ANTIOXIDANT (INS 300)"", ""ACIDITY REGULATOR (INS 334)"", ""STABILIZER (INS 440"", ""INS 337)"", ""WATER (FOR MAINTAINING DESIRED BRIX)"", ""CONTAINS PERMITTED NATURAL FLAVOUR & NATURAL IDENTICAL COLOURING SUBSTANCES (INS 141[i])""]","[""-""]",[],,https://images.openfoodfacts.org/images/products/890/800/967/0021/front_en.7.400.jpg
bhujia,bikano,snacks,8901414000117,,"[""40 g""]","[""Husked Dew Gram Flour (46%)"", ""Edible Vegetable Oil (contains one or more of the following: Palmolein Oil"", ""Cottonseed Oil and Ricebran Oil)"", ""Chickpea Flour"", ""lodized Salt"", ""Mixed Spices (Red Chilly Powder"", ""Black Pepper Powder"", ""Clove Powder"", ""Dry Ginger Powder"", ""Long Pepper Powder"", ""Mace Powder"", ""Fennel Powder"", ""Nutmeg Powder"", ""Cardamom Powder"", ""Asafoetida). Made in a facility that processes Wheat"", ""Oats"", ""Peanuts"", ""Tree Nuts"", ""Soy"", ""Milk and Sesame. STORE IN A COOL"", ""DRY AND HYGIENIC PLACE AWAY FROM AIR AND DIRECT SUNLIGHT.""]","[""gluten"", ""milk"", ""nuts"", ""peanuts"", ""sesame seeds"", ""soybeans""]",[],,
Crunchy Nutty Peanut Butter,united-foods,plant-based-foods-and-beverages,8908004415054,,"[""12 oz""]","[""Roasted _Peanuts_"", ""Sugar"", ""Salt"", ""Fully hydrogenated _Soya_ Oil.""]","[""peanuts"", ""soybeans""]",[],,
Roasted Dalia,tip-top,plant-based-foods-and-beverages,8906025201786,,"[""500 g""]","[""M.P. Wheat""]","[""gluten""]",[],,https://images.openfoodfacts.org/images/products/890/602/520/1786/front_en.11.400.jpg
Aashirvaad Superior MP Atta,Aashirvaad,plant-based-foods-and-beverages,8901725016838,,"[""1kg""]","[""WHOLE WHEAT""]","[""gluten""]",[],,
Saffola Masala Oats Veggie Twist,Saffola,plant-based-foods-and-beverages,8901088745109,,"[""1kg""]","[""Rolled Oats (53.4%)"", ""Millets (16%) [Jawar Flakes (14%)"", ""Bajra Flakes (2%)]"", ""Maltodextrin"", ""Iodised Salt"", ""Dried Vegetables (Carrot (1.6%)"", ""Green Peas (1.1%)"", ""French Beans)"", ""Onion Powder (2.3%)"", ""Desiccated Coconut Powder"", ""Sugar"", ""Spices & Condiments~"", ""Milk Solids"", ""Tomato Powder"", ""Refined Rice Bran Oil"", ""Hydrolyzed Vegetable Protein"", ""Yeast Extract"", ""Acidity Regulators (INS 330)"", ""Flavouring Enhancers (INS 661"", ""INS 627)"", ""Colour (INS 100)"", ""Nature Identical Flavouring Substances.\n~Contains Chilli"", ""Turmeric"", ""Ginger"", ""Cardamom"", ""Cinnamon"", ""Curry Leaves"", ""Garlic.\nALLERGN Advice: Contains Oats"", ""Milk"", ""Soy & Nuts.""]","[""gluten"", ""milk""]",[],,
Cheeslings Classic,monaco,snacks,8901719107092,,"[""300 g""]","[""Wheat Flour"", ""Edible Vegetable Oils (Palmolein Oil"", ""Palm Oil)"", ""Sugar"", ""Edible Common Salt"", ""Cheese 1.8%"", ""Yeast"", ""Raising Agents"", ""Invert Sugar Syrup"", ""Spices and Condiments (Mustard Powder)"", ""Acidity Regulators"", ""Emuslifier"", ""Dough Conditioner"", ""Added Flavours (Artificial Flavouring Substances -Black Pepper"", ""Capsicum and Cheese)""]","[""gluten"", ""milk""]",[],,
Lay’s Chile Limon 20rs,Lay's,snacks,8901491981552,,"[""55 g""]","[""ca"", ""mirl lay's is the registereu cor feedback or queries"", ""write to the consumer services manager"", ""pepsico india holdings pvt"", ""ltd"", ""p"", ""o"", ""box 27"", ""dlf qutab enclave"", ""phase-1"", ""gurugram-122002"", ""haryana"", ""india"", ""or call us at 1800 22 4020 cr email us at consumer"", ""feedback@pepsico"", ""com proprietary food - potato chips (15"", ""1) as compared to previous lay's chile limón our packs"", ""limited period offer"", ""valid in ct geographies"", ""gredients: potato"", ""edible vegetable oil molein oil)"", ""*seasoning (sugar"", ""lodised salt"", ""favour (natural and nature identical flavouring substances)"", ""~spices"", ""condiments"", ""maltodextrin"", ""lime juice powder"", ""anticaking agent (551)"", ""edible vegetable oil (sunflower seed oil)"", ""flavour enhancers (627"", ""631)"", ""corn syrup solids)"", ""*as flavouring agent"", ""contains onion and garlic""]","[""-""]",[],,https://images.openfoodfacts.org/images/products/890/149/198/1552/front_en.26.400.jpg
Haldiram's Aloo Bhujia Sev,haldiram-s,snacks,8904004400687,,"[""20g""]","[""Potato"", ""Edible Vegetable Oil (Palmolein"", ""Cotton Seed"", ""Corn"", ""Sunflower)"", ""Bengal Gram Flour (Besan)"", ""Potato Flakes"", ""Potato Starch"", ""Tapioca Starch"", ""Tepary Beans (Moth Dal) Flour"", ""Iodised Salt"", ""Red Chilli Powder"", ""Black Salt"", ""Acidity Regulator (INS 330)"", ""Black Pepper"", ""Clove"", ""Dried Ginger Powder"", ""Dried Garlic Powder"", ""Cumin Powder"", ""Bay Leaf"", ""Nutmeg"", ""Cinnamon"", ""Turmeric"", ""Mint Leaves"", ""Natural Flavours & Natural Flavouring Substances & Nature Identical Flavouring Substances.""]","[""gluten"", ""milk"", ""nuts"", ""peanuts"", ""sesame seeds"", ""soybeans"", ""mustard""]",[],,
Yippee noodles (snack pack),sunfeast,plant-based-foods-and-beverages,8901725018016,,"[""48""]","[""Instant Noodles: Maida (Refined Wheat Flour)(78.7%)"", ""*Edible Vegetable Oil"", ""Iodized Salt"", ""Wheat Gluten (0.4%)"", ""Thickeners (502"", ""412)"", ""Acidity Regulators (501)"", ""Stabilizer [339(i)]. Seasoning: Masala Mix: Dehydrated Vegetables [Beans (9.5%)"", ""Carrot (7.1%)"", ""Onion (4.6%)"", ""Cabbage (3.8%)]"", ""Instant Noodle Powder (Maida (Refined Wheat Flour)(15.9%)"", ""*Edible Vegetable Oil"", ""Iodized Salt"", ""Wheat Gluten (0.07%)]"", ""Spices and Condiments [Garlic (17.6%)]"", ""Coriander"", ""Cumin"", ""Dried Ginger"", ""Chilliies"", ""Aniseed"", ""Fenugreek"", ""Black Pepper"", ""Cardamom"", ""Nutmeg"", ""Caraway"", ""Cinnamon"", ""Cloves"", ""Tumeric]"", ""Sugar"", ""Iodized Salt"", ""Hydrolyzed Vegetable Protein (Deflated Soya"", ""Maltodextrin)"", ""Natural Flavours and Natural Flavouring Substances"", ""Yeast Extract"", ""Acidity Regulator (330)"", ""Nature Identical Flavouring Substances"", ""Flavour Enhancer (635).""]","[""gluten""]",[],,
Nescafe Sunrise,nescafe,beverages-and-beverages-preparations,89080306,,"[""1.9g""]","[""COFFEE BEANS (60%)&CHICORY""]","[""-""]",[],,https://images.openfoodfacts.org/images/products/000/008/908/0306/front_en.3.400.jpg
Heritage Toned UHT Milk,heritage,dairies,8904089994293,,"[""1L""]","[""Milk Solids (Toned Milk)"", ""Vitamin A (Palmitate) & Vitamin D (Ergocalciferol)""]","[""milk""]",[],,
Un-junked jeera biscuit,open-secret,snacks,8904057302648,,"[""40 g""]","[""Oat Flour"", ""Whole Wheat Flour"", ""Fructooligosaccharides"", ""Unsalted Butter"", ""Corn Flour"", ""Refined Sunflower Oil"", ""Rice Flour"", ""Jowar Flour"", ""Jaggery Powder"", ""Maltodextrin"", ""Whole Cumin 2%"", ""Cumin Powder"", ""Skimmed Milk Powder"", ""Rising Agent [INS503(ii)"", ""INS500(ii)"", ""INS 450(i) INS575]"", ""Antioxident (INS322) Edible Common Salt"", ""Ragi Flour"", ""Bajra Flour"", ""Udid Flour""]","[""gluten"", ""milk""]",[],,
Paper boat Indigo exclusive mango basil,paper-boat,beverages-and-beverages-preparations,8906080604676,,"[""170ml""]","[""Water"", ""Mango Pulp (51%) Apple Juice Concentrate (7%). Flavours (Natural and Nature-Identical Flavouring Substances)"", ""Lemon Juice Concentrate"", ""Dried Basil Leaves.""]","[""-""]",[],,https://images.openfoodfacts.org/images/products/890/608/060/4676/front_en.3.400.jpg
Cow's ghee,patanjali,fats,8904422700222,,"[""905g""]","[""Milk fat""]","[""milk""]",[],,
Jeera,jk,plant-based-foods-and-beverages,6982494701059,,"[""50g""]","[""Calories 384.02Cal"", ""Total_fat 18.90g"", ""Sodium 140mg"", ""Total_Carbohydrates 38.10g"", ""Protein 15.38g"", ""Vitamine_A 13micron"", ""Vitamine_C 1.20mg"", ""Calcium 790mg"", ""Iron 15.60mg"", ""Sugar 1g"", ""Trans_Fat 0g"", ""Saturated_fat 1.34g"", ""Mono_Unsaturatedfat 13.77g""]","[""-""]",[],,
100% Whey Protein Powder Drink Mix Strawberry Banana,optimum-nutrition,dietary-supplements,0748927029864,,"[""5lb""]","[""Whey Protein Isolate"", ""Whey Protein Concentrate"", ""Hydrolyzed Whey Protein"", ""Natural and Artificial Flavor"", ""Sunflower and/or Soy Lecithin"", ""Acesulfame Potassium"", ""Sucralose"", ""Red 40""]","[""milk"", ""soybeans""]",[],,
Mad Angles Chaat Masti,bingo,snacks,8901725198442,,"[""90 g""]","[""RICE GRITS"", ""SEASONING MIX (REFINED PALMOLEIN"", ""REFINED SUGAR CONDIMENTS"", ""IODISED SALT"", ""WHEAT FLOUR"", ""BLACK SALT"", ""TOMATO POWDER (0.3 POWDER (0.2%)"", ""ACIDITY REGULATORS (INS 296"", ""INS 334"", ""INS 330)"", ""HYDROLYZED PROTEIN"", ""ANTICAKING AGENT (INS 551) & FLAVOUR ENHANCERS (INS 627) REFINED PALMOLEIN"", ""CORN GRITS"", ""GRAM GRITS AND ACIDITY REGULATOR (INS 500[ii]) USED AS NATURAL FLAVOURING AGENT CONTAINS ADDED FLAVOUR(S) (NATURAL FLAVOURS AND NATURAL FLAVOURING SUBSTANCES AND NATURE IDENTICAL FLAVOURING SUBSTANCES)""]","[""gluten""]",[],,https://images.openfoodfacts.org/images/products/890/172/519/8442/front_en.7.400.jpg
Cavins butterscotch milkshake,cavin-s,beverages,8902979052405,,"[""180ml""]","[""Milk (89%) Sugar"", ""Stabilizers (INS 415"", ""INS 412"", ""INS 407)"", ""Sequestering Agent (INS 452(i) Edible Common Salt"", ""Cashew Powder (0.05%)"", ""and Emulsifier (INS 436). CONTAINS PERMITTED SYNTHETIC FOOD COLOUR (INS 1101 AND ADDED FLAVOUR NATURE IDENTICAL AND ARTIFICIAL (BUTTERSCOTCH FLAVOURING SUBSTANCES)""]","[""milk"", ""nuts""]",[],,
Nestle munch king size,Nestlé,snacks,7901011018448,,"[""17.8g""]","[""Sugar"", ""Refined Wheat flour (Maida)"", ""Hydrogenated vegetable fats"", ""Fractionated vegetable fat"", ""Milk solids"", ""Cocoa solids (3.8%)"", ""Emulsifiers (Soya lecithin and 476)"", ""Raising agent (500 ii)"", ""Yeast"", ""Iodized salt"", ""Flour treatment agent (516) and Artificial flavouring substances (vanilla). Allergen note: Contains Wheat"", ""Milk"", ""Sesame and Soy. May Contain Nuts.""]","[""gluten"", ""milk"", ""sesame seeds"", ""soybeans""]",[],,
British Biologicals D-Protin,british-biologicals,dietary-supplements,8906011145322,,"[""200 g""]","[""Skimmed milk powder"", ""High oleic sunflower oil powder (HOSO)"", ""Cocoa powder"", ""Inulin"", ""Soya protein isolate"", ""CONTAINS PERMITTED AND ADDED FLAVOUR Mineral mix"", ""Maltodextrin"", ""Vitamin mix & Sucralose.""]","[""milk"", ""soybeans""]",[],,https://images.openfoodfacts.org/images/products/890/601/114/5322/front_en.3.400.jpg
Independence Chocolate Flavoured Milkshake,independence,beverages-and-beverages-preparations,8904132977235,,"[""200ml""]","[""DOUBLE TONED MILK (79%)"", ""SUGAR"", ""WATER"", ""COCOA SOLIDS (1.5%)"", ""EMULSIFIERS&STABILIZERS (471"", ""412"", ""407"", ""415)"", ""ACIDITY REGULATORS (340 (ii)"", ""340 (ii)"", ""452(i)"", ""IODIZED SALT"", ""NATURE IDENTICAL FLAVOURING SUBSTANCES""]","[""-""]",[],,
Crax curls,crax,packeged-food,8908016029249,,"[""57g""]","[""Corn Grits (65%)"", ""Edible Vegetable Oil (Refined Palmolein Oil)"", ""*Seasoning [lodised Salt"", ""Sugar Onion Powder"", ""Corn Starch"", ""Chilli Powder"", ""Garlic Powder Hydrolysed Soy Protein"", ""Coriander"", ""Acidity Regulators (INS 330"", ""INS 296)"", ""Anticaking Agent (INS 551)"", ""Flavour Enhancers (INS 627"", ""INS 631)"", ""Flavour(s) (Natural & Nature Identical Flavouring Substances) Used as part of flavouring agent Contains Soy. May Contains Milk and Wheat Manufactured & Marketed By: DFM Foods Limited 149"", ""First Floor"", ""Kilokari"", ""Ring Road"", ""Ashram"", ""New Delhi-110014 fssat Lic. No. 10014011002061 For manufacturing unit read the first character of the batch no. & see below""]","[""milk"", ""soybeans""]",[],,
Super T Milk,mother-dairy,dairies,8901648001904,,"[""140ml""]","[""Milk Solids""]","[""milk""]",[],,https://images.openfoodfacts.org/images/products/890/164/800/1904/front_en.5.400.jpg
SUPERYOU PROTEIN WAFER COFFEE,superyou,snacks,8908024977167,,"[""10 nos""]","[""PROTEIN BLEND (FERMENTED NUTRITIONAL YEAST PROTEIN (22%)+ MILK SOLIDS)"", ""EDIBLE VEGETABLE FAT (HYDROGENTED COCONUT OIL"", ""INS 322)"", ""SWEETENER (INS965)"", ""WHEAT FLOUR (ATTA)"", ""COFFEE POWDER"", ""COCOA SOLIDS"", ""STARCH"", ""EMULSIFIERS (INS 322"", ""INS 476)"", ""EDIBLE COMMON SALT"", ""IMPROVER ENZYME"", ""CONTAINS ADDED FLAVOUR - NATURE IDENTICAL FLAVOURING SUBSTANCE (COFFEE FLAVOUR"", ""CHOCOLATE"", ""COCOA BUTTER)"", ""ARTIFICIAL FLAVOURING SUBSTANCE (ETHYL VANILLIN)""]","[""gluten"", ""milk""]",[],,
Energy and focus,neuro,snacks,8906114851540,,"[""9 gums""]","[""Caffeine 40mg"", ""L-theanine 60mg"", ""Vitamin B6 (Pyridox ine hydrochloride) 0.7mg"", ""Vitamin B12 (Cyanocobalamin) 2.2μg"", ""INS 420(i)"", ""Gum base"", ""INS953"", ""magnesium stearate(INS470)"", ""INS 955"", ""INS 960"", ""INS 551"", ""INS 133""]","[""-""]",[],,
ISO Gold Whey Protein Isolate,one-science-nutrition,dietary-supplements,8900740227120,,"[""30g""]","[""Whey Protein Blend (93%) (Whey Protein Isolate"", ""Whey Protein Hydrolysatel Emulsifier Sunflower Lecithin"", ""Fat-reduced Cocoa Powder"", ""Flavor (Chocolate)"", ""Thickeners (Carrageenan Xanthan)"", ""Sodium Chloride"", ""Sweeteners (Sucralose"", ""Acesulfame K)"", ""Emulsifier (Refined Coconut Oil Contains added flavours.""]","[""milk""]",[],,
Whole Jeera (Cumin),vedaka,plant-based-foods-and-beverages,8903023003411,,"[""200 g""]","[""Whole Jeera (Cumin)""]","[""-""]",[],,https://images.openfoodfacts.org/images/products/890/302/300/3411/front_en.3.400.jpg
Classic Emirates Dates,candor,plant-based-foods-and-beverages,8906064919857,,"[""500g""]","[""Dates""]","[""-""]",[],,
TOFFEE CARAMEL MILK,smoodh,beverages-and-beverages-preparations,8902579003647,,"[""85ml""]","[""MILK SOLIDS*"", ""SUGAR"", ""DEXTROSE"", ""FOOD COLOUR (INS 150c) (0.92%)"", ""MALT EXTRACT"", ""EMULSIFIERS AND STABILIZERS (INS 460(i)"", ""INS 471"", ""INS 466"", ""INS 407"", ""INS 340"", ""INS 452]"", ""NATURAL AND NATURE IDENTICAL FLAVOURING SUBSTANCES (CARAMEL"", ""COCOA"", ""TOFFEE"", ""ARTIFICIAL FLAVOURING SUBSTANCE (VANILLA) AND IODISED SALT. *(EQUIVALENT TO 90% M/M DOUBLE TONED MILK)""]","[""milk""]",[],,
WholeGrain Brown rice cakes,pintola,plant-based-foods-and-beverages,9901410900069,,"[""130g with 16 rice cakes""]","[""Organic Whole Grain Brown Rice (99.25%) & Desert Salt (0.75%)""]","[""-""]",[],,https://images.openfoodfacts.org/images/products/990/141/090/0069/front_en.3.400.jpg
Impact Whey Protein (Strawberry Cream),MYPROTEIN,whey-protein-powder,5059883417080,,"[""2.5 kg""]","[""Whey protein concentrate (98.2%) (Emulsifiers: Soy lecithin & Sunflower lecithin)"", ""Natural & Artificial Flavours (Strawberry Cream)"", ""Natural Colour (Beta Carotene)"", ""Sweetener (Sucralose)""]","[""gluten"", ""milk"", ""nuts"", ""soybeans"", ""contains-milk-and-soy-manufactured-in-a-facility-which-processes-oats""]",[],,
Hot and sweet tomato chilli sauce,Maggi,condiments,8901058012651,,"[""75g""]","[""Water"", ""Sugar"", ""Tomato paste (11.9%)"", ""Red chilli puree (6.6%)"", ""lodized salt"", ""Acidity regulator (260)"", ""Starch"", ""Mixed Spices"", ""Garlic powder"", ""Thickener (415)"", ""Onion powder & Preservative (211)""]","[""-""]",[],,
Cornitos Crusties Italian Cheese Potato Puffs,cornitos,snacks,8906082577466,,"[""50g""]","[""Rice Grits"", ""Potato Flakes (28%)"", ""Corn Grits"", ""Potato Starch"", ""Edible Common Salt"", ""Edible Vegetable Oil (Corn/Rice Bran)"", ""Maltodextrin"", ""Sugar"", ""Milk Solids"", ""lodised Salt"", ""Spices & Condiments (Onion"", ""Garlic"", ""Chilli)"", ""Cheese Powder"", ""Hydrolysed Vegetable Protein (Soya)"", ""Yeast Extract Powder"", ""Acidity Regulator (NS 270)"", ""Anticaking Agent (INS 551"", ""INS 170(1))"", ""Flavour Enhancer (INS 627"", ""INS 631).""]","[""milk"", ""none"", ""soybeans""]",[],,
MilkyMist Strawberry Milk Shake,milky-mist,beverages-and-beverages-preparations,8904083300953,,"[""220ml""]","[""Toned Milk (89%)"", ""Sugar"", ""Milk Solids"", ""Emulsifier & Stabilizer (INS 471"", ""INS 407"", ""INS 412"", ""INS 415)"", ""Flavor (Nature Identical Flavoring Substances - Strawberry) Acidity Regulator [INS 339 (ii)]"", ""lodized Salt"", ""Contains Permitted Synthetic Food Colour (INS 127).""]","[""milk""]",[],,https://images.openfoodfacts.org/images/products/890/408/330/0953/front_en.3.400.jpg
Cow Ghee,g-pulla-reddy,fats,8906033950720,,"[""400g""]","[""COW MILK FAT""]","[""-""]",[],,
Gongura Red Chilli Pickle,g-pulla-reddy,plant-based-foods-and-beverages,8906033951369,,"[""400g""]","[""Gongura"", ""Red Chilli"", ""Salt"", ""Urad Dal"", ""Refined Peanut Oil"", ""Garlic"", ""Tamarind Paste"", ""Fenugreek"", ""Coriander"", ""Mustard"", ""Turmeric""]","[""mustard"", ""peanuts""]",[],,
Troo Good Magic Masala Jowar Ribbons,troo-good,snacks,8908018906807,,"[""25g""]","[""JOWAR FLOUR"", ""REFINED EDIBLE OIL"", ""BENGAL GRAM FLOUR"", ""RICE FLOUR"", ""SESAME SEEDS"", ""IODISED SALT"", ""CHILLI POWDER"", ""MUSTARD"", ""FENUGREEK"", ""TURMERIC"", ""FLAVOUR ENHANCER (820)"", ""SPICES AND CONDIMENTS""]","[""mustard"", ""sesame seeds""]",[],,https://images.openfoodfacts.org/images/products/890/801/890/6807/front_en.3.400.jpg
green chilli pickle,mother-s-recipe,plant-based-foods-and-beverages,8906001050865,,"[""400gm""]","[""Green Chilli Pieces (52%)"", ""iodized Salt"", ""Cottonseed Oil"", ""Lime Pulp"", ""Mustard Spices & Condiments"", ""Acidity Regulator (INS 260) and Asafoetida""]","[""gluten"", ""milk"", ""nuts"", ""peanuts"", ""soybeans"", ""sulphur dioxide and sulphites""]",[],,
Coffee Fudge,wholy,snacks,8908020710102,,"[""40g""]","[""Cake: atta (whole wheat flour)"", ""prebiotic fiber (fructooligosaccharides)"", ""edible vegetable oil (sunflower)"", ""dark compound no added sugar (maltitol"", ""edible vegetable oil"", ""cocoa solids"", ""emulsifier (soy lecithin)"", ""vanillin)"", ""cocoa solids 6%"", ""milk solids"", ""coffee"", ""brown rice syrup"", ""corn syrup solids"", ""erythritol"", ""vegetable glycerin"", ""modified starch (INS 1422)"", ""plant based emulsifier (INS 471"", ""INS 477)"", ""baking powder"", ""salt chocolate filling: jaggery"", ""edible vegetable fat"", ""edible vegetable oil"", ""cocoa solids"", ""emulsifier (soy lecithin)"", ""vanillin CONTAINS ADDED NATURE IDENTICAL FLAVORS (VANILLA"", ""CHOCOLATE) CONTAINS OLIGOFRUCTOSE (DIETARY FIBER) 9.1gm/100gm ALLERGENS: GLUTEN"", ""DAIRY"", ""SOY"", ""NUTS AND TREE NUTS POLYOLS MAY ALSO HAVE LAXATIVE SIDE EFFECTS""]","[""gluten"", ""milk"", ""nuts"", ""soybeans""]",[],,
Peanut butter Creamy,disano,plant-based-foods-and-beverages,8904320015398,,"[""924g""]","[""Roasted Peanuts (91%)"", ""Sugar"", ""Stabilizer(INS471)"", ""lodised Salt.""]","[""peanuts""]",[],,https://images.openfoodfacts.org/images/products/890/432/001/5398/front_en.9.400.jpg
Pista Badaam Whey Protein,the-whole-truth,dietary-supplements,8906143891784,,"[""1kg""]","[""Whey protein blend 78.0% (instantised with sunflower lecithin) whey protein isolate 56.0% whey protein concentrate 22.0% whole milk powder 7.6% dates pistachio almonds bromelain 5.0% 4.0% 4.0% 0.5% cardamom 0.4% curcumin 0.3% monk fruit 0.2%""]","[""-""]",[],,
Asafoetida Powder,pog,plant-based-foods-and-beverages,8908002804096,,"[""100g""]","[""WHEAT FLOUR %"", ""ASAFOETIDA""]","[""gluten""]",[],,
Bambino Nutraawell Vermicelli,bambino,wheat-vermicelli,8904287001014,,"[""85g""]","[""Hard Wheat Semolina/Rawa"", ""Vitamins and Minerals Premix [Vitamin B3 (as Niacinamide)"", ""Iron (as Ferrous Sulphate)"", ""Zinc (as Zinc Sulphate)"", ""Vitamin B2 (Riboflavin)"", ""Vitamin B1 (as Thiamine Mononitrate)"", ""Vitamin B9 (Folic Acid) & Vitamin B12 (Cyanocobalamin)]""]","[""gluten""]",[],,
Bovonto,kali-mark,beverages-and-beverages-preparations,8908014480080,,"[""1.5 l""]","[""CARBONATED WATER"", ""SUGAR"", ""COLOUR (INS 150d"", ""INS 122"", ""INS 102"", ""INS 124"", ""INS 133)"", ""NATURAL"", ""NATURE IDENTICAL & ARTIFICIAL FLAVOURING SUBSTANCES"", ""ACIDITY REGULATOR (INS 330)"", ""PRESERVATIVE (INS 21.1)"", ""SWEETENER (INS 955).\r\n\r\nCONTAINS NO FRUIT JUICE OR PULP.""]","[""-""]",[],,
Lite Mixture,haldiram-s,snacks,8904063257581,,"[""42g""]","[""Flaked Rice(46%)"", ""Edible Vegetable Oil(Palmolein/Cotton Seed)"", ""Black chickpea(14%)"", ""Edible Common Salt"", ""Corn Flakes(6.5%)"", ""Black Salt Powder"", ""Cumin Seed Powder"", ""Turmeric Powder"", ""Pomegranate Seed Powder"", ""Dry Mango Powder"", ""Ginger Powder"", ""Cinnamon Powder"", ""Celery"", ""Mint Leaves Powder"", ""Cardamom Powder"", ""Black Cumin"", ""Red Chilli Powder"", ""Clove Powder"", ""Acidity Regulator""]","[""celery""]",[],,
Manchow instant soup,ching-s,meals,8901595971220,,"[""12""]","[""Potato starch"", ""dried glucose syrup"", ""iodised salt"", ""dehydrated vegetables(13.5%)[carrot"", ""french beans"", ""parsley"", ""cabbage]"", ""sugar"", ""dehydrated onion"", ""soy sauce powder (soyabean"", ""wheat"", ""salt)"", ""dehydrated garlic"", ""flavour inhancer (INS 635)"", ""mixed spices(chilli powder"", ""pepper powder)"", ""natural colour (INS 150d)"", ""acidity regulator (INS 296)"", ""Anticaking agent(INS 551)"", ""sunflower oil"", ""thickener (INS 415)"", ""natural flavouring substances""]","[""gluten"", ""soybeans""]",[],,
Darjeeling Tea,duncans,plant-based-foods-and-beverages,08774440,,"[""250 g""]","[""Tea""]","[""-""]",[],,https://images.openfoodfacts.org/images/products/000/000/877/4440/front_en.3.400.jpg
OMG! Oh My Ganna Ginger Groove,nutricane,juice,8908009670014,,"[""250 ml""]","[""REAL SUGARCANE"", ""SALT"", ""ANTIOXIDANT (INS 300)"", ""ACIDITY REGULATOR (INS 334)"", ""STABILIZER (INS 440"", ""INS 337)"", ""WATER (FOR MAINTAINING DESIRED BRIX)"", ""CONTAINS PERMITTED NATURAL FLAVOUR & NATURAL IDENTICAL COLOURING SUBSTANCES (INS 141[i])""]","[""-""]",[],,
Peanut Protein Dark Chocolate,alpino,dietary-supplements,8906127551338,,"[""1 kg""]","[""Peanut Protein Isolate"", ""Cocoa Powder"", ""Medium Chain Triglycerides (Extracted from Coconut)"", ""Monk Fruit Extract"", ""Natural Chocolate Flavour"", ""Sunflower Lecithin"", ""Xanthan Gum (Naturally Extracted)""]","[""-""]",[],,
Dream LITE,anmol,buscuit,8902268002326,,"[""200g""]","[""REFINED WHEAT FLOUR"", ""EDIBLE VEGETABLE OILS (PALMI"", ""SUGAR"", ""RAISING AGENTS [INS 503()"", ""INS 500ti). LIQUID GLUCOSE"", ""EDIBLE COMMON SALT"", ""BESAN"", ""INVERT SYRUP"", ""MALT EXTRACT"", ""MILK SOLIDS"", ""DEHYDRATED & POWDERED VEGETABLES CABBAGE"", ""CARROT & CORIANDER LEAVES) 0.9%"", ""PERMITTED EMULSIFIERS INS 322 INS 471 . SPICES & CONDIMENTS AJOWAN"", ""GREEN CHILLI 0.12%"", ""lMPROVE R (INS 1101 1 CONTAINS PERMITTED SYNTHETIC FOOD COLOURS (INS 102"", ""INS 124] AND ADDED FLAVOURS (NATURE IDENTICAL FLAVOURING SUBSTANCE MIXED SPICE & ARTIFICIAL FLAVOURING SUBSTANCE"", ""BUTTER!""]","[""gluten"", ""milk""]",[],,
Chocos Fills,Kellogg's,plant-based-foods-and-beverages,8901499009623,,"[""250 g""]","[""Multi Grain Flour Mix (Rice Flour"", ""Whole Oats Flour"", ""Whole Wheat Flour)"", ""Choco Cream (Sugar"", ""Edible Vegetable Oil (Sunflower Oil"", ""Palm Oil)"", ""Cocoa Solids (63%)"", ""Milk Solids"", ""Emulsifier (INS 322(i))). Sugar"", ""Cocoa Powder (5.6%)"", ""Iodized Salt"", ""Vitamins""]","[""gluten"", ""milk"", ""soybeans""]",[],,https://images.openfoodfacts.org/images/products/890/149/900/9623/front_en.24.400.jpg
Brown Eggs,best,farming-products,8901958001069,,"[""6""]","[""Eggs""]","[""eggs""]",[],,
Aachi kashmiri chilli powder,aachi,chilli-powder,8906021128377,,"[""100gm""]","[""Red Chilli""]","[""-""]",[],,
Compounded hing,catch,plant-based-foods-and-beverages,0409132522655,,"[""25 g""]","[""Wheat Flour (55% approx.)"", ""Asafoetida"", ""Edible Gum. Allergen Advice: Contains Wheat flour""]","[""gluten""]",[],,https://images.openfoodfacts.org/images/products/040/913/252/2655/front_en.3.400.jpg
Waffy,duke-s,snacks,8906009809694,,"[""100 g""]","[""SUGAR"", ""REFINED WHEAT FLOUR (MAIDA)"", ""MALTODEXTRIN"", ""REFINED PALM OIL"", ""HYDROGENATED VEGETABLE OIL"", ""EMULSIFIER [INS 322 (i)]"", ""REFINED PALM KERNEL OIL"", ""ARTIFICIAL FLAVOURING SUBSTANCES (PINEAPPLE)"", ""COLOUR (INS 102"", ""INS 133)"", ""IODIZED SALT"", ""RAISING AGENT [INS 500(ii)]"", ""PINEAPPLE FRUIT POWDER (0.01%)"", ""FLOUR TREATMENT AGENTS (INS 223"", ""INS 1100"", ""INS 1101) AND ACIDITY REGULATOR (INS 296). ALLERGEN: Contains Wheat"", ""Soy & Sulphites. May Contain Milk & Nuts.""]","[""gluten""]",[],,
High Protein muesli,pintola,plant-based-foods-and-beverages,8906136652521,,"[""1kg""]","[""Whole Grains (48%)\n\n(Rolled Oats"", ""Ragi Flakes"", ""Jowar Flakes"", ""Brown Rice Flakes"", ""Quinoa Flakes)"", ""Protein Blend (23%) (Texturized Soy Protein"", ""Soy Protein Isolate)"", ""Dehydrated Fruits and Fruit Granulates (14%) (100% Natural Strawberry Powder"", ""Raisin"", ""Cranberry"", ""Apricot)"", ""Nuts & Seeds (8%) (Almonds"", ""Pumpkin Seeds"", ""Chia Seeds)"", ""Organic Jaggery"", ""Dates"", ""Rice Bran Oil"", ""Himalayan Pink Salt.\nCONTAINS ADDED NATURAL FLAVOURS: Strawberry & Cranberry.\n\nAllergen Information: Contains Oats"", ""Soy & Nuts. Processed and packed in a facility that also processes dairy products (Whey Protein).""]","[""gluten"", ""milk"", ""nuts"", ""soybeans""]",[],,
Bingo,itc,plant-based-foods-and-beverages,8901725007102,,"[""21g g""]","[""POTATO (60.0%)"", ""REFINED PALMOLEIN"", ""SEASONING (IODIZED SALT"", ""RED CHILLI POWDER (1.1%)"", ""MALTODEXTRIN"", ""*SPICES AND CONDIMENTS"", ""ONION POWDER"", ""REFINED WHEAT FLOUR (MAIDA)"", ""NATURE IDENTICAL FLAVOURING SUBSTANCES"", ""BLACK SALT"", ""MILK SOLIDS"", ""NATURAL FLAVOURS AND NATURAL FLAVOURING SUBSTANCES"", ""SUGAR"", ""TOMATO POWDER"", ""HYDROLYZED VEGETABLE PROTEIN"", ""GARLIC POWDER AND FLAVOUR ENHANCER (INS 508)} AND IODIZED SALT. FUSED AS FLAVOURING AGENTS. CONTAINS SOY"", ""MILK"", ""WHEAT""]","[""gluten"", ""milk"", ""soybeans""]",[],,
winner sweetened cocoa mix,campco,beverages-and-beverages-preparations,8906010851521,,"[""400g""]","[""SUGAR"", ""COCOA SOLIDS"", ""DEXTROSE MONO HYDRATE"", ""SALT"", ""VITAMIN C NS 300) AND EMULSIFIER-SOYA LECITHIN [INS 322]"", ""ADDED FLAVOUR-ARTIFICIAL VANILLA FLAVOURING SUBSTANCE CONTAINS SOY""]","[""soybeans""]",[],,
Roasted Makhana Sriracha Spice,taali,plant-based-foods-and-beverages,0811307031761,,"[""22g""]","[""Makhana (75%)"", ""Sriracha Seasoning (12%) (Salt"", ""Sugar"", ""Chilli Powder"", ""Milk Powder"", ""Beet Root Powder"", ""Citric Acid"", ""Yeast Extract"", ""Lemon Juice Powder"", ""Garlic Powder"", ""Onion Powder"", ""Tamarind Powder"", ""Cheese Powder)"", ""Edible Vegetable Oil (Palmolein Oil).""]","[""milk""]",[],,
Organic Cow Milk,akshayakalpa-organic,dairies,8908003249032,,"[""500ml""]","[""Cow Milk""]","[""milk""]",[],,
Modern Sunbake Rusk,modern,plant-based-foods-and-beverages,8904043551920,,"[""200g""]","[""Refined Wheat Flour (Maida)"", ""Sugar"", ""Edible Vegetable Fat (Interesterified)"", ""Sooji"", ""Yeast"", ""Invert Syrup"", ""Milk Solids"", ""Gluten"", ""lodized Salt"", ""Cardamom (Seeds & its Extracts) (0.24%)"", ""Flour Treatment Agent [110000)"", ""Emulsifier [4810)] and Antioxidant (300).""]","[""gluten"", ""milk""]",[],,https://images.openfoodfacts.org/images/products/890/404/355/1920/front_en.3.400.jpg
Milk Fill Eclairs,allwin,snacks,8906069560993,,"[""400 g""]","[""SUGAR"", ""LIQUID GLUCOSE"", ""MILK SOLIDS"", ""EDIBLE VEGETABLE FAT"", ""EDIBLE COMMON SALT"", ""PERMITTED EMULSIFIERS (E-471). CONTAINS PERMITTED SYNTHETIC FOOD COLOUR(S) (E-150) AND ADDED NATURAL IDENTICAL FLAVOURING SUBSTANCES - MILK & VANILLA.""]","[""milk""]",[],,
Milk Bikis,-,snacks,8901063025448,,"[""60 g + 6.5 g (extra) = 66.5 g""]","[""REFINED WHEAT FLOUR (MAIDA) (63%)"", ""SUGAR"", ""REFINED PALM OIL"", ""MILK PRODUCTS (4%) [SWEETENED CONDENSED PARTLY SKIMMED MILK MILK & MILK SOLIDS]"", ""INVERT SUGAR SYRUP"", ""RAISING AGENTS [503(ii) & 500(i)]"", ""IODISED SALT"", ""EMULSIFIERS [322(i) & 471]"", ""MINERALS**"", ""ARTIFICIAL [MILK & VANILLA] & NATURE IDENTICAL FLAVOURING SUBSTANCES AND VITAMINS*. (Numbers in brackets as per International Numbering System) \nCONTAINS WHEAT"", ""MILK AND SOY.""]","[""gluten"", ""milk"", ""soybeans""]",[],,
Eggless Banana Cake,akkarai,snacks,8906017850886,,"[""150 g""]","[""Wheat Flour"", ""Cane Sugar Milk"", ""Milk Products"", ""Butter"", ""Fresh Banana"", ""Cake Gel Leavening Agent and Salt. (Zero Chemical Colours"", ""Flavours & Preservatives)""]","[""gluten"", ""milk""]",[],,https://images.openfoodfacts.org/images/products/890/601/785/0886/front_en.3.400.jpg
Whey Protein Concentrate Unflavoured,the-whole-truth,dietary-supplements,8906143891661,,"[""1KG""]","[""Whey protein concentrate 99.4%"", ""bromelain  0.6%"", ""Sunflower lecithin""]","[""milk""]",[],,
Saffola Masala Millets,Saffola,plant-based-foods-and-beverages,8901088772433,,"[""35g""]","[""Multigrain Mix (64.5Millet (41.1%) (Sorghum Milles"", ""Pearl Millet Flakes}"", ""Oats Flakes]"", ""Potato Flakes"", ""Seasonmugar"", ""lodised Salysed Vegetable Protein"", ""Spices and Condiments&quot"", ""Starch"", ""Acidity Malic acid)"", ""Potassium Chloride"", ""Flavour enhancers (627"", ""631)"", ""Yeast ext sat Fiber]"", ""Dehydrated Vegetables (8.2%) [Carrot (2.8%)"", ""Onion (2.6%)"", ""French beans (...). Green Peas (0.5%)]"", ""Refined Rice bran Oil"", ""Natural & Nature Identical Flavouring Substance"", ""Masala Mix *Contains Turmeric"", ""Coriander"", ""Black Pepper"", ""Cinnamon and Clove""]","[""gluten"", ""soybeans"", ""sulphur dioxide and sulphites""]",[],,
Sunpure Physically Refined Sunflower Oil,sunpure,plant-based-foods-and-beverages,8908000502147,,"[""15l""]","[""Physically Refined Sunflower oil"", ""Permitted Antioxidant (TBHQ-INS 319)"", ""Vitamin A and Vitamin D.""]","[""-""]",[],,
"CHOCO BAR ,CHOCO VANILLA STICK",dairy-day,desserts,8906010916008,,"[""35ml/28g""]","[""Inner Layer: Vanilla Frozen Dessert Ingredients (76%) (Water"", ""Milk and Milk Solids"", ""Sugar"", ""Edible Vegetable Oil (Palm Kernel Oil)"", ""Emulsifer and Stabiliser (INS471"", ""412"", ""433"", ""407"", ""401) CONTAINS ADDED FLAVOUR-NATURE IDENTICAL AND ARTIFICIAL VANILLA FLVAOURING SUBSTANCES). Outer Layer: Choco compound coating (24%) (Sugar"", ""Palm kernel oil"", ""Cocoa solids"", ""Milk solids"", ""Emulsifier INS 322"", ""CONTAINS NATURE IDENTICAL VANILLA FLAVOURING SUBSTANCES). Allergen Information: Contains Milk. FROZEN DESSERT CONTAINS 6 % EDIBLE VEGETABLE OIL""]","[""milk""]",[],,https://images.openfoodfacts.org/images/products/890/601/091/6008/front_en.3.400.jpg
Paneer,milky-mist,dairies,8904093300028,,"[""200 g""]","[""Milk Solids & Vinegar. Allergen Information: Contains. Milk.""]","[""milk""]",[],,
Epigamia Everyday Yogurt Mango,epigamia,dairies,8906059636936,,"[""75g""]","[""Pasteurized Double Toned Milk (86%)"", ""Sugar"", ""Milk Solids (3%)"", ""Nature Identical Flavouring Substances (Mango)"", ""Stabilizer (INS 440)"", ""Permitted Lactic Acid Cultures"", ""Colour (INS 102"", ""INS 110) Active Live Cultures: S.Thermophilus"", ""L.Bacillus delbrueckii subsp. Bulgaricus ALLERGENS: Contains milk. Manufactured in a facility processing milk"", ""nuts & cereals containing gluten.""]","[""gluten"", ""milk""]",[],,
Cup-a-Soup Sweet Corn Veg,Knorr,plant-based-foods-and-beverages,8901030518232,,"[""12 g""]","[""Sugar"", ""Potato Starch"", ""&quot"", ""Dehydrated Vegetables (Corn (7.5%). Carrot Flakes (5%)"", ""Leeks (0.5%))"", ""Maltodextrin"", ""lodised Salt"", ""Hydrolyzed Vegetable Protein"", ""Thickener-415"", ""Natural (Garlic)"", ""Nature Identical and Artificial (Com) Flavouring substances"", ""Hydrogenated Palm Oil"", ""Spices and Condiments"", ""Flavour Enhancer-627&631"", ""Anticaking Agent - 551""]","[""-""]",[],,https://images.openfoodfacts.org/images/products/890/103/051/8232/front_en.18.400.jpg
Coca Cola Zero,coca-cola,beverages,8901764112706,,"[""600ml""]","[""CARBONATED WATER. ACIDITY REGULATORS (338"", ""331(iii))"", ""SWEETENERS (955"", ""950)"", ""PRESERVATIVE (211)"", ""CAFFEINE (9.2mg/1O0 g)"", ""COLOUR (150d)"", ""FLAVOURS (NATURAL FLAVORING SUBSTANCES).""]","[""-""]",[],,
Peanut Butter Regular,sundrop,plant-based-foods-and-beverages,8901512881106,,"[""462g""]","[""Roasted Peanuts (90.8%)"", ""Sugar"", ""Hydrogenated Vegetable Oil"", ""Refined Edible Groundnut Oil & Iodized Salt.""]","[""peanuts""]",[],,
Moong Dal,dmart-premia,green-gram-split,8903363010636,,"[""1 kg""]","[""Green Gram Split""]","[""-""]",[],,https://images.openfoodfacts.org/images/products/890/336/301/0636/front_en.33.400.jpg
Meishi Gochujang Chilli Sauce,meishi,condiments,8906081944856,,"[""175g""]","[""Water"", ""Sugar"", ""Fructose Syrup"", ""Miso (Soybeans"", ""Rice"", ""Salt)"", ""Chilli"", ""Tomato"", ""Salt"", ""Soy Sauce"", ""Modified Tapioca Starch"", ""Yeast Extract"", ""Colour (Paprika Extract)"", ""Acidity Regulator (Acetic Acid)"", ""Stabilizer (Xanthan Gum)""]","[""soybeans""]",[],,
Kesar Rasbari Barfi,bikano,snacks,8901414001619,,"[""1 kg""]","[""Sugar syrup [(water (48.25%)"", ""sugar (46.7%) and sodium bisulphite (E223) (0.0025%)]"", ""cottage cheese (chena) (4.5%)"", ""cardamon (0.08%) and saffron (0.001%). Contains permitted synthetic food colour (IE102)/ FD & C Yellow No.5) and [(E110) / FD & C Yellow No.6]""]","[""milk""]",[],,
Yippee! Korean Fiery Hot,sunfeast,plant-based-foods-and-beverages,8901725019754,,"[""75""]","[""Instant Noodles: Maida (Refined Wheat Flour)"", ""Refined Palm Oil"", ""Starch"", ""Iodized Salt"", ""Emulsifier [Mono and diglycerides of fatty acids from Palm Oil)]"", ""Wheat Gluten"", ""Thickener (INS 466)"", ""Acidity Regulators [INS 500)"", ""IS 601(1)"", ""INS 330)"", ""Stabilizers (INS 339)"", ""INS 450(i)]. Seasoning: Spices and Condiments (20.2%)"", ""(Dried Garlic"", ""Red Chili"", ""Dried Ginger"", ""Black Pepper"", ""Spice Oleoresin)"", ""Hydrolyzer Vegetable Protein [Soya Protein Isolate"", ""Maltodextrin"", ""Instant Noodle Powder (Maida (Refined Wheat Flour)"", ""Refined Palm O Starch"", ""lodized Salt"", ""Wheat Gluten)"", ""Maltodextrin"", ""lodized Salt Dehydrated Onion"", ""Sugar"", ""Soyabean Sauce Powder (Soyabean Sauce"", ""Maltodextrin)"", ""Flavour Enhancers (INS 627"", ""INS 631) Nature Identical Flavouring Substances"", ""Yeast Extract"", ""Anticaking Agent (INS 551)"", ""Natural Flavours and Natural Flavouring Substances"", ""Thickener (INS 415)"", ""Acidity Regulator (INS 330) Dehydrated Vegetables (100.0%)/Cabbage (32.8%) Carrot (32.8%)"", ""Spring Onion (22.9%)"", ""Beans (6.6%)"", ""Zucchini (4.9%)""]","[""gluten"", ""soybeans""]",[],,https://images.openfoodfacts.org/images/products/890/172/501/9754/front_en.3.400.jpg
Rice Flour,daily-good,plant-based-foods-and-beverages,8909177014815,,"[""500 g""]","[""Rice Flour""]","[""-""]",[],,
Corn Flour,Vijay Gold,plant-based-foods-and-beverages,8906012231918,,"[""110 g""]","[""Corn Flour""]","[""-""]",[],,
Indigo exclusive magic upma,eze-eats-triguni,upma,8908001811170,,"[""88g""]","[""Base product (93.1%) [semolina (21.8%)"", ""vegetables (7.2%)(onion"", ""ginger&green chilli)"", ""edible vegetable oil (palmolein oil)"", ""Bengal gram dal"", ""black gram dal"", ""ghee"", ""salt"", ""curry leaves extract"", ""mustard seeds and antioxidant (INS307b)]. Dosing (6.9%) (roasted cashew nuts"", ""roasted curry leaves). CONTAINS NO ADDED FLAVOURS AND COLOURS. ALLERGEN INFORM: CONTAINS WHEAT"", ""MILK"", ""NUTS (CASHCL NUTS) & MUSTARD.""]","[""gluten"", ""milk"", ""mustard"", ""nuts""]",[],,
Ice Malai,amul,desserts,8901262301695,,"[""67g""]","[""Milk solids"", ""polydextrose"", ""fructo-oligosaccharides"", ""emulsifiers (471"", ""491)"", ""stabilizers (407"", ""412).\nAllergen Information: Contains milk.""]","[""milk""]",[],,https://images.openfoodfacts.org/images/products/890/126/230/1695/front_en.4.400.jpg
NAVRATTAN,haldiram-snacks-pvt-ltd,snacks,8904063231796,,"[""420g""]","[""Gram Pulse Flour"", ""Edible Vegetable Oil (Cotton Seed"", ""Corn"", ""Palmolein"", ""Ground Nut and Rice Bran)"", ""Gram Pulse (26%)"", ""Lentil (16%)"", ""Peanuts (13%)"", ""Rice Flakes (7%)"", ""Potatoes"", ""Tepary Beans Flour"", ""lodised Salt"", ""Black Salt Powder"", ""Spinach Powder"", ""Rice Powder"", ""Edible Starch"", ""*Spices & Condiments (Red Chilli Powder"", ""Turmeric Powder"", ""Mango Powder"", ""Black Pepper Powder"", ""Ginger Powder"", ""Clove Powder"", ""Mace Powder"", ""Nutmeg Powder"", ""Cumin Powder"", ""Fenugreek Seeds Powder"", ""Coriander Powder"", ""Bay Leav Powder"", ""Mint Leaves Powder"", ""Cardamom Powder"", ""Asafoeda Powder)"", ""Acidity Regulator (INS 330)"", ""Anticaking Agent (INS 551) and Synthetic Food Colour (INS 133). *Used as natural flavouring substances. Allergen Information: Contains Nut.""]","[""nuts"", ""peanuts""]",[],,
Verka Shakti Milk,verka,dairies,8901826601209,,"[""500 ml""]","[""Milk Solids""]","[""milk""]",[],,
Pumpkin Seeds,vedaka,plant-based-foods-and-beverages,8903023010228,,"[""500g""]","[""Pumpkin Seeds""]","[""-""]",[],,https://images.openfoodfacts.org/images/products/890/302/301/0228/front_en.3.400.jpg
Chilli with Stem,daily-good,red-chillies,8909177014464,,"[""100 g""]","[""Chilli with Stem""]","[""-""]",[],,
Crunchy Granola Happy Berries,fit-flex,plant-based-foods-and-beverages,8908013252077,,"[""15.87 oz (450 g)""]","[""Rolled _Oats_ 33%"", ""Rice Puffs 13%"", ""Multigrain Crispies 11% (_Wheat_"", ""Maize"", ""Rice)"", ""Oligofructose (Prebiotic Dietary Fibre) 9.5%"", ""Rice Bran Oil 6.1%"", ""Sugar 4.2%"", ""_Almond_ Flakes 3%"", ""Tender Coconut Powder"", ""Coconut Milk Powder"", ""Candied Fruits (Cranberry 3.7%"", ""Blueberry 3.7%"", ""Strawberry 3%)"", ""Common Salt"", ""Acidity Regulators [Sodium Citrate (INS 331)]"", ""Humectant [Glycerine from Vegetable Source (INS 422)]"", ""Antioxidant [Tocopherol (INS 307)]"", ""Nature Identical Flavouring Substances.""]","[""gluten"", ""milk"", ""nuts""]",[],,
Kaju Katli Classic,chitale,snacks,0846203004731,,"[""80 g""]","[""Cashewnuts (46.5%)"", ""Refined Sugar"", ""Khoya"", ""Cardamom Powder"", ""Preservative (INS 202)"", ""Silver Leaf. Allergen Advice: Contains Treenuts and Milk.""]","[""-""]",[],,
Sid's Farm Cow Milk,sid-s-farm,dairies,8905694508240,,"[""500 ml""]","[""Cow Milk""]","[""milk""]",[],,https://images.openfoodfacts.org/images/products/890/569/450/8240/front_en.15.400.jpg
Baby Potato,-,plant-based-foods-and-beverages,8904293703223,,"[""250g""]","[""Baby Potato""]","[""-""]",[],,
Flipkart Grocery Bansi Rawa,flipkart-grocery,plant-based-foods-and-beverages,8904293728578,,"[""1kg""]","[""Bansi Rawa""]","[""-""]",[],,
Vijay Gold Poha Medium,vijay-gold,plant-based-foods-and-beverages,8906012230119,,"[""1kg""]","[""Flattened Rice""]","[""-""]",[],,https://images.openfoodfacts.org/images/products/890/601/223/0119/front_en.3.400.jpg
YumYum Instant Porridge Honey,yumyum,plant-based-foods-and-beverages,8902331002383,,"[""25g""]","[""Whole Wheat (72%)"", ""Sugar"", ""Invert Syrup"", ""Malt Extract"", ""Glucose"", ""Honey(1%)""]","[""gluten""]",[],,
Magic masala 12-in-1,nilon-s,magic-masala,1976567039106,,"[""50""]","[""Mixed Spices (Chilli"", ""Carlic"", ""Onion"", ""Cumin"", ""Coriander"", ""Black Pepper"", ""Dehydrated Ginger"", ""Fenugreek"", ""Cassia)"", ""Iodised Salt"", ""Sugar"", ""Corn Starch"", ""Dry Mango"", ""Palm Oil"", ""Flavour Enhancer and Acidity Regulator. Space Content: 54%""]","[""-""]",[],,
Glucon D,-,beverages-and-beverages-preparations,8901542000553,,"[""1 kg""]","[""Sucrose (56%)"", ""Glucose (41%)"", ""Acidity Regulator (INS 330)"", ""Nature Identical Flavouring Substances"", ""Mineral (Calcium Phosphate)"", ""Edible Common Salt"", ""Vitamin C"", ""Synthetic Colour (INS 110).""]","[""-""]",[],,
Balaji Wafers Shing Bhujia,Balaji Wafers,snacks,8906010500276,,"[""25g""]","[""PEANUT (63%)"", ""CHICKPEA FLOUR (13%)"", ""EDIBLE VEGETABLE OIL (PALMOLEIN"", ""RICE BRAN)"", ""CORN FLOUR"", ""BLACK GRAM FLOUR SPICES & CONDIMENTS 2% (CHILLI"", ""BLACK PEPPER"", ""GINGER"", ""DRY MANGO"", ""CLOVE"", ""CAROM SEEDS"", ""TAMARIND)"", ""EDIBLE COMMON SALT"", ""ACIDITY REGULATOR (INS 330).""]","[""peanuts""]",[],,
Hi-Five Banana Chips,-,plant-based-foods-and-beverages,8901883001745,,"[""200g""]","[""Nendram Banana"", ""Coconut Oil"", ""lodized Salt and Spices.""]","[""-""]",[],,
Bisleri Rockstar,Bisleri,beverages-and-beverages-preparations,8906017290583,,"[""300ml""]","[""Water""]","[""-""]",[],,
Vanilla Flavour Essence,select-aisle,food-additives,8906144680592,,"[""100 ml""]","[""Water"", ""Propylene glycol"", ""Nature identical flavouring substances"", ""Artificial flavouring substances"", ""Caramel colour (INS 150D)""]","[""-""]",[],,https://images.openfoodfacts.org/images/products/890/614/468/0592/front_en.4.400.jpg
Dairy Milk Lolly,makson-pharmaceutical,snacks,7622202237379,,"[""7.4""]","[""Liquid Glucose"", ""Sugar"", ""Milk Chocolate (12%) (Sugar"", ""Cocoa Butter"", ""Milk Solids (2.3%*)"", ""Cocoa Solids"", ""Emulsifiers (442"", ""476)"", ""Flavours (Natural"", ""Natura Identical and Artificial (Caramel"", ""Vanilla) Flavouring Substance)) Hydrogenated Vegetable Oils"", ""Milk Solids"", ""Humectin (422)"", ""Emulsifiers (471)"", ""Stabilizer (414)"", ""lodised salt"", ""Artificial (Vanilla) Flavouring Substance Allergen formation: Contains Milk and Sulphites. ay contain Wheat M.R.P.Rs.5.00 (incl. of all taxes) Rs. 0.68 per g Net Wt 749""]","[""milk"", ""sulphur dioxide and sulphites""]",[],,
PR Golden Tea,pr-golden-tea,beverages-and-beverages-preparations,8939217882562,,"[""250 gm""]","[""TEA"", ""NATURAL FLAVOURING SUBSTANCES.""]","[""-""]",[],,
nabati wafer,nabati,snacks,8908008674846,,"[""30g""]","[""cream(60%) (sugar"", ""edible vegetable oil(palm olien)"", ""maltodextin"", ""whey powder"", ""non dairy creamer (glucose syrup"", ""hydrogenated coconut oil"", ""sodium caseinate and milk powder"", ""modified starch (INS 1440)"", ""stabilizers (INS 340(¡¡)"", ""INS 331(¡¡¡)"", ""emulsifier (INS 471"", ""INS 481(¡))"", ""anticaking agent""]","[""milk""]",[],,https://images.openfoodfacts.org/images/products/890/800/867/4846/front_en.14.400.jpg
Sir Arthur Cotton Premium Idly Ravva,sir-arthur-cotton,plant-based-foods-and-beverages,8908004423318,,"[""50kg""]","[""Boiled Rice""]","[""-""]",[],,
CHRUNCHEX,balaji,plant-based-foods-and-beverages,8906010503611,,"[""135g""]","[""POTATO (88%)"", ""EDIBLE VEGETABLE OIL (PALMOLEIN)"", ""SUGAR"", ""EDIBLE - COMMON SALT"", ""MALTODEXTRIN"", ""SPICES & CONDIMENTS (CHILLI (0.5%)"", ""PEPPER)"", ""DEHYDRATED VEGETABLE POWDER (ONION"", ""GARLIC (0.1%)"", ""TOMATO)"", ""MILK SOLIDS (WHEY) (0.1%)"", ""HYDROLYZED VEGETABLE PROTÉIN (SOYA)"", ""ACIDITY REGULATOR (INS 296"", ""INS 334)"", ""ANTICAKING AGENT (INS 551)"", ""MINERAL SALT (INS 340)"", ""PAPRIKA EXTRACT (INS 160C)"", ""FLAVOUR ENHANCER (INS 627"", ""INS 631)"", ""NATURAL & NATURE IDENTICAL FLAVOURING SUBSTANCES (CHILLI).""]","[""milk"", ""soybeans""]",[],,
Sudha Shakti Milk,sudha,dairies,8906049972433,,"[""500 ml""]","[""Milk""]","[""milk""]",[],,
Soya chunks,nilon-s,plant-based-foods-and-beverages,8901560600223,,"[""100g""]","[""soya flour""]","[""soybeans""]",[],,https://images.openfoodfacts.org/images/products/890/156/060/0223/front_en.3.400.jpg
Honey,dabur,breakfasts,8901207045370,,"[""50 g""]","[""Honey (100%)""]","[""-""]",[],,
asparagus,annai-aravindh,ghhfx,8906091311167,,"[""50g""]","[""thhhcbnnnn""]","[""-""]",[],,
cake nut & raisin,britannia,snacks,8901063362871,,"[""60g""]","[""REFINED WHEAT FLOUR (MAIDA)"", ""EGGS"", ""SUGAR"", ""EDIBLE HYDROGENATED VEGETABLE OIL & PALM LEIN OIL RAISINS (8.8%)"", ""HUMECTANTS (420 & 422)"", ""ORANGE PEEL"", ""ALMONDS (2.7%)"", ""MALTOSE SYRUP"", ""INVERT RUP BUTTER (1.7%I MILK SOLIDS"", ""CAKE GEL (EMÜLSIFIERS &STABILIZERS (471 & 477) AND HUMECTIANT(4201Hof whie AISING AGENTS (3410)"", ""450(i) &500(i))"", ""BAKING POWDER"", ""IODIZED SALT AND PRESERVATIVES (202 & 282). ONTAINS PERMITTED NATURAL (150c&150d) AND SYNTHETIC (110"", ""102"", ""122"", ""132 & 133) FOOD COLOURS AND ADDED LAVOURS (NATURAL NATURE IDENTICAL AND ARTIFICIAL IMILK"", ""PLUM"", ""FRUIT&VANILLA) FLAVOURING SUBSTANCES Fat umbers in brackets as per International Numbering System) NTAINS WHEAT"", ""EGGS"", ""NUT AND MILK. POLYOLS MAY HAVE LAXATIVE EFFECTS. Carbohydrate Protein Saturated fatty NDITIONS"", ""Lic. No. 10015043001129 omance Nut & Raisin""]","[""eggs"", ""gluten"", ""milk"", ""nuts""]",[],,https://images.openfoodfacts.org/images/products/890/106/336/2871/front_en.20.400.jpg
sweet corn veg soup,Knorr,plant-based-foods-and-beverages,8901030743146,,"[""10g""]","[""ration:\r\nSugar"", ""Potrrotarck\r\n*DehydratedVegetables\r\n(Corn (7.5%)"", ""Carrot Flakes (5%)"", ""Leeks (0.5%))"", ""Maltodextrin"", ""lodised\r\nSalt"", ""Hydrolyzed Vegetable Protein"", ""Thickener-415"", ""Hydrogenated Palm\r\nOil"", ""Spices and Condiments"", ""Flavour\r\nEnhancer-627""]","[""-""]",[],,
Doritos Masala Mayhem Flavour,pepsico,snacks,8901491000871,,"[""25 g""]","[""Corn (78%)"", ""Edible Vegetable Oil (Palmolein Gil)"", ""Sugar"", ""*Spices & Condiments (Garlic Powder"", ""Onion Powder"", ""Chilli"", ""Spice Extract)"", ""Rice Flour"", ""lodised Salt"", ""Potassium Chloride (508)"", ""Citric Acid (330). CONTAINS ADDED FLAVOUR (NATURAL AND NATURE IDENTICAL FLAVOURING SUBSTANCES) &quot"", ""Used as natural flavouring agent. Manufactured Ry:""]","[""-""]",[],,
Saudi Dates,al-mufeed,plant-based-foods-and-beverages,8908007487096,,"[""480 g""]","[""Dates""]","[""-""]",[],,https://images.openfoodfacts.org/images/products/890/800/748/7096/front_hi.3.400.jpg
Solid Masti Masala,kurkure,snacks,8901491380010,,"[""10rs""]","[""Gram Pulse flour"", ""Edible vegetable oil (Cotton Seed"", ""Corn"", ""Palmolein"", ""Ground Nut and Rice Bran) Gram Pulse (9%)"", ""Lentil (9%)"", ""Peanuts (6%)"", ""Rice Flakes\n(5%)"", ""Potatoes"", ""Tepary Beans Four"", ""Iodised Salt"", ""Blac Sat Powder"", ""Spinach Powder"", ""Rice Powder"", ""Edible Sarch *Spices & Condiments (Red Chill Powder"", ""Turmeric powder\nMango Powder"", ""Black Pepper Powder"", ""Ginger Powder Clove Powder"", ""Mace Powder"", ""Nutmeg Powder"", ""Cumin Powder\nFenugreek Seeds Powder"", ""Coriander Powder"", ""Bay leaves Powder"", ""Mint Leaves Powder"", ""Cardamom Powder"", ""Asafoedq\nPowder)"", ""Acidty Regulator (ins330)"", ""Anticaking Agert (ins551) and Synthetic Food Colour (INS 133)\n&quot"", ""Used as natural flavouring substances\nAllergern Information: Contains Peanuts""]","[""peanuts""]",[],,
Cheeselings - Classic,monaco,salted-biscuit,8901719103520,,"[""150 g""]","[""WHEAT FLOUR"", ""EDIBLE VEGETABLE OILS"", ""SUGAR"", ""SALT 2.8% CHEESE 1.8%"", ""YEAST"", ""RAISING AGENTS [503 (#)"", ""BAKING POWDER)"", ""INVERT SUGAR SYRUP"", ""SPICES & CONDIMENTS (MUSTARD POWDER)"", ""ACIDITY REGULATORS LACTIC ACID"", ""MALIC ACID"", ""EMULSIFIER (DI-ACETYL TARTARIC ACID ESTERS OF MONO AND DIGLYCERIDES OF EDIBLE VEGETABLE OILS]"", ""DOUGH CONDITIONER [223] AND IMPROVER (AMYLASES & OTHER ENZYMES (PAPAIN-1101)""]","[""gluten"", ""mustard""]",[],,
Nutty Bite Groundnut Bar,nutty-bite,groundnut-bar,2000000020154,,"[""125g""]","[""Groundnuts"", ""Jaggery""]","[""-""]",[],,
Teriyaki Dip Sauce Marinade,marks-spencer,condiments,00024907,,"[""305 g""]","[""Sugar - Water Dark Soy Sauce (20%) (contains Water Soybeans. Roasted Wheat (contains Cluten)) Ginger Purée (10%) Garlic Purée. Cornflour Concentrated Lime Juice. Smoked Salt Crushed Red Chillies. Ground Ginger Mirin Rice Wine (contains Rice Water Alcohol Glucose Syrup).""]","[""gluten""]",[],,https://images.openfoodfacts.org/images/products/000/000/002/4907/front_en.32.400.jpg
Peanut Butter,pintola,plant-based-foods-and-beverages,8908010900049,,"[""350 g""]","[""_Peanuts_ 100%""]","[""peanuts""]",[],,
Farmley Berry Mix,farmley,plant-based-foods-and-beverages,8906120106344,,"[""200g""]","[""Cranberry (32%)"", ""Blackcurrant (15%)"", ""Black Raisin (15%)"", ""Diced Dried Mango (10%)"", ""Dried Strawberry (10%)"", ""Dried Kiwi (8%)"", ""Goji Berry (5%)"", ""Blueberry (5%).""]","[""-""]",[],,
Hide & Seek Caffé Mocha,parle,snacks,8901719117206,,"[""100g""]","[""Refined Wheat Flour"", ""Chocolate 21% (Sugar"", ""Cocoa Solids"", ""Cocoa Butter"", ""Dexstrose"", ""Soy Lecithin"", ""Vanilla)"", ""Sugar"", ""Refined Palm Oil"", ""Inverter Sugar Syrup"", ""Instant Coffee Chicory Mixture 1%"", ""Raising Agents (503 ii"", ""500 ii)"", ""Iodized Salt"", ""Emulsifier of Vegetable Origin (472e)""]","[""gluten"", ""soybeans""]",[],,https://images.openfoodfacts.org/images/products/890/171/911/7206/front_en.3.400.jpg
Curd,vethaa,curds,8908010513126,,"[""500 g""]","[""PASTEURISED & HOMOGENIZED TONED CURD FAT 3.0% S.N.F 9.0% ACTIVE LACTIC CULTURE""]","[""-""]",[],,
Cranberry,cadbury-bournville,snacks,7622202030819,,"[""80 g""]","[""Sugar"", ""Cocoa Solids"", ""Dried Sweetened Cranberries (11%*) (Cranberries"", ""Sugar)"", ""Cocoa Butter"", ""Almonds (5%*)"", ""Milk Solids"", ""Emulsifiers (442"", ""476)"", ""Flavours (Natural and Nature Identical Flavouring Substances). Allergen Information: Contains Milk"", ""Almond. May Contain Other Tree Nuts"", ""Soy.""]","[""milk"", ""nuts""]",[],,
Turmeric Powder,sakthi,sandal-powder,8906002080014,,"[""50 g""]","[""TURMERIC""]","[""-""]",[],,https://images.openfoodfacts.org/images/products/890/600/208/0014/front_en.3.400.jpg
Pure Ghee,nandini,fats,8906036670878,,"[""500ml""]","[""Milk Solids [Milk Fat]""]","[""milk""]",[],,
Classic Kachi Ghani Mustard Oil,flipkart-grocery,plant-based-foods-and-beverages,8904293707948,,"[""1kg""]","[""Edible Vegetable oil (Mustard oil)"", ""Vitamin A & Vitamin D2"", ""Antifoaming Agent (Dimethyl Polysiloxane)""]","[""-""]",[],,
Coconut oil,parachute,plant-based-foods-and-beverages,8901088000468,,"[""500 ml (455.0 g)""]","[""Coconut Oil""]","[""-""]",[],,
Curd,milky-mist,dairies,8904083306047,,"[""135g""]","[""Pasteurized Toned Milk & Active Lactic Culture.""]","[""-""]",[],,https://images.openfoodfacts.org/images/products/890/408/330/6047/front_en.10.400.jpg
Saloni Kacchi Ghani Mustard Oil,saloni,plant-based-foods-and-beverages,8906018982104,,"[""1L""]","[""Mustard Oil"", ""Vitamin A & Vitamin D2""]","[""-""]",[],,
Hershey's 49% Dark,hershey,snacks,6942836723576,,"[""100 g""]","[""Sugar"", ""Cocoa Solids (32.4%)"", ""Cocoa Butter (17.4%)"", ""Milk Solids"", ""Emulsifiers (322 (1) 476) and Flavour (Artificial Flavouring Substance - Vanillin)""]","[""milk"", ""soybeans""]",[],,
Vanilla,cream-bell,desserts,0046406414348,,"[""100ml""]","[""Potable Water"", ""Milk Solids"", ""Sweeteners (INS 965)"", ""Fructo - Oligosaccharides Emulsifying Agents (INS 433"", ""471) & Stabilizing Agents (INS 401"", ""407"", ""412) and Flavour (Nature-Identical and Artificial Flavouring Substances (Vanilla)""]","[""milk""]",[],,https://images.openfoodfacts.org/images/products/004/640/641/4348/front_en.3.400.jpg
Go Supremo Cow's Milk,go,dairies,8906001028444,,"[""1L""]","[""Milk""]","[""milk""]",[],,
Cadbury dairy milk,cadbury,snacks,7622202237942,,"[""12.5 g""]","[""Chocolate grements: Sugar"", ""Cocoa Butner"", ""Milk Solids (19%*) Cocoa solids"", ""Emulsifiers (442. 476)"", ""Flavours (Natural Nature Identical and Arofical (Caramel and Vanilla flavouring) Schstances) \n\nAllergen Information: Contains Milk"", ""Sulphite May Contain Tree Nuts"", ""Wheat"", ""Barley and Soy""]","[""milk"", ""sulphur dioxide and sulphites""]",[],,
Byadgi Chilli Whole,whole-farm,red-chillies,8906167241152,,"[""100 g""]","[""Byadgi Chilli Whole""]","[""-""]",[],,https://images.openfoodfacts.org/images/products/890/616/724/1152/front_en.11.400.jpg
aachi,aachi,plant-based-foods-and-beverages,8904209302137,,"[""aachi""]","[""gjkkk""]","[""-""]",[],,
Vedaka Raw Chia Seeds,vedaka,plant-based-foods-and-beverages,8903023010075,,"[""200g""]","[""Raw Chia Seeds""]","[""-""]",[],,
Biscoff,Lotus,spreads,9456045638400,,"[""400g""]","[""Caramelised biscuits 58% (wheat flour"", ""sugar"", ""non-hydrogenated vegetable oils (palm"", ""rapeseed)"", ""candy sugar syrup"", ""raising agent (sodium hydrogen carbonate INS500(ii)"", ""soy flour"", ""salt"", ""cinnamon)"", ""non-hydrogenated rapeseed oil"", ""sugar"", ""emulsifier (soy lecithin (INS322))"", ""acidity regulator (citric acid (INS330)""]","[""gluten"", ""soybeans""]",[],,https://images.openfoodfacts.org/images/products/945/604/563/8400/front_en.3.400.jpg
Pipo diet popcorn,modi-naturals,snacks,8908000863057,,"[""40 g""]","[""Popping Corn (70%)"", ""Refined Edible Palmolein Oil (23%)"", ""Refined Edible Olive Pomace Oil and lodised Salt.""]","[""-""]",[],,
Vedaka Sunflower Seeds,vedaka,plant-based-foods-and-beverages,8903023010099,,"[""500g""]","[""Sunflower seeds""]","[""-""]",[],,
Peptamen peptide based formula,Nestlé,dietary-supplements,7613039542026,,"[""400g""]","[""Maltodextrin"", ""Whey protein hydrolysate (21.1%)"", ""Sugar"", ""Medium chain triglyceride oil (12.5%)"", ""Potato starch"", ""Soyabean oil"", ""Minerals"", ""Emulsifier (Soy lecithin)"", ""Acidity regulators (525"", ""330 and 524)"", ""Nature identical (Vanilla) flavouring substance"", ""Choline hydrogen tartrate"", ""Vitamins"", ""Taurine and L-Carnitine.""]","[""milk"", ""soybeans""]",[],,https://images.openfoodfacts.org/images/products/761/303/954/2026/front_en.3.400.jpg
Ripple Tea,ripple,beverages-and-beverages-preparations,8906033261215,,"[""100g""]","[""Green Tea (99.7%) & Jasmine Flavour (Natural Flavour) CONTAINS ADDED FLAVOUR (NATURAL FLAVOUR)""]","[""-""]",[],,
chocochips,nic,desserts,8906082370289,,"[""100ml""]","[""Milk"", ""Chocolate"", ""Sugar and Chocolate Crush.""]","[""milk""]",[],,
Safeda / Banganpalli Mango,-,plant-based-foods-and-beverages,5512198005500,,"[""550g""]","[""Mango""]","[""-""]",[],,https://images.openfoodfacts.org/images/products/551/219/800/5500/front_en.3.400.jpg
TUNISIAN DATES,barari,plant-based-foods-and-beverages,4792007690112,,"[""500g""]","[""Dates""]","[""-""]",[],,
Nutty Gritties Omani Dates,nutty-gritties,plant-based-foods-and-beverages,8904150208403,,"[""35g""]","[""Dates""]","[""-""]",[],,
Vijaya Doodh Peda,vijaya,snacks,8906025502012,,"[""250g""]","[""Milk & Sugar""]","[""milk""]",[],,https://images.openfoodfacts.org/images/products/890/602/550/2012/front_en.38.400.jpg
Brown Bread,modern,plant-based-foods-and-beverages,8904043500065,,"[""400g""]","[""Atta"", ""Gluten"", ""Sugar"", ""Yeast"", ""Salt (Iodised)"", ""Edible Vegetable Oil"", ""Preservative-232 & 341 (i)"", ""Malt Products"", ""Soya Flour"", ""Emulsifier-481(i)"", ""Acidity Regulator-263"", ""Antioxidant-300"", ""Milk solids and Improver-1100.""]","[""gluten"", ""milk"", ""soybeans""]",[],,
lays potato chips,Lay's,plant-based-foods-and-beverages,8901491983143,,"[""28g""]","[""Potato"", ""Edible Vegetable Oil (Palmolein Oil"", ""Rice Bran Oil)"", ""Sugar (5.5%)"", ""Starch"", ""lodised Salt"", ""&quot"", ""Spices & Condiments (Garlic Powder"", ""Onion Powder"", ""Chilli)"", ""Cocoa Solids"", ""Milk Solids. CONTAINS ADDED FLAVOUR (NATURAL"", ""NATURE IDENTICAL &ARTIFICIAL (SOY SAUCE) FLAVOURING SUBSTANCES) &quot"", ""Ued a natural flavouring agent. POTATO CHIPS PROPRIETARY FOOD&quot"", ""Limited perod offer valid in select geographies only.""]","[""milk"", ""soybeans""]",[],,
Grape Squash,grandma-s,plant-based-foods-and-beverages,8902082805004,,"[""500 ml""]","[""Water"", ""Sugar"", ""Grape Juice"", ""Citric Acid (E-330) CONTAINS PERMITTED CLASS II PRESERVATIVE E211).(E202) ADDED SYNTHETIC FLAVOUR (GRAPE) AND PERMITTED SYNTHETIC FOOD COLOUR (CODE-E 110"", ""E 122"", ""E 124"", ""E 133)""]","[""-""]",[],,https://images.openfoodfacts.org/images/products/890/208/280/5004/front_en.3.400.jpg
Californian Almonds,happilo,plant-based-foods-and-beverages,8906081123619,,"[""450g""]","[""Almonds""]","[""nuts""]",[],,
Pista Badam Drink Mix,rajam,drink-mix,8906190000047,,"[""200g""]","[""SUGAR"", ""MAIZE STARCH"", ""PISTA BITS (3%)"", ""BADAM BITS (3%)"", ""CASHEW BITS (2%)"", ""MILK POWDER"", ""CARDAMOM.\r\n\r\nCONTAINS PERMITTED NATURAL COLOURS (INS100 & INS141) AND ADDED NATURAL IDENTICAL FLAVOURING SUBSTANCES-PISTA FLAVOUR""]","[""milk""]",[],,
Popped Chips,bingo,snacks,8909081006265,,"[""9g""]","[""POTATO PELLETS (POTATO FLAKES"", ""POTATO STARCH"", ""RICE FLOUR"", ""TAPIOCA STARCH"", ""JODIZED SALT"", ""REFINED RICE BRAN ON SEASONING (REFINED RICE BRAN OIL"", ""DEHYDRATED ONION"", ""SPICES AND CONDIMENTS"", ""IODIZED SALT"", ""BLACK SALT"", ""SUGAR"", ""ACIDITY REGULATORS (INS 330"", ""INS 296"", ""INS 334)"", ""TOMATO POWDER"", ""HYDROLYZED VEGETABLE PROTEIN"", ""NATURAL FLAVOURS AND NATURAL FLAVOURING SUBSTANCES DEHYDRATED GARLIC"", ""YEAST EXTRACT"", ""NATURE IDENTICAL FLAVOURING SUBSTANCES"", ""FLAVOUR ENHANCER (INS 635))"", ""YELLOW PEA GRITS (7.3% AND GREEN PEA GRITS (7.3%).""]","[""-""]",[],,https://images.openfoodfacts.org/images/products/890/908/100/6265/front_en.3.400.jpg
Fortune sun lite refined sunflower oil,fortune,plant-based-foods-and-beverages,8906007280235,,"[""435g""]","[""Refined Sunflower Oil"", ""Antioxidant (INS-319). Vitamin A and Vitamin D. Ⓡ - is the registered trademark of Adani Wilmar Limited. Visit us at: fortunefoods.com FREE FROM ARGEMONE OIL 8906007 280235 FOR ANY SUG PLEASE CONT AT CORPORAT TOLL-FREE N 242025: 68a4e 08:14 10/12/2025 08:14""]","[""-""]",[],,
Smoodh chocolate,parle-agro,beverages-and-beverages-preparations,8902579002299,,"[""80ml""]","[""WATER"", ""DOUBLE TONED MILK (40%)"", ""SUGAR"", ""WHEY POWDER"", ""MILK SOLIDS"", ""COCOA SOLIDS (1%)"", ""MALT EXTRACT"", ""EMULSIFIERS AND STABILIZERS [INS 460(1)"", ""INS 471"", ""INS 466"", ""INS 407"", ""INS 340"", ""INS 452]"", ""NATURE IDENTICAL FLAVOURING SUBSTANCE (CHOCOLATE) AND IODISED SALT. (INS-INTERNATIONAL NUMBERING SYSTEM) ALLERGEN INFORMATION: CONTAINS MILK"", ""BARLEY"", ""WHEAT AND MILLET: NÚTRITIONAL INFORMATION (TYPICAL VALUES) PER SERVE""]","[""gluten"", ""milk""]",[],,
Parle Chatkeens Salted Peanuts,parle,plant-based-foods-and-beverages,8901719130236,,"[""15g""]","[""PEANUTS (97%)"", ""REFINED OIL(S)"", ""IODISED SALT""]","[""peanuts""]",[],,
Horlicks Mothers Plus,Horlicks,beverages-and-beverages-preparations,8901030960451,,"[""200g""]","[""Milk Solids (75%)"", ""Dietary Fibre (Wheat Dextrin)"", ""Edible Fat powder [High Oleic Sunflower Oil"", ""Corn Solids"", ""Sodium Caseinate"", ""Emulsifier (INS 471)"", ""Antioxidant (INS 305)]"", ""Cereal Extract"", ""Minerals"", ""Vitamins"", ""Docosahexaenoic Acid (DHA) powder from Schizochytrium sp. (0.51%)"", ""Edible Vegetable Oil (Palm Kernel oil)"", ""Natural Flavour"", ""Nature Identical flavouring substances"", ""Natural Colour [INS 100(i)]""]","[""milk""]",[],,https://images.openfoodfacts.org/images/products/890/103/096/0451/front_en.3.400.jpg
Millet muesli,tata-soulfoul,plant-based-foods-and-beverages,8908002984965,,"[""500 g""]","[""Rolled Oats (33.6%)"", ""Millets(20.2%) [Jowar(10.2%)"", ""Ragi(10%)]"", ""Brown Rice Fakes (15%)"", ""Seeds(12%) [Flax(8%)"", ""Chia(2%)"", ""Pumpkin(2%)]"", ""Corn Flakes (5%)"", ""Black Raisins (4%)"", ""Almonds (3%)"", ""Rice Flour(4.2%)"", ""Rice Bran Oil"", ""Chia Seeds"", ""Anticaking Agent [INS 170(i)]"", ""Natural Flavour"", ""Antioxidant [INS(307(b)"", ""INS 320]"", ""Acidity Regulator[INS 330].""]","[""nuts""]",[],,
Sandwich Paneer Tikka,atul-bakery,sandwiches,8906075003217,,"[""1 pc, 100g""]","[""Fresh Bread (50%)"", ""Paneer (15%)"", ""Capsicum (10%)"", ""Onion (10%)"", ""Tandoori Sauce (5%)"", ""Mayonnaise (5%)"", ""Butter (3%)"", ""Black Pepper"", ""and Chaat Masala.""]","[""milk""]",[],,https://images.openfoodfacts.org/images/products/890/607/500/3217/front_en.3.400.jpg
Kitkat Double Choco,Nestlé,snacks,8901058013863,,"[""63g""]","[""Milk Chocolate (50.3%) (Sugar"", ""Milk solids (12.1%)"", ""Cocoa butter (8.8%)"", ""Cocoa solids (6%)"", ""Emulsifier (Soya lecithin) & Artificial (Vanilla) flavouring substances)"", ""White chocolate (26.7%) (Sugar"", ""Cocoa butter (8%)"", ""Milk solids (7.2%)"", ""Emulsifier (Soya lecithin) & Artificial (Vanilla) flavouring substances)"", ""Wafer (Refined wheat flour (Maida)"", ""Sugar"", ""Hydrogenated vegetable fats"", ""Cocoa solids (1.2%)"", ""Milk solids"", ""Fractionated vegetable fat"", ""Yeast"", ""Raising agent (500(ii))"", ""Emulsifier (Soya lecithin)"", ""lodized salt"", ""Flour treatment agent (516)"", ""Artificial (Vanilla) flavouring substances&Nature identical flavouring substances)""]","[""gluten"", ""milk"", ""soybeans""]",[],,
Super Strong Blend Instant Coffee Chicory Mixture,continental,beverages-and-beverages-preparations,8901036161609,,"[""1 kg""]","[""Coffee (53%)"", ""Chicory (47%)""]","[""-""]",[],,
Aarogya Multigrain Biscuits,patanjali,snacks,8906032019664,,"[""75g""]","[""Wheat flour (Atta 53.8%)"", ""Refined Palm oil"", ""Sugar"", ""Invert syrup"", ""Multi grain flour mix 2.8% {Jowar"", ""Water caltrope"", ""Amaranth"", ""Maize"", ""Black Gram}"", ""Dextrose"", ""man Wheat bran"", ""Milk solids"", ""lodized Salt"", ""Honey"", ""Raising Agents [INS 500(ii)"", ""INS 503(ii)]"", ""Emulsifier [INS-322(i)"", ""INS 472) Vegetable Extracts {Carrot & Tomato }"", ""Butter"", ""Dough PO. Conditioner (INS 223)"", ""Nature Identical (Butter"", ""Honey) & Artificial Flavouring Substances (Milk & Vanilla). 287 84105 0938 Soya 452 CONTAINS ALLERGEN: WHEAT"", ""MILK"", ""SOY"", ""SULPHITE NET QUANTIT""]","[""gluten"", ""milk"", ""soybeans""]",[],,
Groundnut Oil,freedom,plant-based-foods-and-beverages,8906035030918,,"[""1 l (910 g)""]","[""Groundnut Oil:100%""]","[""-""]",[],,https://images.openfoodfacts.org/images/products/890/603/503/0918/front_en.12.400.jpg
Pure Ghee,nandini,dairies,8906036670885,,"[""1 l (905 g)""]","[""Milk Solids (Milk Fat)""]","[""milk""]",[],,
Siddipet Poultry Eggs,siddipet-poultry,farming-products,8908020170005,,"[""30""]","[""Eggs""]","[""eggs""]",[],,
Roasted Chana,rajdhani,plant-based-foods-and-beverages,8906055100455,,"[""200g""]","[""Bengal Gram""]","[""-""]",[],,https://images.openfoodfacts.org/images/products/890/605/510/0455/front_en.3.400.jpg
Chicken Breakfast Salami,godrej,meats-and-their-products,8902756360136,,"[""250g""]","[""Chicken Meat (82.3%)"", ""Water"", ""Premix [Maltodextrin"", ""Soy Protein Isolate"", ""Corn Starch"", ""Carrageenan (INS 407)"", ""Nature Identical Flavouring Substances"", ""Anti Caking Agent (INS 551)]"", ""Salt"", ""Texturizer (INS 451(i)).""]","[""soybeans""]",[],,
Black Pepper (Pepper Corn),dmart-premia,plant-based-foods-and-beverages,8903363006103,,"[""200 g""]","[""Black Pepper""]","[""-""]",[],,
Rai Small,dmart-premia,plant-based-foods-and-beverages,8903363003485,,"[""500 g""]","[""Mustard Seed""]","[""mustard""]",[],,https://images.openfoodfacts.org/images/products/890/336/300/3485/front_en.8.400.jpg
Honey,patanjali,breakfasts,8904422700826,,"[""250 g""]","[""Blend of Honeydew Honey & Blossom Honey""]","[""-""]",[],,
Turmeric Powder,eastern,plant-based-foods-and-beverages,8901440023166,,"[""500 g""]","[""Turmeric""]","[""-""]",[],,
Poha Jada,dmart-premia,plant-based-foods-and-beverages,8903363000040,,"[""500 g""]","[""Rice Flakes""]","[""-""]",[],,https://images.openfoodfacts.org/images/products/890/336/300/0040/front_en.9.400.jpg
Gingelly Oil,mr-gold,plant-based-foods-and-beverages,8908002396805,,"[""1 l (914 g)""]","[""Gingelly Oil""]","[""-""]",[],,
Udid Dal,dmart-premia,plant-based-foods-and-beverages,8903363010988,,"[""500 g""]","[""Black Gram Split""]","[""-""]",[],,
Almond Kernels,dmart-swaad,plant-based-foods-and-beverages,8903363006820,,"[""500 g""]","[""Almond Kernels""]","[""nuts""]",[],,https://images.openfoodfacts.org/images/products/890/336/300/6820/front_en.9.400.jpg
Kismis Black - 200g,dmart-premia,black-raisins,8903363002792,,"[""200 g""]","[""Raisins Black Domingo por Pack 81 Serving Size: 25 c""]","[""-""]",[],,
California Inshell Walnut,happilo,plant-based-foods-and-beverages,8906081120212,,"[""200g""]","[""Walnut""]","[""nuts""]",[],,
winkies fruit cake,winkies,snacks,8906005611147,,"[""125g""]","[""REFINED WHEAT FLOUR (MAIDA)"", ""SUGAR"", ""EGGS"", ""BAKERY SHORTENING"", ""PALM OIL"", ""GLAZED FRUITS (6%) (PAPAYA"", ""SUGAR"", ""ACIDITY REGULATOR (INS 330)"", ""SYNTHETIC FOOD COLOUR (INS 110"", ""INS 102"", ""INS 143"", ""INS 124)}"", ""WATER"", ""HUMECTANTS (INS 422"", ""INS 420)"", ""RAISINS (4%)"", ""LIQUID GLUCOSE"", ""MIXED FRUIT JAM"", ""PALMOLEIN OIL"", ""CAKE GEL (INS 471 INS 477"", ""INS 1520"", ""INS 420"", ""INS 412)"", ""RAISING AGENT [BAKING POWDER AND INS 500(ii)]. ARTIFICIAL FLAVOUR (VANILLA)"", ""EDIBLE COMMON SALT"", ""PRESERVATIVES (INS 282"", ""INS 200"", ""INS 211)"", ""ACIDITY REGULATOR (INS 260)"", ""EMULSIFIER (INS 471)"", ""STABILIZER (INS 412 AND INS 415 NATURE IDENTICAL AND NATURAL FLAVOUR (ORANGE AND LEMON).""]","[""eggs"", ""gluten"", ""orange""]",[],,https://images.openfoodfacts.org/images/products/890/600/561/1147/front_en.3.400.jpg
Methi,dmart-premia,plant-based-foods-and-beverages,8903363002181,,"[""100 g""]","[""Fenugreek Seed""]","[""-""]",[],,
Unpolished Pulses (Mix Pulses),patanjali-ayurved-ltd,plant-based-foods-and-beverages,8904109474088,,"[""500g""]","[""Split chickpeas (Chana Dal 25%)"", ""Green Gram (Moong Dal Chilka 25%)"", ""Red Lentil (Masur Dal 20%)"", ""Split Black Gram (Urad Chilka 20%)"", ""Pigeon Pea (Arhar/Tur Dal 10%)""]","[""-""]",[],,
Chocobakes Choc layered Cakes,cadbury,snacks,7622201442071,,"[""21 g""]","[""Cake (45%*) - (Refined Wheat Flour (Maida)"", ""Sugar"", ""Humectants (420 (ii)"", ""422"", ""1520)"", ""Palmolein"", ""Liquid Glucose"", ""Milk Solids"", ""Cocoa Solids"", ""Starch"", ""Emulsifiers (322"", ""475"", ""471"", ""491)"", ""Raising Agent (500(i)"", ""450(1)"", ""341())"", ""lodised Salt"", ""Flavours (Natural Flavour"", ""Nature Identical Flavouring Substances)"", ""Preservative (202)"", ""Stabilizer (415))"", ""Chocolayer (29%*)-(Sugar"", ""Hydrogenated Vegetable Oils"", ""Lactose-Rich Deproteinized Whey Permeate Powder"", ""Cocoa Solids"", ""Emulsifiers (442"", ""476))"", ""Flavours (Nature Identical"", ""Artificial (Vanilla and Caramel) Flavouring Substances)"", ""Filling (26%*) - (Sugar"", ""Fractionated Fat"", ""Liquid Glucose"", ""Humectant (422"", ""1520)"", ""Water"", ""Emulsifiers (322"", ""475"", ""471"", ""491)"", ""Cocoa Solids"", ""Flavours (Natural flavour"", ""Nature Identical Flavouring Substances)"", ""lodised Salt"", ""Preservative (202)).""]","[""gluten"", ""milk""]",[],,https://images.openfoodfacts.org/images/products/762/220/144/2071/front_en.9.400.jpg
Santra,paper-boat,plant-based-foods-and-beverages,8906080600647,,"[""1L(1000ml)""]","[""WATER"", ""SUGAR"", ""ORANGE JUICE CONCENTRATE (6.5%)*"", ""ORANGE CELLS (2.4%)*"", ""ACIDITY REGULATOR (CITRIC ACID)"", ""NATURAL FLAVOURING"", ""NATURE IDENTICAL FLAVOURING"", ""iODISED SALT"", ""ANTIOXIDANT (ASCORBIC ACID)"", ""LEMON JUICE CONCENTRATE"", ""BLACK PEPPER POWDER"", ""BLACK SALT. *RECONSTITUTED 38% ORANGE JUICE.""]","[""-""]",[],,
Tomato Ketchup,veeba,condiments,8906069402910,,"[""1 kg""]","[""Tomato Paste (28.0%)"", ""Water"", ""Sugar"", ""Liquid Glucose"", ""Brewed Vinegar"", ""lodised Salt"", ""Starch and Spices and Condiments.""]","[""-""]",[],,
Chat Masala,suhana,plant-based-foods-and-beverages,8901662025061,,"[""50g""]","[""Dry Mango"", ""lodised Salt"", ""Rock Salt"", ""Black Salt"", ""Black Pepper"", ""Coriander"", ""Chilli"", ""Cumin"", ""Dry Mint Leaves"", ""Dry Ginger"", ""Fennel"", ""Ajwain (Bishop's Seeds)"", ""CASSIA BARK (TAJ)"", ""Trifala"", ""Clove"", ""Nutmeg"", ""Asafoetida""]","[""-""]",[],,https://images.openfoodfacts.org/images/products/890/166/202/5061/front_en.3.400.jpg
Mokto Mojito,mokto,beverages-and-beverages-preparations,8229300996734,,"[""400ml""]","[""PURIFIED WATER"", ""CARBON DIOXIDE (INS290)"", ""SUGAR"", ""ACIDITY REGULATOR (INS 330)"", ""SALT STABILIZERS (INS 414"", ""INS 445)"", ""CONTAINS PERMITTED SYNTHETIC FOOD COLOUR (INS 102"", ""133) PERMITTED CASS I PRESERVATIVE (INS 211)"", ""AND ADDED NATURAL AND NATURE IDENTICAL FLAVOURING SUBSTANCES""]","[""-""]",[],,
Coconut Oil,fruit-of-the-earth,plant-based-foods-and-beverages,8904037212356,,"[""500gm""]","[""Froit of the Earth Coconut Oil is 100% pure and natural. tism he finest handpicked dried coconut (Copra) from the wotd e Malabar Coast of Kerala. There are no additives and chemicat tto ensure its purity. Multiple filtration process produces der di retaining all its natural goodness"", ""freshness and aome Contents: Coconut Oil (Edible Grade) oproimate""]","[""-""]",[],,
kachi ghani Cold pressed mustard oil,soul-flavours,plant-based-foods-and-beverages,8904037219904,,"[""1 Litre""]","[""Mustard Oil"", ""Vitamin A"", ""Vitamin D2"", ""Vitamin E""]","[""-""]",[],,https://images.openfoodfacts.org/images/products/890/403/721/9904/front_en.4.400.jpg
Cow Ghee,soul-flavor-modicare,dairies,8904037212721,,"[""1 Kg""]","[""hdentMikFat Manutactured Under Mostygesic Condtions Untouched by Hand.""]","[""-""]",[],,
GIPPI,balaji,plant-based-foods-and-beverages,8906010501822,,"[""gippi""]","[""Unknown""]","[""-""]",[],,
mixed fruit granola,fit-and-flex,plant-based-foods-and-beverages,8908013252046,,"[""25 g""]","[""AGREDIENTS: Rolled Oats (32.9%)"", ""FOS (9.5%)"", ""Rice Flour(9.3%)"", ""Wheat Flour (7.6%)"", ""Palm Kernel Oil (6.1%)"", ""Sugar (4.2 g)"", ""Maze Grits"", ""Maltodextrin"", ""Almond Flakes (3%)"", ""Tender Coconut Powder"", ""Coconut Milk Powder"", ""Candied Fruits (Cranberry 3.7%"", ""Blueberry 3.7%)"", ""Freeze Dried Fruits (Strawberry 3%)"", ""Salt"", ""Sodium Citrate (INS 331) Glycerin(INS 422)"", ""Citric Acid (INS 330)"", ""Tocopherol (INS 307). CONTAINS ADDED NATURE IDENTICAL AND ARTIFICIAL FLAVOURING SUBSTANCES(MIX BERRIES & TENDER COCONUT) Contains Oligofructose (Dietary Fibre) 9.4 gm/100 gm ALLERGEN INFORMATION: Contains gluten"", ""may contain traces of almond.""]","[""gluten"", ""nuts""]",[],,https://images.openfoodfacts.org/images/products/890/801/325/2046/front_en.7.400.jpg
Mango delight,pepsico,plant-based-foods-and-beverages,8902080011254,,"[""200ml""]","[""WATER"", ""*CONCENTRATED MANGO PULP AND ALPHONSO MANGO PULP (20%)"", ""SUGAR"", ""ACIDITY REGULATOR (330). CONTAINS PERMITTED NATURAL COLOUR (160a()) AND ADDED FLAVOUR (NATURAL AND NATURE IDENTICAL FLAVOURING SUBSTANCES).""]","[""-""]",[],,
GoodDiet Protein Bar Coconut,big-basket-good-diet,dietary-supplements,8904256715478,,"[""65g""]","[""Ingredients. Whey protein isolate (22%)"", ""Fructo-Oligosaccharides (Prebiotic fibre) (13%)"", ""Dark Chocolate (12%) (Sugar"", ""Cocoa solids"", ""Emusifier (INS 3220"", ""Cashew butter"", ""Milk protein concentrate"", ""Butter"", ""Honey"", ""Hazelnuts (4%) and Jowar millet crisp.""]","[""milk"", ""nuts""]",[],,
society Sweet spicy mango pickle,society,plant-based-foods-and-beverages,8901095000482,,"[""40g""]","[""Mango (45%)"", ""Sugar"", ""Jaggery (8%)"", ""Red chilli powder"", ""Fenugreek"", ""Mustard"", ""lodised salt"", ""Fennel seeds"", ""Coriander seeds"", ""Curmin"", ""Corn oil"", ""Asafoetida"", ""Cinnamon"", ""Clove"", ""Turmeric powder"", ""Acidity regulators (INS 330"", ""INS 260) & Preservative (INS 211). 8 901095 000482 PICTURE DOES NOT REPRESENT PRODUCT INSIDE THE PACK.""]","[""mustard""]",[],,https://images.openfoodfacts.org/images/products/890/109/500/0482/front_en.4.400.jpg
Pineapple Cake,winkles,snacks,8906005618726,,"[""120g""]","[""REFINED WHEAT FLOUR (MAIDA)"", ""EGGS"", ""SUGAR"", ""BAKERY SHORTENING"", ""WATER"", ""FRUIT PRODUCTS [FRUIT CUTS (5%) (PAPAYA"", ""SUGAR"", ""ACIDITY REGULATOR (INS 330)"", ""PRESERVATIVE (ONS 2113"", ""SINTHETIC FOOD COLOUR (INS 110"", ""INS 102"", ""INS 143"", ""INS 124)) AND PINEAPPLE CUTS (2%))"", ""PALM OIL"", ""HUMECTANTS (IMS 422"", ""INS 420)"", ""LIQUID GLUCOSE"", ""MIXED FRUIT JAM"", ""MILK SOLIDS"", ""INVERT SYRUP"", ""CAKE GEL (INS 471"", ""INS 477"", ""INS 1520"", ""INS 420"", ""IMS 412)"", ""RAISING AGENT [INS 500(H)] & BAKING POWDER"", ""EDIBLE COMMON SALT"", ""PRESERVATIVES (INS 282"", ""INS 200)"", ""ARTIFICIAL FLAVOUR (PINEAPPLE AND VANILLA)"", ""ACIDITY REGULATOR (INS 260)"", ""STABILIZER (INS 412"", ""INS 415)"", ""EMULSIFIERS (INS 471"", ""INS 477"", ""INS 322) AND ARTIFICIAL FOOD COLOUR (INS 102). (Numbers in brackets as per International Numbering System). CONTAINS WHEAT"", ""MILK"", ""EGG AND SOY INGREDIENTS. POLYOLS MAY HAVE LAXATIVE EFFECTS. KEEP YOUR CITY CLEAN 110 NET WEIGHT: MRP: (INCL."", ""OF ALL TAXES)/(#Pe LOT NO.: MANUFACTURING DATE: USE BY: CARING FOR YOUR CAKES: DRY AND HYGIENIC CONDITION (E) SOUTHERN BAKERIES PVT. LTD: REGU. OFFICE & WORKS: PLOT N INDUSTRIAL AREA"", ""2ND PHASE"", ""BANGALORE URBAN (KARNATAKA)-5""]","[""eggs"", ""gluten"", ""milk""]",[],,
A gile,dehlvi,medicine,8904338700002,,"[""500ml""]","[""Dhania (Coriandrum sativum) (Fr.) (Dst.) Gule Surkh (Rosa damascena) (F1.) (Dst.) Patent & Proprietary Unani Medicine Formula Each 20 ml contains: Balcharr (Nardostachys jatamansi) (Rz.) (Dst.) Charilla (Parmelia perlata) (Pl.) (Dst.) mg mg mg 20 mg 20 mg Jaiphal (Myristica fragrans) (Sd.) (Dst.) 20 mg Khus (Vetiveria zizanoides) (Rt.) (Dst.) Post Turanj (Citrus medica) (Fr.R.) (Dst.) 20 mg Sandal Safed (Santalum album) (Ht.Wd.) (Dst.) Tezpat (Cinnamomum tamala) (Lf.) (Dst.) Zanjbeel (Zingiber officinale) (Rz.) (Dst.) 20 mg 20 mg 20 mg Rubbe Anar (Punica granatum) (Rp.Fr.Pp.) (Jce.) 0.56 ml 0.56 ml 0.12 ml Arq Keora (Pandanus tectorius) (F1.) (Dst.) 0.12 ml 0.001 ml 0.001 ml Rubbe Seb (Malus sylvestris) (Rp.Fr.Pp.) (Jce.) Arq Gulab (Rosa damascena) (F1.) (Dst.) Roghan Darchini (Cinnamomum zeylanicum) (St.Bk.) (Oil) Roghan Elaichi (Elettaria cardamomum) (Sd.) (Oil) Roghan Long (Syzygium aromaticum) (Fl. Bd.) (Oil) Zafran (Crocus sativus) (Fl. Stg.) (Dct.) Qand Safed (Saccharum officinarum) (Jce.) (Ext.) (Pdr.) Aab (Purified water) (Liq) Natroon Banjawi (Sodium benzoate) (Cryst.) (Pdr.) Dosage: Adults 20 ml and Children 10 ml before breakfast and evening meal. SHAKE WELL BEFORE USE Max. Ret. Price: (Incl. of all Taxes) Batch No. : Date of Mfg.: Date of Exp. : For mfg. location"", ""refer the first digit 0.001 ml 10 mg q.s. q.s. q.s. 215/00 DS/01/220 02/2023 01/2026 of the Batch No. and see address pannel. Mild. by:- Sana Herbals Pvt. Ltd. (AG.M.P. CERTIFIED Co.) Correspondence at Regd. Office: (P) 238"", ""F.I.E."", ""Patparganj"", ""Delhi-92 (D) B-24"", ""UPSIDC"", ""M.G. Road"", ""Ind. Area"", ""Ma-1"", ""Dasna"", ""Hapur (U.P.)-201015 Mfg Lic. No.: U-135/2019 Mig. Lic. No.: DL-275 A&U Bawana Ind. Area"", ""Delhi-110039 Mfg Lic. No.: DL-387 A&U Plot-60. Pocket-G"", ""Sector-3"", ""Consumer Care No. : 9555094254 Email: info@sanaherbals.com 8904338 700002""]","[""-""]",[],,
La Americana Wholewheat Brown Bread,la-americana,plant-based-foods-and-beverages,8904474000189,,"[""350g""]","[""Whole Wheat Flour - Atta (53.00%)"", ""Water"", ""Yeast"", ""Jaggery (2.10%)"", ""Cold Pressed Sunflower Oil"", ""Pink Salt (1.00%) and Fermented Whole Wheat Flour (Atta).""]","[""gluten""]",[],,https://images.openfoodfacts.org/images/products/890/447/400/0189/front_en.6.400.jpg
Aashirvaad svasti,Aashirvaad,dairies,8901725111625,,"[""750ml""]","[""Milk fat""]","[""milk""]",[],,
FuelOne Whey Max,fuelone,dietary-supplements,8906165781995,,"[""1 kg""]","[""Whey Protein Concentrate"", ""Whey Protein Isolate"", ""Cocoa Powder"", ""Nature Identical Flavouring Substances"", ""Emulsifier (INS 322 (i))"", ""Sodium Chloride"", ""Proprietary Enzyme Blend"", ""Sweetener (INS 955)"", ""Stabilizer (INS 415) & Anticaking Agent (INS 551).""]","[""milk""]",[],,
Kerala Banana Chips,byond-snack,snacks,0793591862453,,"[""75gram""]","[""Raw Banana (72%) Refined Vegetable Oil (Palmolein)"", ""lodised Salt"", ""Anticaking agent (E551) and Antioxidant (E319). Contains permitted natural colors & added natural and natural identical flavoring substances. Allergen Declaration: May contain traces of Soy"", ""Milk solids and Mustard. Pack filled with Nitrogen to keep the product fresh.""]","[""mustard""]",[],,https://images.openfoodfacts.org/images/products/079/359/186/2453/front_en.3.400.jpg
Oreo 5 Pack,cadbury,snacks,7622202253638,,"[""459.25g""]","[""REFINED WHEAT FLOUR (MAIDA)"", ""SUGAR"", ""FRACTIONATED FAT"", ""PALMOLEIN"", ""INVERT SUGAR"", ""COCOA SOLIDS (2%*)"", ""LEAVENING AGENTS (500(ii). 503(ii))"", ""STARCH"", ""IODISED SALT"", ""EMULSIFIER (322)"", ""NATURE IDENTICAL FLAVOURING SUBSTANCES. ALLERGEN INFORMATION: CONTAINS WHEAT SULPHITE"", ""SOY. MAY CONTAIN MILK AND BARLEY.""]","[""gluten"", ""soybeans""]",[],,
Rajasthani Aloo Bhujia,noice,snacks,00827664,,"[""100 g""]","[""Rice Bran Oil"", ""Potato Flakes (15%)"", ""Besan"", ""Edible Starch"", ""Moth Dal Flour"", ""Sago"", ""Spices and Condiments"", ""Iodized Salt"", ""Acidity Regulator (Citric Acid) (INS 330).""]","[""-""]",[],,
mcvitites 959 g,McVitie's,snacks,8906033741465,,"[""959.1g""]","[""Refined Wheat Flour (Maida) (50.5%)"", ""Wheat Flour (Atta) (18.3%)"", ""Edible Vegetable Oil(Palm Sugar"", ""Wheat Bran(3.1%))"", ""Invert Sugar Syrup. Raising Agents [INS 500 (ii)"", ""INS 503 (ii)"", ""INS 450(i)]"", ""lodised Salt"", ""Malt Extract"", ""Emulsifiers (INS 322"", ""INS 472e). Acidity Regulator (INS 296)"", ""Dough Conditioner. (INS 223)""]","[""gluten""]",[],,
Flipkart Grocery Classic Suji / Rawa,flipkart-grocery,plant-based-foods-and-beverages,8904293726925,,"[""1kg""]","[""Suji / Rawa""]","[""gluten""]",[],,https://images.openfoodfacts.org/images/products/890/429/372/6925/front_en.3.400.jpg
Sunrich Aqua Packaged Drinking water,sunrich-aqua,beverages-and-beverages-preparations,8908004099025,,"[""1 Litre""]","[""TREATED WATER"", ""MINERALS (SODUM BICARBONATE POTASSIUM BICARBONATE"", ""CALCIUM CHLORIDE & MAGNESIUM SULPHATE)""]","[""-""]",[],,
Butterscotch Flavored Ice cream,Arun Icecreams,desserts,8904057301269,,"[""125ml, 68g""]","[""Sugar"", ""Cashew"", ""Milk Solids"", ""Hydrogenated Vegetable Fat"", ""Iodized Salt & Emulsifier {471}"", ""Emulsifiers {471"", ""477}"", ""Stabilizers {410"", ""412}"", ""Color {102}"", ""Artificial (Butterscotch) Flavoring Substances"", ""_Milk_"", ""_Nut_"", ""_Wheat_""]","[""gluten"", ""milk"", ""nuts""]",[],,https://images.openfoodfacts.org/images/products/890/405/730/1269/front_en.3.400.jpg
Baking Soda,monaliz-foods-incorporation,food-additives,8906028560941,,"[""100g""]","[""Refined Sodium Bicarbonate (E500(ii))""]","[""-""]",[],,
Amul Spiced Buttermilk,amul,dairies,8901262201001,,"[""200ml""]","[""Milk solids"", ""iodized salt"", ""spices & condiments (1%)"", ""stabilizer [460(i)].""]","[""milk""]",[],,
Glucose Biscuits,sunfeast,snacks,8901725113520,,"[""100 g""]","[""REFINED WHEAT FLOUR (MAIDA) (60.5%)"", ""SUGAR"", ""REFINED PALM OIL"", ""INVERT SYRUP"", ""RAISING AGENTS [INS 503(1)"", ""INS 500 (i)]"", ""IODIZED SALT"", ""LIQUID GLUCOSE (0.5%)"", ""EMULSIFIERS [INS 322(0"", ""INS 472e]"", ""MILK SOLIDS (0.1%)"", ""MINERAL AND VITAMIN PREMIX [MZINC (ZINC OXIDE)"", ""^VITAMIN A (RETINYL PALMITATE)] AND FLOUR TREATMENT AGENT (INS 223)""]","[""gluten"", ""milk""]",[],,https://images.openfoodfacts.org/images/products/890/172/511/3520/front_en.4.400.jpg
Ultra Omega-3 Fish Oil,now-foods,fats,0733739016614,,"[""90 Softgel""]","[""Softgel Capsule [bovine gelatin (BSE-free)"", ""glycerin"", ""enteric coating (pharmaceutical glaze"", ""ethyl alcohol"", ""ammonium hydroxide"", ""glycerin"", ""sunflower lecithin"", ""medium-chain triglycerides)"", ""water] and d-alpha Tocopherol (from sunflower). Contains fish (anchovies"", ""sardines).""]","[""fish""]",[],,
Sprite 750ml,coca-cola,beverages,8901764032271,,"[""5""]","[""CARBONATED WATER"", ""SUGAR"", ""ACIDITY REGULATORS (330"", ""331(i))"", ""PRESERVATIVE(211)"", ""SWEETENER (960)"", ""FLAVOURS (NATURAL FLAVORING SUBSTANCES)""]","[""-""]",[],,
a+ slim,Nestlé,dairies,8901058842142,,"[""1 l""]","[""Skimmed Milk""]","[""milk""]",[],,https://images.openfoodfacts.org/images/products/890/105/884/2142/front_en.4.400.jpg
refined soya bean oil,fortune,plant-based-foods-and-beverages,02867633,,"[""1 l""]","[""Refined Soyabean Oil Permitted Antioxidant TBHQ (E-319). Vitamin A and Vitamin D.""]","[""-""]",[],,
FRUIT N' NUT Dark Chocolate,amul,snacks,8901262070539,,"[""150g""]","[""sugar"", ""cocoa solids"", ""cocoa butter"", ""almonds(8%)"", ""raisins(5%)"", ""permitted emulsifiers (e322"", ""e476)""]","[""nuts""]",[],,
Mix Farsan,-,snacks,8904071702349,,"[""500 g""]","[""Gram Flour"", ""Palm Oil"", ""Bengal Gram"", ""Edible Starch"", ""Red Chilli Powder"", ""Bishops Weed"", ""Curry Leaves"", ""Salt.""]","[""-""]",[],,https://images.openfoodfacts.org/images/products/890/407/170/2349/front_en.4.400.jpg
Chowmein hakka noodles masala,ching-s,condiments,8901595972159,,"[""20 g""]","[""Iodised Salt"", ""Mixed Spices (17.5%) (Chilli"", ""Cumin"", ""Coriander)"", ""Sugar"", ""Garlic Powder"", ""Onion Powder"", ""Flavour Enhancer (INS 635)"", ""Soy Sauce Powder (Soybean"", ""Wheat"", ""Salt)"", ""Anticaking Agent (INS 551)"", ""Acidity Regulators (INS 330"", ""INS 260)"", ""Sunflower Oil"", ""Natural Flavouring Substances.""]","[""gluten"", ""fruits à coque"", ""graines de sésame"", ""soja""]",[],,
Chicken noodles,Maggi,plant-based-foods-and-beverages,19010588,,"[""71 G""]","[""Tastemaker: Mixed spices (Dehydrated onion"", ""Dehydrated onion bits"", ""Dried garlic powder (3%)"", ""Red chilli flakes (3%)"", ""Black pepper powder (2.3%)"", ""Dried garlic bits (2%)"", ""Red chilli powder (0.9%)"", ""Spice extract blend (Capsicum extract"", ""Coriander extract"", ""Cumin extract)"", ""Turmeric powder"", ""Nutmeg powder)"", ""Sugar"", ""Noodle powder (Refined wheat flour (Maida)"", ""Palm oil"", ""Iodised salt"", ""Gluten"", ""Thickeners (508"", ""412)"", ""Acidity Regulators (501(i)"", ""500 (i))"", ""Humectant (451(i)))"", ""Iodised salt"", ""Starch"", ""Dehydrated chicken powder (Chicken meat (5.7%)"", ""Chicken fat (0.3%)"", ""Humectant 420(ii)"", ""Iodised salt"", ""Onion"", ""Dehydrated bread"", ""Acidity regulator (330))"", ""Thickener (508)"", ""Flavour enhancer (635)"", ""Liquid chicken fat (Chicken fat (1.9%)"", ""Acidity Regulator (330)"", ""Sunflower oil"", ""Antioxidants (307(b)"", ""320))"", ""Caramel salt mix (Iodised salt"", ""Colour (150d)"", ""Palm oil)"", ""Palm oil"", ""Acidity Regulator (330)"", ""Mineral (Ferric pyrophosphate) and Dehydrated kasuri methi leaves. CONTAINS PERMITTED NATURAL COLOUR AND ADDED FLAVOURS (NATURAL FLAVOUR AND NATURE IDENTICAL FLAVOURING SUBSTANCES). May contain Eggs"", ""Milk solids and Soya.""]","[""gluten""]",[],,
Sprite,coca-cola,beverages-and-beverages-preparations,8901764032905,,"[""2.25l""]","[""CARBONATED WATER"", ""SUGAR"", ""ACIDITY REGULATORS (330"", ""331(iii))"", ""PRESERVATIVE (211)"", ""SWEETENER (960)"", ""FLAVOURS (NATURAL FLAVOURING SUBSTANCES).""]","[""-""]",[],,https://images.openfoodfacts.org/images/products/890/176/403/2905/front_en.28.400.jpg
tedha medha,bingo,snacks,8901725118921,,"[""75""]","[""CEREALS AND PULSES MIX {RICE GRITS"", ""DEGERMED CORN GRITS"", ""BENGAL GRAM GRITS"", ""PEA GRITS)"", ""*EDIBLE VEGETABLE OIL AND SEASONING {ONION POWDER"", ""SPICES AND CONDIMENTS"", ""IODIZED SALT"", ""MALTODEXTRIN"", ""BLACK SALT FLAVOUR ENHANCERS (508"", ""635)"", ""ACIDITY REGULATORS (MALIC ACID"", ""CITRIC ACID"", ""TARTARIC ACID)"", ""TOMATO POWDER"", ""SUGAR"", ""HYDROLYZED VEGETABLE PROTEIN"", ""GARLIC POWDER"", ""NATURE IDENTICAL FLAVOURING SUBSTANCES AND NATURAL FLAVOURS AND NATURAL FLAVOURING SUBSTANCES}. *TO KNOW THE SPECIFIC TYPE OF OIL USED"", ""MATCH THE SYMBOL (^ OR AA WITH THE LAST CHARACTER OF BATCH NUMBER WHEREIN A DENOTES REFINED PALMOLEIN AND AA DENOTES REFINED RICE BRAN OIL. USED AS FLAVOURING AGENTS. CONTAINS SOY. MAY CONTAIN MILK"", ""WHEAT"", ""BARLEY. es DO NOT BUY THIS PACK IF FOUND TAMPERED WITH.""]","[""soybeans""]",[],,
Anmol Gold Coconut Oil,dabur,plant-based-foods-and-beverages,8901207038334,,"[""550ml (503.25g)""]","[""Coconut Oil (100%)""]","[""-""]",[],,
Ultimate Baked Cheese Flavour Popcorn,sks-foods,snacks,9557152600295,,"[""70g""]","[""Corn"", ""Sugar"", ""Vegetable Oil (Palm)"", ""Dextrose"", ""Cheese Seasoning (Dextrose"", ""Milk Solids"", ""Salt"", ""Sugar"", ""Maltodextrin"", ""Flavour Enhancers [Monosodium Glutamate (E621)"", ""Disodium Guanylate (E627)"", ""Disodium Inosinate (E631)]"", ""Anticaking Agent [Silicon Dioxide (E551) Vegetable Oil (Palm)"", ""Cheese (Milk)"", ""Colour [Paprika Extract (E160c)]"", ""Acidity Regulator [Citric Acid (E330)]"", ""Yeast Extract)"", ""Salt.""]","[""milk""]",[],,https://images.openfoodfacts.org/images/products/955/715/260/0295/front_en.3.400.jpg
Whey Protein,muscleblaze,whey-protein,8906067021182,,"[""2kg""]","[""Whey Protein Blend (Whey Protein Concentrate"", ""Whey Powder & Whey Protein Isolate)"", ""Cocoa Powder"", ""Nature Identical Flavouring Substances"", ""Lecithin (Emulsifier)"", ""Salt"", ""Xanthan Gum (Stabilizer)"", ""Proprietary Enzyme Blend"", ""Sucralose (Sweetener) & Silicon Dioxide (Anti-Caking Agent)\r\n\r\nProprietary Enzyme Blend-A Multi Enzyme blend containing Amylase"", ""Protease"", ""Lactase"", ""paket & Cellulase. CONTAIN NON-CALORIC SWEETENER This contains Sucralose CONTAINS NATURALLY OCCURRING SUGARS'""]","[""milk""]",[],,
Raw peanut,good-life,plant-based-foods-and-beverages,0490008131941,,"[""1kg""]","[""RAW PEANUT""]","[""peanuts""]",[],,
Mik bread,golden-bite,plant-based-foods-and-beverages,8908002735055,,"[""450g""]","[""Refined Wheat Flour"", ""Water"", ""Vegetable Oil (Ram)"", ""Edible Common Salt"", ""Milk"", ""Class II Preservative (282)"", ""Acidity Regular (260)"", ""481(1)"", ""Antioxidant (300)"", ""Improver (1100).""]","[""gluten"", ""milk""]",[],,https://images.openfoodfacts.org/images/products/890/800/273/5055/front_en.6.400.jpg
Taaza,brooke-bond,beverages-and-beverages-preparations,8909106024434,,"[""33 g""]","[""Tea""]","[""-""]",[],,
Fortune Refined Soyabean Oil,fortune,plant-based-foods-and-beverages,8906007280105,,"[""15kg""]","[""REFINED SOYABEAN OIL"", ""Permitted Antioxidant TBHQ (E 319)""]","[""soybeans""]",[],,
Tops Tomato Ketchup,tops,plant-based-foods-and-beverages,8904288603613,,"[""850g""]","[""Water"", ""Tomato Paste&quot"", ""- 28%"", ""Sugar"", ""lodised Salt"", ""Thickeners (INS 1422"", ""INS 401"", ""INS 415)"", ""Acidity Regulator (INS 260)"", ""Onion Powder"", ""Garlic Powder"", ""Preservative (INS 211)"", ""Red Chilli Powder"", ""Spices & Condiments"", ""Antioxidant (INS 300).""]","[""-""]",[],,https://images.openfoodfacts.org/images/products/890/428/860/3613/front_en.3.400.jpg
Cow ghee,dodla,fats,8906024482049,,"[""500ml""]","[""Milk Fat""]","[""milk""]",[],,
Suchali's Artisan Sourdough Multigrain,suchali-s,plant-based-foods-and-beverages,8908018729017,,"[""600 g""]","[""Whole Wheat Flour"", ""White Flour"", ""Water"", ""Melon Seeds"", ""Flax Seeds"", ""Chia Seeds"", ""White Sesame Seeds"", ""Salt""]","[""gluten"", ""sesame seeds""]",[],,
Desi Gud Jaggery,dk-s,sweeteners,8908006734214,,"[""450g""]","[""Concentrated Sugarcane Juice.""]","[""-""]",[],,https://images.openfoodfacts.org/images/products/890/800/673/4214/front_en.3.400.jpg
cod liver oil capsules,sanofu,nutru-score,8901171090314,,"[""110""]","[""cod liver oil""]","[""-""]",[],,
Milano,parle,snacks,8901719115400,,"[""1""]","[""REFINED WHEAT FLOUR (MAIDA)"", ""CHOCOLATE (26 %) [SUGAR"", ""COCOA SOLIDS"", ""COCOA BUTTER"", ""DEXTROSE"", ""EMULSIFIER OF VEGETABLE ORIGIN (SOYA LECITHINI AND ARTIFICIAL FLAVOURING SUBSTANCES-VANILLA]"", ""REFINED PALM OIL"", ""SUGAR"", ""INVERT SUGAR SYRUP"", ""LIQUID GLUCOSE"", ""BUTTER"", ""RAISING AGENTS (503 500 . MILK SOLIDS"", ""COCOA SOLIDS (0.7 %)"", ""10DISED SALT AND EMULSIFIER OF VEGETABLE ORIGIN [DIACETYLTARTARIC AND FATTY ACID ESTERS OF GLYCEROLI. CONTAINS ADDED FLAVOURS ( ARTIFICIAL FLAVOURING SUBSTANCES - CHOCOLATE AND VANILLA)""]","[""gluten"", ""milk""]",[],,
Sandwich bread,english-oven,plant-based-foods-and-beverages,0922421029104,,"[""100g""]","[""Refined wheat flour (Maida)"", ""Water"", ""Yeast"", ""Sugar"", ""Edible Common Salt"", ""Edible Vegetable Oils(palm) Wheat Gluten"", ""Soya Flour"", ""CLASS II Preservative (282)"", ""Acidity Regulator (260)"", ""Emulsifier [471"", ""472e"", ""481(l)]"", ""Improvers [170(l)"", ""510"", ""923"", ""1100] and Antioxidant (300)""]","[""gluten"", ""soybeans""]",[],,https://images.openfoodfacts.org/images/products/092/242/102/9104/front_en.5.400.jpg
Honey,dabur,breakfasts,8901207025365,,"[""250""]","[""Honey (100%)""]","[""-""]",[],,
Classic Malt,Horlicks,beverages-and-beverages-preparations,8901030807176,,"[""500 g""]","[""Malt (66.7%) [Barley (32%)"", ""Wheat Flour (Atta)"", ""Wheat"", ""Millet]"", ""Milk Solids (14%)"", ""Sugar"", ""Wheat Gluten"", ""Minerals"", ""Edible lodized Salt"", ""Soy Protein Isolate"", ""Acidity Regulators [INS 501(ii)"", ""500(ii)]"", ""Vitamins. Allergen Information: Contains Wheat"", ""Barley"", ""Milk & Soy.""]","[""gluten"", ""milk"", ""soybeans""]",[],,
Crunchy Khara Ompudi,wellbe,hot-snack-with-fried-atta,8906115425221,,"[""30 g""]","[""Transfat""]","[""-""]",[],,
Sanjivani Tea,sanjivani,beverages-and-beverages-preparations,8908009247001,,"[""250g""]","[""Tea""]","[""-""]",[],,https://images.openfoodfacts.org/images/products/890/800/924/7001/front_en.3.400.jpg
Bottled water,parle,beverages-and-beverages-preparations,8902579107048,,"[""500 ml""]","[""PACKAGED DRINKING WATER""]","[""-""]",[],,
Pro Biotic Curd,milky-mist,dairies,8904083305071,,"[""1kg""]","[""Pasteurised Toned Milk"", ""Active Lactic Culture and Probiotic Culture (Bifidobacterium lactis & Lactobacillus acidophilus)""]","[""milk""]",[],,
Sugar free dark chocolate,amul,snacks,8901262070324,,"[""35g""]","[""Cocoa solids"", ""maltitol"", ""cocoa butter"", ""emulsifiers (322"", ""476)"", ""artificial flavouring substances (cocoa"", ""vanilla)""]","[""-""]",[],,https://images.openfoodfacts.org/images/products/890/126/207/0324/front_en.3.400.jpg
Vedaka Whole Cumin,vedaka,plant-based-foods-and-beverages,8903023003466,,"[""500g""]","[""Whole Cumin""]","[""-""]",[],,
Sapota,more,plant-based-foods-and-beverages,0000101481741,,"[""250g""]","[""Sapota""]","[""-""]",[],,
Schezwan classic chutney,dabur,plant-based-foods-and-beverages,06172282,,"[""250 g""]","[""Water"", ""Sugar"", ""Refined Sunflower Oil"", ""lodized Salt"", ""Onion"", ""Tomato Paste"", ""Garlic"", ""Chilli (2%)"", ""Thickener (INS 1422)"", ""Corn Starch"", ""Yeast Extract"", ""Flavour Enhancer (INS 635)"", ""Soya Sauce Powder [Anticaking Agent (INS 551)]"", ""Ginger"", ""Paprika Oleoresin"", ""Acidity Regulator (INS 260)"", ""Flavours Natural Flavouring Substances)"", ""Spices (White Pepper (0.1%) & Celery Seed Powder)"", ""Stabilizer (INS 415)"", ""Sichuan Pepper Powder"", ""Preservative (INS 211) and Colour (INS 150d).""]","[""celery"", ""soybeans"", ""sulphur dioxide and sulphites""]",[],,https://images.openfoodfacts.org/images/products/000/000/617/2282/front_en.3.400.jpg
Soulfull Millet muesli,tata,plant-based-foods-and-beverages,8906113490894,,"[""1 kg""]","[""Rolled Oats (35%)"", ""Whole Wheat Flakes (20%)"", ""Millets (16%) [Ragi (9.7%)"", ""Jowar (6.3%)]"", ""Refined Sugar"", ""Corn Flakes (5%)"", ""Invert Sugar Syrup"", ""Almond (3%)"", ""Raisins (3%)"", ""Honey (1.3%)"", ""Malt Extract"", ""Wheat Bran"", ""Edible Vegetable Oil (Palmolein)"", ""Emulsifier (INS 322(i))"", ""lodised Salt"", ""Anticaking Agent (INS 170(i))"", ""Natural Flavour"", ""Antioxidant (INS 320). ALLERGENS: Contains Nut"", ""Oats"", ""Soy"", ""Wheat.""]","[""gluten"", ""nuts"", ""soybeans""]",[],,
Haldiram moong dal,haldiram,plant-based-foods-and-beverages,8904004403732,,"[""200 g""]","[""Split Pulse Moong (Moong Dal) (77%)"", ""Refined Cotton Seed Oil & lodised Salt.""]","[""-""]",[],,
Shrikhand,amul,dairies,8901262040013,,"[""500g""]","[""Milk solids"", ""sugar"", ""elaichi powder (0.1%)""]","[""milk""]",[],,https://images.openfoodfacts.org/images/products/890/126/204/0013/front_en.3.400.jpg
Enchanteur Alluring Perfumed Talc,enchanteur,talcom-powder,8888202026422,,"[""250 g""]","[""Talc"", ""Fragrance.""]","[""-""]",[],,
British Biologicals D-Protin,british-biologicals,dietary-supplements,8906011145315,,"[""500 g""]","[""Skimmed milk powder"", ""Maltodextrin"", ""Soy protein isolate"", ""Inulin (Dietary fibre). Oleic sunflower oil powder"", ""Natural cocoa powder"", ""Evening primrose oil powder"", ""Minerals"", ""DHA rich algal oil powder"", ""Vitamins"", ""Sucralose""]","[""milk"", ""soybeans""]",[],,
Balaji Farali Chivda,balaji-namkeen,snacks,8906010500078,,"[""22g""]","[""POTATO (75%) ROASTED PEANUT (12%)"", ""EDIBLE VEGETABLE OIL"", ""SUGAR"", ""ROCK SALT"", ""SPICES & CONDIMENTS (CHILLI"", ""TURMERIC"", ""DRY MANGO"", ""CLOVE"", ""CAROM SEED"", ""CARDAMOM NUTMEG"", ""MACE"", ""BAY LEAVES).""]","[""peanuts""]",[],,https://images.openfoodfacts.org/images/products/890/601/050/0078/front_en.5.400.jpg
Amul Buttermilk,amul,dairies,8901262201995,,"[""310ml""]","[""Milk solids"", ""water"", ""active culture"", ""probiotic strain (Bifidobacterium lactis)""]","[""milk""]",[],,
Double choco Brownie caké,lavian,snacks,9551285288269,,"[""1 Quantity, 21g weight""]","[""product contains SORBITOL""]","[""-""]",[],,
Mother Dairy Super-T Milk,mother-dairy,dairies,8901648922827,,"[""500ml""]","[""Milk Solids"", ""Vitamin A"", ""Vitamin D2""]","[""milk""]",[],,https://images.openfoodfacts.org/images/products/890/164/892/2827/front_en.3.400.jpg
GIPPI masala noodles,balaji,plant-based-foods-and-beverages,8906010503581,,"[""420g""]","[""NOODLES: REFINED WHEAT FLOUR (MAIDA)"", ""EDIBLE VEGETABLE OIL (PALMOLEIN"", ""RICE BRAN)"", ""EDIBLE COMMON SALT"", ""WHEAT GLUTEN"", ""THICKENER (INS 412)"", ""ACIDITY REGULATOR (INS 500 (1))"", ""EMULSIFIER (INS 451)"", ""MINERAL (CALCIUM CARBONATE). 2 - YUMY MASALA: MIXED SPICES (24%): (CORIANDER (11%)"", ""ONION (4%)"", ""CHILLI (3%)"", ""TURMERIC (1%)"", ""CUMIN (1%)"", ""GARLIC (1%)"", ""BLACK PEPPER (0.9%)"", ""ANISEED (0.9%)"", ""GINGER (0.5%)"", ""NUTMEG (0.3%)"", ""CINNAMON (0.2%)"", ""CLOVE (0.2%)"", ""CARDAMOM (0.1%)"", ""FENUGREEK (0.1%)"", ""MACE (0"", ""1))"", ""HYDROLYZED VEGETABLE PROTEIN (PEANUT)"", ""EDIBLE COMMON SALT"", ""REFINED WHEAT FLOUR CIMAIDA)"", ""EDIBLE STARCH"", ""SUGAR"", ""EDIBLE VEGETABLE OIL(SUNFLOWER)"", ""ACIDITY REGULATOR (INS 330"", ""INS 500(11))"", ""FLAVOUR ENHANCER (INS 635)"", ""NATURAL & NATURE IDENTICAL FLAVOURING SUBSTANCES (MASALA"", ""ONION) NOODLES AND YUMMY MASALA: PRECOOKED PASTA & NOODLES & LIKE PRODUCTS. ALLERGEN ADVICE: CONTAINS WHEAT FLOUR"", ""WHEAT GLUTEN"", ""SOY AND PEANUT.""]","[""gluten"", ""peanuts"", ""soybeans""]",[],,
groundnut oil,svs,oil,8908002023015,,"[""1litre""]","[""REFINED GROUNDNUT OIL""]","[""-""]",[],,
White Sesame Seeds,nutraj,plant-based-foods-and-beverages,8906019778898,,"[""100g""]","[""White Sesame Seeds""]","[""sesame seeds""]",[],,https://images.openfoodfacts.org/images/products/890/601/977/8898/front_en.3.400.jpg
Sesame Seeds,popular-essentials,plant-based-foods-and-beverages,8900104644662,,"[""100g""]","[""Sesame Seeds""]","[""sesame seeds""]",[],,
Googly biscuit,bisk-farm,snacks,8901928350456,,"[""10 biscuits & 35 gram""]","[""REFINED WHEAT FLOUR (MAIDA) (61.11%)"", ""SUGAR (20.18%)"", ""EDIBLE VEGETABLE OIL (PALM"", ""PALMOLEIN)"", ""MILK SOLIDS"", ""EDIBLE STARCH (CORN)"", ""CUMIN BLACK (KALONJI) (0.73%)"", ""CORIANDER (DHANIA)"", ""CHILLI POWDER (LAL MIRCHI)"", ""DRIED MANGO POWDER"", ""SALT"", ""ACIDITY REGULATOR (330)"", ""RAISING AGENTS [500"", ""503)"", ""EMULSIFIERS [322"", ""414"", ""472(e)]"", ""DOUGH CONDITIONER (223)"", ""DISPERSING AGENT (1520). ANTICAKING AGENT (551) AND ANTIOXIDANT (319) CONTAINS ADDED FOOD COLOUR(102) AND ADDED FLAVOUR (FRUIT) (NUMBERS IN BRACKETS ARE AS PER INTERNATIONAL NUMBERING SYSTEM) CONTAINS WHEAT"", ""MILK AND SOY HYPERSENSITIVE INGREDIENTS""]","[""gluten"", ""milk""]",[],,
Myfitness Original Peanut Butter (Smooth),myfitness,plant-based-foods-and-beverages,8904327600382,,"[""510 g""]","[""Roasted Peanuts"", ""Brown Sugar"", ""Pink Himalayan Salt"", ""Permitted Stabilizing Agent (INS 471)""]","[""peanuts""]",[],,https://images.openfoodfacts.org/images/products/890/432/760/0382/front_en.3.400.jpg
Nimbooz,7up,beverages-and-beverages-preparations,8902080334179,,"[""350ml""]","[""WATER"", ""SUGAR"", ""CONCENTRATED LEMON JUICE (0.7%). ACIDITY REGULATORS (331)"", ""296"", ""330)"", ""FLAVOUR (NATURAL FLAVOURING SUBSTANCES)"", ""IODISED SALT"", ""STABILIZER (445)"", ""PRESERVATIVE (202). EQUIVALENT TO 5% LEON JUICE (RECONSTITUTED) NUTRITIONAL INFO ATIONA Serve Size: 200 ml"", ""18 Energy Protein FOR MANUFACTURER DETAILS"", ""in this pack SEE FIRST ONE LETTER/TWO Pe% RDA 100 ml Per Serve""]","[""-""]",[],,
Shing Bhujia,balaji,snacks,8906010500290,,"[""210g""]","[""PEANUT (63%)"", ""CHICKPEA FLOUR (13%)"", ""EDIBLE VEGETABLE OIL (PALMOLEIN RICE BRAN)"", ""CORN FLOUR"", ""BLACK GRAM FLOUR"", ""SPICES & CONDIMENTS 2% (CHILLI"", ""BLACK PEPPER"", ""GINGER"", ""DRY MANGO"", ""CLOVE"", ""CAROM SEEDS"", ""TAMARIND)"", ""EDIBLE COMMON SALT"", ""ACIDITY REGULATOR (INS 330).""]","[""peanuts""]",[],,
limca,coco-cola,beverages-and-beverages-preparations,89000601,,"[""500ml""]","[""CARBONATED WATER"", ""SUGAR"", ""ACIDITY REGULATORS (330"", ""331(iii))"", ""STABILIZERS 14"", ""471 PRESERVATIVE (211)"", ""FLAVOURS (NATURAL"", ""NATURE-IDENTICAL & ARTIFICIAL (LEMON) FLAVOURING SUBSTANCES).""]","[""-""]",[],,https://images.openfoodfacts.org/images/products/000/008/900/0601/front_en.3.400.jpg
Pintola peanut butter Dark Chocolate,pintola,plant-based-foods-and-beverages,8908010900230,,"[""1kg""]","[""Peanuts (68%)"", ""Dark Chocolate (30%) (Sugar Cocoa Solids"", ""Cocoa butter"", ""Emulsifier (INS 322)}"", ""Stabilizer (INS471)""]","[""peanuts""]",[],,
Ketofy Zero Sugar,wellversed,sweeteners,0787099822569,,"[""400g""]","[""Erythritol"", ""Steviol glycoside"", ""Monkfruit juice concentrate""]","[""-""]",[],,
Vedaka Carom (Ajwain),vedaka,condiments,8903023005255,,"[""100g""]","[""Carom (Ajwain)""]","[""-""]",[],,https://images.openfoodfacts.org/images/products/890/302/300/5255/front_en.3.400.jpg
Britannia Pav,britannia,plant-based-foods-and-beverages,8901063338494,,"[""200g""]","[""REFINED WHEAT FLOUR (MAIDA)"", ""WATER"", ""SUGAR"", ""REFINED PALMOLEIN OIL"", ""YEAST"", ""IODISED SALT"", ""SOYA FLOUR"", ""PRESERVATIVE (282)"", ""VITAL GLUTEN"", ""EMULSIFIER (472e)"", ""ACIDITY REGULATOR (260)"", ""FLOUR TREATMENT AGENT (510)"", ""IMPROVERS (1100(1)"", ""1102"", ""1104 & XYLANASE) AND ANTIOXIDANT (300)""]","[""gluten"", ""soybeans""]",[],,
MYPROTEIN Impact Whey Protein Strawberry Cream,MYPROTEIN,dietary-supplements,5056185745231,,"[""2.5kg""]","[""Whey Protein Concentrate (Emulsifiers (Sunflower Lecithin and Soy Lecithin)) (98%)"", ""Artificial Flavour (Strawberry Cream)"", ""Beetroot Concentrate (Carrier (Maltodextrin)"", ""Acidity regulator (Citric acid))"", ""Sweetener (Sucralose).""]","[""milk"", ""soybeans""]",[],,
Tropicana Fruitz,pepsico,beverages-and-beverages-preparations,8902080002771,,"[""500ml""]","[""WATER"", ""SUGAR"", ""CONCENTRATED MIXED FRUIT JUICE 2.5% (FROM APPLE"", ""MANGO"", ""GUAVA"", ""ORANGE BANANA"", ""APRICOT"", ""PEACH) ACIDITY REGULATORS (330"", ""331(iii))"", ""STABILIZERS (466"", ""440)"", ""FLAVOUR (NATURAL AND NATURE IDENTICAL FLAVOURING SUBSTANCES)"", ""PRESERVATIVE (202)"", ""COLOUR (160a(i)).""]","[""peach""]",[],,
Patanjali Chyawanprash,patanjali,dietary-supplements,8904422700765,,"[""Net Quantityt: 1kg""]","[""Each 10 g Contains: Amla Paste (Emblica officinalis"", ""Fr) 5.34 Sup Saccharum officinarum"", ""St.) 2.08g"", ""Ghritam 0.27g"", ""Sesame oil 0.27g"", ""Honey 027 Extra the following-Bilva (Aegle marmelos"", ""Bk.) 45mg"", ""Agnimantha (Premna integrifolia"", ""Bk.) Sing S Dylum indicum"", ""Bk.) 45 g"", ""Kasmarya (Gmelina arborea"", ""Bk.) 45mg"", ""Patala (S saveolens"", ""Bk.) 45 mg"", ""Bala (Sida cordifolia"", ""Rt.) 45mg"", ""Salapani (Desmodium gange ng Prisnipami (Uraria picta"", ""WI. PI.) 45mg"", ""Masapa. Teramnus labialis"", ""WL P chebula"", ""Fr. R.) 45mg"", ""Amrita (Tinospora cordifolia"", ""St.) 45mg"", ""Riddhi (Habenaria intermedia Phylanthus niruri"", ""WI. PI.) 45mg"", ""Draksa (Vitis vinifera"", ""Fr.) 45mg"", ""Jivanti (Leptadenia reticu ing Puskara (Iris germanica"", ""Rt.) 45mg"", ""Aguru (Aquilaria agallocha"", ""Ht.Wd.) 45mg"", ""Abhaya Scatum"", ""Rz.) 45mg"", ""Musta (Cyperus rotundus"", ""Rt. Tr.) 45mg"", ""Punarnava (Boerhaavia diffusa R Neda (Polygonatum cirrhifolium"", ""Rz.) 45mg"", ""Suksmaila (Elettaria cardamomum"", ""F) 45ng Wanyia annua"", ""Fr.) 45mg"", ""Prakshep dravya derived from the following - Vanshlochana Nymphaea stellata"", ""Fl.) 45mg"", ""Candana (Pterocarpus antalinus"", ""Ht.Wd.) 45mg"", ""Vidar P berosa"", ""RL) 45mg"", ""Vrisa (Adhatoda vasica"", ""Rt.) 45mg"", ""Kakoli (Roscoea procera"", ""Rt.) 45mg Ka Caramomum tamala"", ""Lf.) 45 mg"", ""Nagkesara (Mesua ferrea"", ""Fl.) 45 mg janicum"", ""St. Bk.) 45mg"", ""Small Cardamom (Elettaria cardamomum"", ""Fr.) 45mg"", ""Cass dinacia"", ""S.C.) 180mg"", ""Sm Pepper (Piper longum"", ""Fr.) 90mg"", ""Cinnamon bark (Chas Mon:Useful in Rasayan. निर्देश: रसायन में उपयोगी है। Take 1-2 teaspoonful daily or d by phys Physician. Not To be Consumed By Diabetic Patients. Consume within 90 days. L&dry place. Net Quantity: Batch No. Mfg. Date 1 kg ADC 03""]","[""sesame seeds""]",[],,https://images.openfoodfacts.org/images/products/890/442/270/0765/front_en.13.400.jpg
Threptin Diskettes,threptin,snacks,8901401000465,,"[""275g""]","[""Casein"", ""Sucrose"", ""Precooked Rice Flour"", ""Edible Vegetable Fat"", ""Malt Ext Bengal Gram"", ""Raising Agent [500 (ii)]"", ""Natural Colour (150 c)"", ""Emulsifier (322)"", ""Vitamins Antioxidant (304). CONTAINS PERMITTED NATURAL COLOUR AND ADDED ARTIFICIAL FLAVOURING SUBSTANCES (VANILLA-BUTTERSCOTCH). Contains: Soy APPROXIMATE COMPOSITION (per 100 g) Protein (mainly Casein)  g Carbohydrate""]","[""milk""]",[],,
Godrej Jersey Full Cream Milk,godrej,dairies,8906016410029,,"[""500ml""]","[""Milk solids"", ""Vitamin A (Retinyl palmitate)"", ""Vitamin D2 (Ergocalciferol)""]","[""milk""]",[],,
haldirams mixture 200 gram,haldiram,fried-snack,8904004400939,,"[""200g""]","[""Split Pulse Bengal Gram (Chana Dal)"", ""Refined Palmolein Oil"", ""Bengal Gram Flour (Besan) (10%)"", ""Red Lentils (Masur Whole) (8%)"", ""Groundnut (Peanuts) (7%)"", ""Potato"", ""Rice Flakes"", ""Spinach"", ""Edible Common Salt"", ""Red Chilli Powder"", ""Acidity Regulator (INS 330)"", ""Black Salt"", ""Black Pepper"", ""Pipal"", ""Coriander Powder"", ""Dried Ginger Powder"", ""Clove Powder"", ""Cumin Powder"", ""Nutmeg"", ""Bay Leaf"", ""Turmeric Powder"", ""Dried Mango Powder"", ""Fennel Seed"", ""Cinnamon"", ""Garlic Powder"", ""Hydrolysed Vegetable Protein (Soya)"", ""Colour (INS 141) & Asafoetida. Allergen: Contains Peanuts & Soy May Contains Wheat"", ""Almond"", ""Cashew"", ""Milk"", ""Sesame Seed & Mustard Seed""]","[""milk"", ""nuts"", ""peanuts"", ""soybeans""]",[],,https://images.openfoodfacts.org/images/products/890/400/440/0939/front_en.3.400.jpg
Natureland Organics Barley Dalia,natureland,plant-based-foods-and-beverages,8906066851452,,"[""500Gm""]","[""BARLEY""]","[""gluten""]",[],,
Sweet Lassi,thirumala,beverages-and-beverages-preparations,8906023647845,,"[""160 ml""]","[""Milk solids"", ""sugar syrup"", ""contains added artificial food flavour. Contains: Milk.""]","[""milk""]",[],,
BROWN POLSON CORN STARCH,brown-polson,plant-based-foods-and-beverages,8901030518591,,"[""100""]","[""cornflour""]","[""-""]",[],,https://images.openfoodfacts.org/images/products/890/103/051/8591/front_en.11.400.jpg
Pav bhaji masala,everest,masala,8901786070503,,"[""50g""]","[""Chilli"", ""Coriander"", ""Cumin"", ""Dry Mango"", ""Cassia Leaf"", ""Black Pepper"", ""Cassia"", ""Clove"", ""Turmeric"", ""Dry Ginger"", ""Star anise"", ""Fennel"", ""Black Cardamom and Common Salt.""]","[""-""]",[],,
Hing,catch,plant-based-foods-and-beverages,8901192226051,,"[""50g""]","[""white flour"", ""asafoetida"", ""edible gum"", ""wheat flour 55% approx.""]","[""gluten""]",[],,
dairy milk silk,cadbury,silk-heart-pop,7622201808013,,"[""250g.""]","[""sugar milk solids 25% cocoa butter cooker solids emulsifier (442"", ""476""]","[""-""]",[],,
Fortune Kabuli Chana Whole,fortune,plant-based-foods-and-beverages,8906008815184,,"[""500g""]","[""Kabuli Chana Whole""]","[""-""]",[],,
Popular's Maruti curstless sandwich bread,popular-s-maruti,plant-based-foods-and-beverages,8908010525037,,"[""300g""]","[""Wheat Flour (Atta)"", ""Refined Wheat Flour (Maida)"", ""Sugar"", ""Yeast"", ""lodized Salt"", ""Soya Flour"", ""Corn Flour"", ""Wheat Gluten"", ""Edible Vegetable Oil (Palm)"", ""Class II Preservatives (282)"", ""Emulsifier (481)"", ""Acidity Regulator (260)"", ""Vitamin C (300)"", ""Improvers (1100"", ""1102"", ""1104)"", ""Flour Treatment Agent (510)"", ""(Numbers referred above are as per the International Numbering System) CONTAINS SOYA & WHEAT GLUTEN""]","[""gluten"", ""soybeans""]",[],,
Bournvita,cadbury,beverages-and-beverages-preparations,7622202303968,,"[""20 g""]","[""Cereal Extract (Barley"", ""Millets"", ""Wheat) 56%"", ""Sugar"", ""Cocoa Solids"", ""Maltodextrin"", ""Colour (150c)"", ""Minerals"", ""Wheat Gluten"", ""Liquid Glucose"", ""Emulsifiers (322"", ""471)"", ""Vitamins"", ""Raising Agent (500)"", ""Milk Solids"", ""Flavours (Natural"", ""Nature Identical"", ""and Artificial (Vanilla) Flavouring Substances)"", ""Iodised Salt.""]","[""gluten"", ""milk""]",[],,https://images.openfoodfacts.org/images/products/762/220/230/3968/front_en.7.400.jpg
Heritage probiotic curd,heritage,dairies,8904089920551,,"[""400g""]","[""Pasteurised Toned Milk"", ""Active Lactic Cultures and Probiotic Cultures (L Acidophilus"", ""B Bacterium) viable count 10 CFU (Colony forming units)/day based on recommended servings.""]","[""-""]",[],,
BB Royal Organic Toor Dal,bb-royal,toor-dal,40072494,,"[""1kg""]","[""Toor Dal""]","[""-""]",[],,
Baidyanath Siddhayu Noni+ Juice,baidyanath-siddhayu,juices,8901220004804,,"[""500ml""]","[""Noni (Morinda citrifolia"", ""Fr.) Juice - 97ml"", ""Garcinia (Garcinia (cambogia"", ""Fr.) Juice - 1ml"", ""Ashwagandha (Withania somnifera"", ""Pt) Juice - 1ml"", ""Preservatives & Excipients (E-330 - Q.S."", ""E-21 - Q.S."", ""E-202 - Q.S."", ""E-15od-Q.S.)""]","[""-""]",[],,https://images.openfoodfacts.org/images/products/890/122/000/4804/front_en.14.400.jpg
Popular Coriander (Dhaniya Seeds),popular,beverages-and-beverages-preparations,8906108302478,,"[""200g""]","[""Coriander (Dhaniya Seeds)""]","[""-""]",[],,
Rolled Oats,yoga-bar,plant-based-foods-and-beverages,8904335600800,,"[""400g""]","[""100% Golden Rolled Oats.""]","[""-""]",[],,
Haldiram Phulhari chiwda@5 Case 300 str12*25,haldiram,a,8904004402216,,"[""3738 pices""]","[""Apple""]","[""apple""]",[],,
grb pure ghee,-,dairies,8906010360115,,"[""500ml""]","[""Milk Fat Nutrition Facts Serving size 1 tbsp (14g) 32.5 Servings per container Calories Amount per Serving Total Sugars Og Dietary Fiber Og Sodium Org Total Carbohydrate Og Cholesterol 28mg Trans Fat Og Total Fat 14g Saturated Fat 9g % Daily value* 126 18% 45% 33333 Includes Og Added Sugars 0% Protein Og Iron 0mg Potassium Omg Calcium Omg Vitamin D 0mcg &quot"", ""The % Daily Value (DV) tells you how much rent in a serving of food contributes to a dally 2"", ""000 calories a day is used for geral nutrition advice Lot No: 4121224 MFD: Use by: 10.04.2025 BROUCHER TRI YOU BY B TY LTD 8 906010 360115 DOWNS. UIC 3201 com.au Keep your city clean""]","[""-""]",[],,https://images.openfoodfacts.org/images/products/890/601/036/0115/front_en.3.400.jpg
Amul Stirred Fruit Yogurt Strawberry,amul,dairies,8901262201896,,"[""100g""]","[""Toned milk"", ""strawberry fruit preparation (13%) [strawberry"", ""sugar"", ""water"", ""thickener (E440)"", ""acidity regulator (E330)"", ""natural flavouring substances"", ""colour (E124)]"", ""milk solids"", ""sugar"", ""active culture""]","[""milk""]",[],,
The Whole Truth Coffee Cocoa,the-whole-truth,snacks,8906143891296,,"[""67g""]","[""coffee"", ""cocoa powder"", ""cocoa butter"", ""dates"", ""cashews"", ""almonds and whey.""]","[""milk"", ""nuts""]",[],,
maggi,Maggi,condiments,8901058001181,,"[""1 kg""]","[""Water"", ""Tomato paste (24.5%)"", ""Sugar"", ""lodized salt"", ""Acidity regulator (260)"", ""Thickeners (1422 & 415)"", ""Dehydrated onion"", ""Dried garlic"", ""Preservative (211) and Mixed spices.""]","[""-""]",[],,https://images.openfoodfacts.org/images/products/890/105/800/1181/front_en.17.400.jpg
Curd,heritage,dairies,8904089923682,,"[""400 g""]","[""Pasteurised Toned Milk & Active Lactic Cultures""]","[""-""]",[],,
Electrokem,schreiber-dynamix-dairies,beverages-and-beverages-preparations,8902269520263,,"[""200ml""]","[""Water"", ""Sugar"", ""Orange Juice Concentrate (1.75%*)"", ""Dextrose"", ""Acidity Regulator (INS 330)"", ""Sodium Citrate (0.29%)"", ""Potassium Chloride (0.15%)"", ""Sodium Chloride (0.125%)"", ""Magnesium Sulphate (0.05%)"", ""Taurine (0.04%)"", ""Calcium lactate (0.04%)"", ""Ascorbic acid"", ""Zinc Sulphate (0.0022%)"", ""Flavours (Nature Identical Flavouring Substances)"", ""Colour (INS 110)""]","[""-""]",[],,
Max Protein Daily Choco Almond,ritebite,snacks,8906009532172,,"[""50g""]","[""Protein Blend (29%) (Soy Nuggets"", ""Whey Protein Concentrate"", ""Calcium Caseinate"", ""Soy Concentrate)"", ""Dietary Fiber (16%) (Fructooligosacharide"", ""Chicory Root Fiber)"", ""Dark Compound No Added Sugar (19%) (Maltitol"", ""Edible Vegetable Oil"", ""Cocoa Solids"", ""Emulsifier (Soy Lecithin)"", ""Maltitol"", ""Whole Grain Rolled Oats (8%)"", ""Almonds (7%)"", ""Brown Rice Crispy"", ""Edible Vegetable Oil (High Oleic Sunflower Oil)"", ""Humectant (Glycerine)"", ""Cocoa Powder"", ""Cocoa Mass"", ""Flaxseeds"", ""Tribasic Calcium Phosphate"", ""Emulsifier (Soy Lecithin)"", ""Binding Agent (Guar Gum)"", ""Soy Protein Isolate"", ""Salt and Citric Acid"", ""Antioxidants (Vitamin C)"", ""Added Vitamins and Minerals"", ""Glutamine and Amino Acids.""]","[""milk"", ""nuts"", ""soybeans""]",[],,https://images.openfoodfacts.org/images/products/890/600/953/2172/front_en.6.400.jpg
Horlicks Lite Regular Malt Flavour,Horlicks,beverages-and-beverages-preparations,8901030903380,,"[""1kg""]","[""Cereal Extract (65%) [Barley (37%)"", ""Wheat (15%)"", ""Malted Barley (12%)"", ""Wheat Malt (1%)]"", ""Milk Solids (17%)"", ""Corn Solids (Hydrolyzed)"", ""Minerals"", ""1 Soy Protein Isolate"", ""Wheat Gluten"", ""Nature Identical Flavouring Substances"", ""Vitamins"", ""Edible lodized Salt"", ""Non-Caloric Sweetener [INS 950]"", ""Natural Flavour.""]","[""gluten""]",[],,
A2 Buffalo Milk,sid-s-farm,dairies,8905694508257,,"[""500ml""]","[""Milk""]","[""milk""]",[],,
munch crunchilious cereal,Nestlé,plant-based-foods-and-beverages,8901058012897,,"[""18""]","[""Whole wheat flour (Atta) (48.8%)"", ""Sugar"", ""Rice Flour (9.6%)"", ""Degermed maize (Corn) grits (5.7%)"", ""Cocoa Solids (5.5%)"", ""Glucose Syrup"", ""Minerals"", ""Palm oil"", ""Nature-Identical Flavouring Substances"", ""lodized Salt"", ""Vitamins and Antioxidant (307b). Allergen Note: Contains Wheat and Sulphite. May contain Milk Oat"", ""Soy"", ""Barley"", ""Nut"", ""Mustard"", ""Celery"", ""Sesame and Lupin.""]","[""gluten"", ""sulphur dioxide and sulphites""]",[],,https://images.openfoodfacts.org/images/products/890/105/801/2897/front_en.3.400.jpg
nutri mix,little-joys,milk-mix,4906434401375,,"[""350 g""]","[""Protein Blend (Skim Milk Powder"", ""Milk Permeate Powder"", ""Pea Protein Isolate"", ""Brown Rice Protein Isolate"", ""Almond Powder"", ""Walnut Powder"", ""Moong Dal Powder)"", ""Sweetener Blend (Dates Powder"", ""Barley Cereal Extract Jaggery Powder)"", ""Cocoa Powder"", ""Fiber Blend (Oats Flour"", ""Chia Seeds Powder"", ""Flaxseed Powder"", ""Rogi & Bajra Flour)"", ""Nature Identical Flavour (Chocolate)"", ""Algal DHA (Docosahexaenoic Acid)"", ""Digestion Blend Probiotics (Lactobacillus acidophilus"", ""Bifidobacterium infantis Bifidobacterium bifidum"", ""Bacillus coagulans"", ""Lactobacillus rhamnosus)"", ""Digezyme (a-amylase"", ""Protease"", ""Lipase"", ""Cellulase and Lactose)). Minerals (Calcium (Tribasic Calcium Phosphate)"", ""Phosphorous (Potassium Phosphate)"", ""Potassium (Potassium Phosphate)"", ""Sodium (Sodium Chloride) Magnesium (Magnesium Oxide)"", ""Zinc (Zinc Sulphate)"", ""Manganese (Manganese Sulphate)"", ""lodine (Potassium lodate)"", ""Selenium (Sodium Selenate)"", ""Chromium (Chromium Chloride))"", ""Vitamins (Vitamin C (Ascorbic Acid)"", ""Vitamin E (D-alpha Tocopheryl Acetate)"", ""Vitamin B3 (Nicotinamide)"", ""Vitamin B5 (Calcium D-Pantothenate)"", ""Vitamin B6 (Pyridoxine HC)"", ""Vitamin B2 (Riboflavin)"", ""Vitamin B1 (Thiamine HCI)"", ""Vitamin A (Retinyl Palmitate). Vitamin B9 (Folic Acid)"", ""Vitamin K2-7 (Menaquinone-7)"", ""Biotin (D-Biotin). Vitamin D3 (Cholecalciferol - Veg Lichen)"", ""Vitamin B12 (Cyanocobalamin ALLERGENS: Contains Milk"", ""Nuts"", ""Barley and Oats. Storage: This pack is supposed to be kept sealed. Once the pack has been opened"", ""the contents should be used within 5 weeks. For extra protection continue to keep the contents inside the pack. After use"", ""seal away the pack.""]","[""gluten"", ""milk"", ""nuts""]",[],,
Mix Fruit Jam,chitale,plant-based-foods-and-beverages,8904025401113,,"[""200g""]","[""Sugar"", ""Mix Fruits Pulp / Juice - 46% (Strawberry Pulp"", ""Banana Pulp"", ""Papaya Pulp"", ""Mango Pulp"", ""Orange Juice"", ""Pineapple Juice"", ""Grape Juice"", ""Guava Pulp)"", ""Thickener (INS 440)"", ""Acidity Regulator (INS 330)"", ""PRESERVATIVE (INS 211) CONTAINS PERMITTED SYNTHETIC FOOD COLOUR (INS 127)"", ""(INS 122) & ADDED FLAVOUR - NATURE IDENTICAL MIX FRUIT AND ARTIFICAL RASPBERRY FLAVOURING SUBSTANCE""]","[""-""]",[],,
Packged drinking water,aqua-sip,waters,8908007153007,,"[""1 ltr""]","[""Water""]","[""-""]",[],,https://images.openfoodfacts.org/images/products/890/800/715/3007/front_en.3.400.jpg
Anmol Gold,dabur,plant-based-foods-and-beverages,8901207034459,,"[""900ml""]","[""Coconut Oil""]","[""-""]",[],,
oziva protein and herbs,oziva,dietary-supplements,8908009918284,,"[""500g""]","[""Ultrafiltered Whey Protein Concentrate (89.76%)"", ""Cross Flow Filtered Whey Isolate (1.00%)"", ""Natural & Nature-Identical Flavouring Substances (Vanilla"", ""Almond & others)"", ""Vitamins & Minerals Blend (2.55%)"", ""Herbs Blend [Shatavari Root Extract (0.94%)"", ""Flax Seed Extract (0.31%)"", ""Green Tea Powder (0.22%)"", ""Tulsi Leaf Extract (0.16%)"", ""Cinnamon Bark Extract (0.09%)"", ""Curcumin Extract (0.06%)]"", ""Carica Papaya (Standardised for Papain) (0.30%)"", ""Pineapple Stem (Standardised for Bromelain) (0.30%)"", ""Xanthan Gum (Thickener (INS 415)]"", ""Natural Sweetener [Stevia (INS 960)]. CONTAINS NATURALLY OCCURRING SUGARS CONTAINS NON-CALORIC SWEETENER wwwed det. Images used are for ad to dagnose"", ""treat"", ""cure or widely and people with with profesionals before use. ARKETED BY Ventures Pvt Ltd. Sah Singh Estate"", ""Caves Rd"", ""Mumbai-400060 Issat Lic. No: 11516005000572 MADE IN INDIA ALLERGEN INFO: Contains milk. Made in a facility that also processes wheat & soy products. NUTRACEUTICAL NOT FOR MEDICINAL USE HOWT ENJOY FOR REAL Contact Eimal Damne Not wit""]","[""milk"", ""nuts""]",[],,https://images.openfoodfacts.org/images/products/890/800/991/8284/front_en.3.400.jpg
multivitamin gummies,what-s-up-wellness,gummies,8908016363039,,"[""30""]","[""Docosahexaenoic acid(DHA)"", ""Vitamin C Choline"", ""Vitamin E. Inositol"", ""Zinc"", ""Vitamin B6. Vitamin B5. Folate"", ""Vitamin A"", ""lodine"", ""Vitamin D3"", ""Biotin"", ""Vitamin K2 Vitamin B12"", ""Sucrose"", ""Glucose"", ""Stabilizer"", ""Binding Agent (INS 440)"", ""Anti-oxidant (INS 330). Acidity regulator (INS 331(W)) CONTAINS NATURAL FLAVOURING(ORANGE) SUBSTANCES AND NATURAL COLOURING SUBSTANCES.""]","[""orange""]",[],,
Protinex,Danone,dietary-supplements,8906048501672,,"[""18g""]","[""SKIMMED MILK POWDER"", ""MALTODEXTRIN"", ""SOY PROTEIN ISOLATE"", ""MINERALS (DI CALCIUM PHOSPHATE"", ""FERRIC PYROPHOSPHATE"", ""ZINC SULPHATE"", ""POTASSIUM IODIDE)"", ""NATURE IDENTICAL FLAVOURING SUBSTANCES"", ""STABILIZER (GUAR GUM)"", ""VITAMINS (CHOLINE BITARTRATE"", ""ASCORBIC ACID"", ""DL-ALPHA TOCOPHERYL ACETATE"", ""NICOTINAMIDE"", ""RETINYL ACETATE"", ""ERGOCALCIFEROL"", ""THIAMINE HYDROCHLORIDE"", ""CALCIUM PANTOTHENATE"", ""RIBOFLAVIN"", ""PYRIDOXINE HYDROCHLORIDE"", ""FOLIC ACID"", ""D-BIOTIN)"", ""SWEETENER (SUCRALOSE)""]","[""milk"", ""soybeans""]",[],,
tomato sauce,troovy,condiments,8908018651189,,"[""220g""]","[""Water"", ""Tomato (18%)"", ""Vegetables (Pumpkin"", ""Carrot"", ""Sweet Potato"", ""Onion"", ""Green Peas"", ""Garlic)"", ""Jaggery"", ""(Natural) Vinegar"", ""lodised Salt"", ""Soya Flour"", ""Cornstarch"", ""Spices"", ""Natural Colour (extracted from paprika) Allergen Information: Contains Soy CONTAINS PERMITTED NATURAL COLOUR""]","[""soybeans""]",[],,
Cadbury Dairy Milk,cadbury,snacks,7622202346385,,"[""100g""]","[""Sugar"", ""Milk Solids (23%*)"", ""Cocoa Butter"", ""Cocoa Solids"", ""Fractionated Fat"", ""Emulsifiers (442"", ""476)"", ""Flavours (Natural"", ""Nature Identical and Artificial (Vanilla) Flavouring Substances). CONTAINS COCOA BUTTER EQUIVALENT IN ADDITION TO COCOA BUTTER Allergen Information: Contains Milk"", ""Soy May Contain Tree Nuts"", ""Wheat"", ""Barley""]","[""milk"", ""soybeans""]",[],,https://images.openfoodfacts.org/images/products/762/220/234/6385/front_en.10.400.jpg
milkmix,troovy,milkmix,8908018651295,,"[""200g""]","[""Protein blend (Corn"", ""Pea protein"", ""Barley malt extract"", ""Milk solids"", ""Ragi"", ""Jowar"", ""Amaranth"", ""Flax seeds"", ""Barley"", ""Oats"", ""Quinoa"", ""Moong dal"", ""Brown rice)"", ""Jaggery (34%)"", ""Cocoa Powder"", ""Almonds and Walnuts"", ""Natural Caramel (1) Colour"", ""Natural flavors Contains added 23 Vitamins & Minerals Contains natural colour and flavour Allergens: Contains milk"", ""nuts"", ""barley"", ""and oats For nutrition tips and healthy recipes! 981 022 8072 O@troovyfoods Vitamin B3 (mg) Chromium (mcg) Molybdenum (mcg) Inositol (mg) IMMUNITY Vitamin D2 (mcg) Zinc (mg) Vitamin A (mcg) Vitamin E (mg) Selenium (mcg) Copper (mg) Folic Acid (mcg) BRAIN DEVELO Choline (mg) lodine (mcg) Vitamin B12 (mcg) Biotin (mg) Omega 3 (mg) Linoleic acid (mg)""]","[""gluten"", ""milk"", ""nuts""]",[],,
Protinex Cream Vanilla Flavour,Danone,dietary-supplements,0900640031375,,"[""18g""]","[""SKIMMED MILK POWDER"", ""MALTODEXTRIN"", ""SOY PROTEIN ISOLATE"", ""MINERALS (DI CALCIUM PHOSPHATE"", ""FERRIC PYROPHOSPHATE"", ""ZINC SULPHATE"", ""POTASSIUM IODIDE)"", ""NATURE IDENTICAL FLAVOURING SUBSTANCES"", ""STABILIZER (GUAR GUM)"", ""VITAMINS (CHOLINE BITARTRATE"", ""ASCORBIC ACID"", ""DL-ALPHA TOCOPHERYL ACETATE"", ""NICOTINAMIDE"", ""RETINYL ACETATE"", ""ERGOCALCIFEROL THIAMINE HYDROCHLORIDE"", ""CALCIUM PANTOTHENATE"", ""RIBOFLAVIN"", ""PYRIDOXINE HYDROCHLORIDE FOLIC ACID"", ""D-BIOTIN)"", ""SWEETENER (SUCRALOSE)""]","[""milk"", ""soybeans""]",[],,
Maaza,coca-cola,beverages-and-beverages-preparations,8901764175015,,"[""125ml""]","[""WATER"", ""SUGAR"", ""MANGO PULP (10.7%)"", ""ACIDITY REGULATORS (300"", ""331(iii))"", ""STABILIZER(466)"", ""ANTIOXIDANT (300)"", ""COLOUR (110)"", ""MANGO FLAVOURS (NATURE-IDENTICAL & ARTIFICIAL FLAVOURING SUBSTANCES).""]","[""-""]",[],,https://images.openfoodfacts.org/images/products/890/176/417/5015/front_en.3.400.jpg
lays,Lay's,plant-based-foods-and-beverages,8901491101820,,"[""50gm 20rs""]","[""Find us on: facebook.com/laysindia 8 901491 101820""]","[""-""]",[],,
Clear drinking water,clear,beverages-and-beverages-preparations,8906013420786,,"[""1l""]","[""Water""]","[""-""]",[],,
Corn Flakes1.20 kg,Kellogg's,plant-based-foods-and-beverages,8901499010216,,"[""260g""]","[""Corn Grits (90%)"", ""Sugar"", ""Cereal Extract"", ""Iodized Salt"", ""Vitamins"", ""Minerals and Antioxidant (INS 307b). CONTAINS GLUTEN. MAY CONTAIN TRACES OF TREENUT.""]","[""gluten""]",[],,https://images.openfoodfacts.org/images/products/890/149/901/0216/front_en.35.400.jpg
Optimum nutrition whey protein,optimum-nutrition,dietary-supplements,0748927065725,,"[""907g""]","[""Protein Blend (93%) (Whey Protein Isolate"", ""Whey Protein Concentrate"", ""Hydrolysed Whey Protein)"", ""(Emulsifier: INS 322i)"", ""Cocoa Powder (Processed With Alkali)"", ""Artificial Flavours (Chocolate"", ""Vanilla)"", ""Sweetener (INS 950). \n\nALLERGENS: Contains MILK and SOY. Processed in a plant where nut(s) containing products are manufactured""]","[""milk"", ""soybeans""]",[],,
Cadbury gems,cadbury,snacks,7622201798260,,"[""7.9g""]","[""Sugar"", ""Hydrogenated Oils"", ""Cocoa Solids (8%)"", ""Whey Permeate Powder"", ""Milk Solids"", ""Refined Wheat Flour"", ""Emulsifiers (E 414"", ""E 442"", ""E 476)"", ""Colours (E 171"", ""E 102"", ""E 133"", ""E 124"", ""E 127"", ""E 122"", ""E 132"", ""E 110)"", ""Glazing Agent (E 903)"", ""Liquid Glucose"", ""Natural Flavours"", ""Nature identical Flavours"", ""Artificial Flavouring Substances (Caramel and Vanilla)""]","[""gluten"", ""milk"", ""sulphur dioxide and sulphites""]",[],,https://images.openfoodfacts.org/images/products/762/220/179/8260/front_en.47.400.jpg
Nutrela Soya chunks  220gm,nutrela,plant-based-foods-and-beverages,8906032011019,,"[""220g""]","[""Defatted Soy""]","[""-""]",[],,
formula 1,herbalife,dietary-supplements,19378426,,"[""500g""]","[""For weight control and management Nutritional Shake Mix Nutritious"", ""delicious meal Lic No. 100130043000639 18 vitamins & minerals O HERBALIFE NUTRITION Formula 1 fssai GI""]","[""-""]",[],,
Magix,parle,snacks,8901719101311,,"[""40.86 g""]","[""WHEAT FLOUR"", ""SUGAR"", ""EDIBLE VEGETABLE OIL(PALM OIL) CASHEW BITS (3 % )"", ""MILK SOLIDS"", ""INVERT SUGAR SYRUP"", ""EDIBLE COMMON SALT"", ""RAISING AGENTS[503(ii)"", ""500 (ii)]"", ""EMULSIFIERS[DI-ACETYL TARTARIC ACID ESERS OF MONO AND DIGLYCERIDES OF EDIBLE VEGETABLE OILS] ANO DOUGH CONDITIONER[223]"", ""CONTAINS ADDED FLAVOURS (ARTIFICAL FLAVOURING SUBSTANCES-CASHEW"", ""VANILLA)""]","[""gluten"", ""milk"", ""nuts""]",[],,
Vitamin D3,holland-barrett,dietary-supplements,5017174349366,,"[""100""]","[""Microcrystalline Cellulose (İNS 460()"", ""Dicalcium Phospinate (INS 341(ii))"", ""Maltodextrin"", ""Starch"", ""Magnesium Stearate (INS 470(iii)"", ""Silicon Dioxide (INS 551)"", ""Sucrose"", ""Vitamin D3 (as Cholecalciferol).""]","[""-""]",[],,https://images.openfoodfacts.org/images/products/501/717/434/9366/front_en.14.400.jpg
Fresh Tomato Ketchup,kissan,condiments,8901030667756,,"[""950 g""]","[""WATER"", ""TOMATO PASTE (28%)"", ""SUGAR"", ""IODISED SALT"", ""ACIDITY REGULATOR - 260"", ""STABILISERS - 1422"", ""415"", ""PRESERVATIVES - 211"", ""ONION POWDER"", ""GARLIC POWDER"", ""SPICES AND CONDIMENTS.""]","[""-""]",[],,
Muesli+,yoga-bar,plant-based-foods-and-beverages,8904335600336,,"[""700g""]","[""60% Whole Grains (Rolled Oats"", ""Brown Rice Flakes"", ""Quinoa Flakes). 17% Dried Fruits (Raisins. Apricots. Cranberry. Blackcurrants). 14% Seeds & Nuts (Pumpkin"", ""Almonds"", ""Chia. Flax). Strawberry Powder. Date Syrup"", ""Jaggery"", ""Rice Bran Oil"", ""Himalayan Pink Salt""]","[""nuts""]",[],,
Oreo Cream Biscuit,cadbury,snacks,7622201431594,,"[""120 g""]","[""Refined Wheat Flour (Maida)"", ""Sugar"", ""Edible Vegetable Fat"", ""Palmolein"", ""Cocoa Solids (3%*)"", ""Invert Sugar"", ""Leavening Agents [500(ii)"", ""503(ii)]"", ""lodised Salt"", ""Emulsifier (322). CONTAINS ADDED FLAVOUR (NATURE IDENTICAL FLAVOURING SUBSTANCES). Allergen information: Contains Wheat. May Contain Milk.""]","[""gluten""]",[],,https://images.openfoodfacts.org/images/products/762/220/143/1594/front_en.21.400.jpg
Khatta Meetha,bikano,crunchy-snacks,12803286,,"[""1kg""]","[""Refined Palmolein Oil"", ""Rice Flakes (20%)"", ""Sugar (Sucrose)"", ""Chickpea Flour (14.8%)"", ""Peanuts (7.3%)"", ""Dried Green Peas"", ""Lentils"", ""Sago"", ""Split Bengal Gram"", ""Mixed Spices"", ""Rice Flour"", ""lodized Salt"", ""Turmeric"", ""Carom seeds"", ""Black salt"", ""Citric Acid (E 330) as Acidity Requlator"", ""Sodium Bicarbonate [E 500 (ii)] as Leavening Agent.""]","[""peanuts""]",[],,
Sugar,madhur,sweeteners,8906026900053,,"[""5kg""]","[""Refined crystal sugar""]","[""-""]",[],,
Good life almond,good-life,plant-based-foods-and-beverages,9900601913017,,"[""100 g""]","[""Almond""]","[""nuts""]",[],,https://images.openfoodfacts.org/images/products/990/060/191/3017/front_en.3.400.jpg
iD Idly Batter,id,plant-based-foods-and-beverages,8906020581951,,"[""2kg""]","[""RO-Purified Water (55%)"", ""Rice Rava (32%)"", ""Urad Dal and Iodised Salt.""]","[""-""]",[],,
Turtle  chips  spicy devil,orion,snacks,8906130900574,,"[""70g""]","[""CORN FLOUR (60%)"", ""EDIBLE NAME TURTLE CHIPS-SPICY DEVIL SEASONING [SUGAR"", ""EDIBLE COMMON-SALTE (CHILLI (2.05%))"", ""HYDROLYSED SOY PROTEIN (0.25%)"", ""GARLIC (0.25%)"", ""NATURAL & NATURE IDENTICAL FLAVOURING SUBSTANCES"", ""ED VEGETABLE OIL (SESAME OIL)"", ""ANTICA (INS 551)"", ""FLAVOUR ENHANCERS (INS ACIDITY REGULATOR(INS 330 & INS COLOUR (INS 160c)]"", ""RAISING A ALLERGEN INFORMATION: C MAY CONTAIN WHEAT"", ""MILK"", ""SULPHITE""]","[""sesame seeds"", ""soybeans""]",[],,
Health Ok 30n,mankind,dietary-supplements,8904103331295,,"[""30""]","[""Taurine"", ""Soya Protein Hydrolysate"", ""Polyvinylpyrrolidone (INS 1201 & 1202)"", ""Microcrystalline Cellulose [INS (460 (1))]"", ""L-Ascorbic Acid"", ""Ginseng Extract"", ""Ferrous Fumarate"", ""Croscarmellose Sodium (INS 468)"", ""Sodium Starch Glycolate"", ""Stearic Acid"", ""Hydroxy Propyl Methyl Cellulose (INS 464)"", ""Vitamin E Acetate"", ""Zinc Sulphate"", ""Nicotinic acid"", ""Magnesium Oxide"", ""Amorphous Silicon Dioxide (INS 551)"", ""Vitamin A Acetate"", ""Manganese Sulphate"", ""Vitamin D2 (ergocalciferol)"", ""Pyridoxine hydrochloride"", ""Copric Sulphate"", ""Riboflavin"", ""Thiamine mononitrate"", ""Calcium D-Pantothenate"", ""Chromium Picolinate"", ""Potassium Iodide"", ""- pleroyl-l-glutamic acid"", ""D-biotin"", ""Sodium Selesate"", ""Cyanocobalamin"", ""Talc [INS 553 (i))"", ""Sodium Carboxymethyl Cellulose (INS 466)"", ""Maltodextrin"", ""Dextrose Monohydrate"", ""Lecithin (INS 322].""]","[""-""]",[],,https://images.openfoodfacts.org/images/products/890/410/333/1295/front_en.6.400.jpg
Dabur Honey,dabur,breakfasts,8901207047473,,"[""1 kg""]","[""Honey""]","[""-""]",[],,
Onion,-,plant-based-foods-and-beverages,8904293704343,,"[""2kgs""]","[""Onion""]","[""-""]",[],,
Horlicks Classic Malt,Horlicks,beverages-and-beverages-preparations,8901030807190,,"[""750g""]","[""Malt (66.7%) [Barley (32%) Wheat Flour (Atta)"", ""Wheat"", ""Millet)"", ""Milk Solids (14%)"", ""Sugar"", ""Wheat Gluten"", ""Minerals"", ""Edible lodized Salt"", ""Soy Protein Isolate"", ""Acidity Regulators [INS 501"", ""500)"", ""Vitamins""]","[""gluten"", ""milk"", ""soybeans""]",[],,https://images.openfoodfacts.org/images/products/890/103/080/7190/front_en.9.400.jpg
Orion K Snack Rings 3x Spicy,orion,snacks,8906130900994,,"[""70g""]","[""REFINED WHEAT FLOUR (MAIDA) (45%)"", ""EDIBLE VEGETABLE OIL (PALMOLEIN OIL)"", ""STARCH (POTATO (9%)"", ""MAIZE (4%))"", ""SEASONING SUGAR"", ""EDIBLE COMMON SALT"", ""SPICES & CONDIMENTS (CHILLI"", ""TURMERIC HYDROLYZED SOY PROTEIN"", ""DEHYDRATED VEGETABLE POWDER (ONION POWDER"", ""GARLIC POWDER)"", ""NATURAL & NATURE IDENTICAL FLAVOURING SUBSTANCES"", ""ACIDITY REGULATORS (INS 330"", ""INS 296)"", ""EDIBLE VEGETABLE OIL (SESAME)"", ""ANTICAKING AGENT (INS 551)"", ""FRUCTOSE"", ""NATURAL COLOUR 160) FLAVOUR ENHANCERS (INS 627 & INS 631) EDIBLE VEGETABLE OIL PALM)]"", ""EDIBLE COMMON SALT"", ""RAISING AGENT (INS 500 (i) ALLERGEN INFORMATION: CONTAINS SOY & WHEAT MAY CONTAIN MILK"", ""SULPHITE & NUTS.""]","[""gluten"", ""sesame seeds""]",[],,
Chicken Noodles,Maggi,plant-based-foods-and-beverages,8901058008234,,"[""71g""]","[""Noodles:\r\n\r\nRefined wheat flour (Maida)\r\nAlm oil\r\nIodized salt\r\nWheat gluten\r\nThickeners (508 & 412)\r\nAcidity regulators (501(i) & 500(i))\r\nHumectant (451(i))\r\nChicken Tastemaker:\r\n\r\nMixed spices (22%) (Dehydrated onion"", ""Dried garlic"", ""Red chilli powder"", ""Black pepper powder"", ""Capsicum extract"", ""Turmeric powder"", ""Nutmeg powder"", ""Coriander extract"", ""Cumin extract)\r\nSugar\r\nRefined wheat flour (Maida)\r\nIodized salt\r\nStarch\r\nChicken meat (5.7%)\r\nPalm oil\r\nThickener (508)\r\nChicken fat (2.3%)\r\nNatural Flavour\r\nFlavour enhancer (635)\r\nNature identical flavouring substance\r\nAcidity regulator (330)\r\nColour (150d)\r\nDehydrated kasuri methi leaves\r\nOnion\r\nWheat gluten\r\nDehydrated bread""]","[""gluten""]",[],,
Sona Masoori Rice,daawat,plant-based-foods-and-beverages,8901537074415,,"[""5 kg""]","[""Rice""]","[""-""]",[],,https://images.openfoodfacts.org/images/products/890/153/707/4415/front_en.3.400.jpg
Tomato Ketchup Kissan,kissan,condiments,8901030699085,,"[""1 kg""]","[""WATER"", ""TOMATO PASTE (28%)"", ""SUGAR"", ""IODISED SALT"", ""ACIDITY REGULATOR-E260"", ""STABILIZERS-E1422"", ""E415"", ""PRESERVATIVE-E211"", ""ONION POWDER"", ""GARLIC POWDER"", ""SPICES AND CONDIMENTS. MKTD. BY: HINDUSTAN UNILEVER LTD. (HUL)"", ""UNILEVER HOUSE"", ""MAHARASHTRA. FOR MFR. & MFG. UNIT ADDRESS"", ""READ THE FIRST B.D. SAWANT MARG"", ""CHAKALA"", ""ANDHERI (E)"", ""MUMBAI 400 099"", ""CHARACTER OF THE BATCH NO. AND SEE BELOW: MFG. BY: (R) HINDUSTAN MRP PKD."", ""U SEELA""]","[""-""]",[],,
Tops Mango Pickle,tops,pickle-mango,8904288611373,,"[""1 Kg""]","[""Mango Pieces(63%)"", ""Iodised Salt"", ""Mustard Oil"", ""Fenugreek"", ""Acidity Regulator(330"", ""260)"", ""Aniseed"", ""Red Chilli Powder(1.77%)"", ""Coriander"", ""Lime Juice"", ""Preservative(211)"", ""Spices& Condiments"", ""Tumeric Powder(0.19%)""]","[""-""]",[],,
chocolate cranberry museli,yoga-bar,plant-based-foods-and-beverages,8904335600343,,"[""700g""]","[""58% Whole Grain (Rolled Oats"", ""Brown Rice Flakes"", ""Quinoa Flakes). 14% Seeds & Nuts (Pumpkin. Almonds"", ""Chia"", ""Flax)"", ""11% Dried Fruits (Cranberry. Raisins). Dark Chocolate (Cocoa. Cocoa-Butter"", ""Sugar. Soy Lecithin)"", ""Date Syrup. Jaggery. Rice Bran Oil"", ""Cocoa Powder"", ""Apple Fiber"", ""Himalayan Pink Salt. CONTAINS ADDED NATURAL FLAVOURS: CHOCOLATE"", ""ROSEMARY EXTRACT.""]","[""nuts"", ""soybeans""]",[],,
Patanjali Honey,patanjali,breakfasts,8904109449239,,"[""1kg""]","[""Honey(100%)""]","[""-""]",[],,https://images.openfoodfacts.org/images/products/890/410/944/9239/front_en.3.400.jpg
Roasted pumpkin kernels,tong-garden,plant-based-foods-and-beverages,8850291110825,,"[""200 g""]","[""Pumpkin Kernels"", ""lodised Salt"", ""Packaging gas (Nitrogen (E941)) Vitamin D Calcium Iron Potassium Vitamin A Vitamin B1 Vitamin B2 Vitamin C Manganese Magnesium Copper Phosphorus Vitamin E 0mc 10 mg 23 m 220 m Allergy Information: Processed in a facility that also process sulphites"", ""peanuts"", ""gluten(wheat)"", ""dairy"", ""soybeans"", ""sesame seeds and other tree nuts. May contains traces and shell pieces of nuts"", ""sulphites"", ""peanuts"", ""gluten(wheat)"", ""dairy"", ""soybeans"", ""sesame seeds and other tree nuts. If you are not completely satisfied with our products"", ""we gladly replace your purchase. Please send this package and product to: 0.1 m 0.1m 12m 180 m 0.4 m 340 m 1.3 m *The % Daily Value(DV) tel a serving of food contribute a day is used for general na Manufactured in Thailand by: TONG GARDEN CO."", ""LTD. 8 Moo1"", ""Lamlukka. Lamlukka"", ""Pathumthani 12150"", ""Thailand lel: +66 2150 1888 Fax: +66 2159 8383 An ISO 22000"", ""GMP & HACCP Certified Company M.R.P.:Rs.2 (Inclusive.of al Packing Date.: Best Before.: Batch No.: Vasna lyava"", ""Sanand Viramgam Highway"", ""4. Saland"", ""Dist Albmedabad"", ""Gujarat"", ""India 382170 PROPRIETARY FOC (READY TO EAT SAI Email: customer@tonggarden.com""]","[""gluten"", ""milk"", ""nuts"", ""peanuts"", ""sesame seeds"", ""soybeans""]",[],,
Organic Suji,organic-tattva,plant-based-foods-and-beverages,8906055440261,,"[""500g""]","[""Organic Suji""]","[""gluten""]",[],,
Enerzal,enerzal,beverages,8902346050379,,"[""500g""]","[""Sucrose(69%)"", ""Glucose(19%)"", ""Acidity Regulator(INS 330)"", ""Sodium Citrate"", ""Sodium Chloride"", ""Potassium Chloride"", ""Sodium Acid Phosphate"", ""Magnesium Sulfate"", ""Calcium Lactate""]","[""-""]",[],,https://images.openfoodfacts.org/images/products/890/234/605/0379/front_en.7.400.jpg
Women Horlicks,horlics,immunity-booster,2000000127656,,"[""400g""]","[""Cereal Extract(44%)"", ""Barley(25%)"", ""Wheat(10%)"", ""Malted Barley(8%)"", ""Wheat Malt(1%)"", ""Milk Solids(34%)"", ""Corn Solids"", ""Coco Powder"", ""Minerals"", ""Salt"", ""Vegetable Juice Powder"", ""Vitamins"", ""Artificial Sweetner""]","[""gluten"", ""milk""]",[],,
Nestle Resource High Protein,Nestlé,dietary-supplements,8901058847789,,"[""1Kg""]","[""Whey Protein Concentrate(45%)"", ""Skimmed Milk Powder"", ""(40%)"", ""Maltodextrin"", ""Inulin""]","[""milk""]",[],,
Green chilli sauce,Ching's Secret,condiments,8901595862733,,"[""190""]","[""water"", ""green chilli (30%)"", ""salt"", ""sugar"", ""thickener (e1422)"", ""garlic powder"", ""acidity inal information* 6g a quantity regulator (e296"", ""e260)"", ""per serving emulsifying"", ""stabilizing agent container 31 2"", ""2 (e415)"", ""spices (cumin powder"", ""0"", ""1 coriander powder)"", ""preservative (e211)"", ""contains permitted class ii preservative 0"", ""4 store in a cool"", ""dry and hygienic place"", ""keep refrigerated""]","[""-""]",[],,https://images.openfoodfacts.org/images/products/890/159/586/2733/front_en.3.400.jpg
Top Ramen,nissin,plant-based-foods-and-beverages,8901014002566,,"[""500 grams""]","[""NOODLES (90.57%): Refined Wheat Flour (Maida)"", ""Edible Vegetable Oil (Palm Oil)"", ""Iodised Salt"", ""Acidity Regulators [INS 451(i) & INS 500(i)]"", ""Mixed Spices 0.17% (Turmeric"", ""Coriander"", ""Cumin & Red Chilli)"", ""Antioxidant (INS 319) & Thickener (INS 412). SEASONING MIX (9.43%): lodised Salt"", ""Sugar"", ""Flavours (Natural & Nature Identical)"", ""Textured Soya"", ""Onion Powder"", ""Hydrolysed Vegetable Protein Powder (Soya)"", ""Noodle Powder (Refined Wheat Flour (Maida)"", ""Edible Vegetable Oil (Palm Oil)"", ""lodised Salt"", ""Acidity Regulators [INS 451(i) & INS 500(i)]"", ""Mixed Spices 0.17% (Turmeric"", ""Coriander"", ""Cumin & Red Chilli)"", ""Antioxidant (INS 319) & Thickener (INS 412)"", ""Edible Vegetable Oil (Palm Oil)"", ""Corn Starch"", ""Mixed Spices 3.15% (Red Chilli"", ""Ginger"", ""Turmeric"", ""Black Pepper & Nutmeg)"", ""Garlic Chips"", ""Skimmed Milk Powder"", ""Flavour Enhancers (INS 631 & INS 627) Dehydrated Chicken Powder"", ""Chilli Flakes"", ""Dehydrated Chicken Bits"", ""Acidity Regulator (INS 330)"", ""Egg Powder"", ""Garlic Powder"", ""Dried Fenugreek Leaves"", ""Antioxidant (INS 551)"", ""Thickener (INS 415) & Colour [INS 160c(i)]""]","[""eggs"", ""gluten"", ""milk"", ""soybeans""]",[],,
wheat khari,new-poona-bakery,snacks,8904089400558,,"[""1""]","[""whole wheat flour"", ""Iodised salt"", ""Butter"", ""Margarine"", ""Sugar"", ""Class 2 Preservatives""]","[""gluten"", ""milk""]",[],,
Sizzlin Jalapeno Nacho Crisps,cornitos,snacks,8908001017053,,"[""33g""]","[""Corn (70%)"", ""Edible Vegetable Oil (Corn Oil)"", ""Sugar"", ""Iodized Salt"", ""Jalapeno"", ""Onion Powder"", ""Garlic Powder"", ""Ginger"", ""Green Chili"", ""Parsley"", ""_Milk_ Solids (Skim Milk Powder"", ""Whey Powder)"", ""Soya Sauce Powder"", ""Acidity Regulator (Malic Acid - INS 296)""]","[""milk"", ""soybeans""]",[],,https://images.openfoodfacts.org/images/products/890/800/101/7053/front_en.4.400.jpg
Veg Hakka Noodles,chings-secret,meals,8901595853403,,"[""600 g""]","[""Refined wheat flour (96%)"", ""wheat gluten"", ""iodized salt"", ""raising agents (INS 500(i)"", ""INS(ii)"", ""thickening and stabilizing agents (INS 451 (i)"", ""INS 339 (ii)"", ""INS 412)"", ""Acidity Regulators (INS 450 (iii)"", ""INS 501 (i))""]","[""gluten""]",[],,
"Sunfeast Nice, 75 g",sunfeast,snacks,8901725134310,,"[""75 g""]","[""REFINED WHEAT FLOUR (MAIDA)"", ""SUGAR (26.4%)"", ""REFINED PALM OIL"", ""EDIBLE DESICCATED COCONUT"", ""INVERT SYRUP"", ""MILK SOLIDS"", ""STARCH"", ""RAISING AGENTS [INS 503(ii)"", ""INS 500(1)"", ""INS 450(i)]"", ""COCONUT MILK POWDER"", ""IODIZED SALT"", ""EMULSIFIERS [INS 322(i)"", ""INS 471] AND FLOUR TREATMENT AGENT (INS 223). CONTAINS PERMITTED SYNTHETIC FOOD COLOUR(S) (INS 102"", ""INS 124) AND ADDED FLAVOUR(S) (ARTIFICIAL FLAVOURING SUBSTANCES-COCONUT"", ""VANILLA"", ""MILKO CONTAINS WHEAT"", ""MILK SOLIDS"", ""SOYA"", ""NUTS AND SULPHITES.""]","[""gluten"", ""milk"", ""nuts"", ""soybeans"", ""sulphur dioxide and sulphites""]",[],,
Amul Lassi 200ml,amul,beverages-and-beverages-preparations,8901262200189,,"[""200mL""]","[""Milk solids"", ""water"", ""sugar"", ""stabilizer (440)"", ""nature identical and artificial flavouring substances (rose)"", ""active culture. Allergen Information: Contains milk.""]","[""milk""]",[],,https://images.openfoodfacts.org/images/products/890/126/220/0189/front_en.26.400.jpg
Daily Pour,flipkart,beverages-and-beverages-preparations,8904293731165,,"[""500 g""]","[""Tea""]","[""-""]",[],,
smoked and roasted mix nuts,paperboat,mixed-nuts,8906080603006,,"[""200g""]","[""ALMONDS (48%)"", ""CASHEWS (48 ARABIC) AND EDIBLE COMMON SALT (HIMALAYAN PINK SALT 1.5%)"", ""STABILIZER (GÜM ARABIC) AND CANE SUGAR. Contains Nuts &quot"", ""BEST BEFORE SIX MONTHS FROM MANUFACTURE&quot"", ""WHEN STORED IN COOL"", ""DRY AND HYGIENIC CONDITIONS"", ""KEEP THE PACK AWAY FROM DIRECT SUNLIGHT AND HEAT.""]","[""nuts""]",[],,
Rachana Curd Chillies,rachana,snacks,8908007653095,,"[""100g""]","[""Curd"", ""Green Chillies"", ""Edible Salt""]","[""-""]",[],,https://images.openfoodfacts.org/images/products/890/800/765/3095/front_en.3.400.jpg
Mirch Powder,munshi-panna,plant-based-foods-and-beverages,8906043520944,,"[""200g""]","[""WHOLE RED CHILL""]","[""-""]",[],,
Cashew Split,kiranakart,plant-based-foods-and-beverages,8909177022872,,"[""100 g""]","[""Cashew Split""]","[""nuts""]",[],,
Clear Whey Protein Chupa Chups Strawberry Flavour,MYPROTEIN,dairies,5059883417448,,"[""500 g""]","[""Hydrolysed Whey Protein Isolate (97.7%) (Anti-foaming Agent (Silicon Dioxide))"", ""Artificial Flavour (Strawberry)"", ""Acidity Regulator (Citric acid)"", ""Concentrated Beetroot Juice Powder"", ""Sweetener (Sucralose).""]","[""milk""]",[],,https://images.openfoodfacts.org/images/products/505/988/341/7448/front_en.3.400.jpg
Kodubale / Ring Muruku,granamma,snacks,8901399017735,,"[""120g""]","[""Rice Flour"", ""Refined Vegetable Oil"", ""Semolina"", ""Wheat  Flour"", ""Roasted Bengal Gram Flour Desiccated Coconut"", ""Iodised Salt"", ""Mixed Spices"", ""Wheat Gluten"", ""Sugar.""]","[""gluten""]",[],,
Kara Boondi,granamma,snacks,8901399017766,,"[""120g""]","[""Refined Vegetable Oil"", ""Gram Flour (Besan)"", ""Rice Flour"", ""Corn Flour"", ""Peanut"", ""Cashew Nut"", ""lodised Salt"", ""Curry Leaves"", ""Chilli Powder"", ""Corn Starch"", ""Sugar"", ""Asafoetida""]","[""nuts"", ""peanuts""]",[],,
Town Bus Rice Kodubale,grb,snacks,8906010366834,,"[""135g""]","[""Rice flour (56%)"", ""Refined Palmolein oil"", ""Maida (11%)"", ""Coconut milk"", ""Semolina"", ""Green chilli"", ""Salt"", ""Sesame"", ""Cumin"", ""Ginger & Asafoetida.""]","[""gluten"", ""sesame seeds""]",[],,https://images.openfoodfacts.org/images/products/890/601/036/6834/front_en.3.400.jpg
Roasted pumpkin seeds,good-life,dry-fruit,8904132963573,,"[""100g""]","[""Roasted Pumpkin Seed""]","[""-""]",[],,
Chips Creamy Onion,gopal-namkeen,plant-based-foods-and-beverages,8906078721026,,"[""30g""]","[""POTATO (60%)"", ""EDIBLE VEGETABLE OIL (PALMOLEIN OIL)"", ""SUGAR"", ""EDIBLE COMMON SALT"", ""MALTODEXTRIN"", ""MILK SOLIDS"", ""CHEESE POWDER (0.1%)"", ""ONION POWDER (1.3%)"", ""FLAVOUR ENHANCER (INS 627"", ""INS 631)"", ""ANTICAKING AGENT (INS 551)"", ""NATURAL & NATURE IDENTICAL FLAVOURING SUBSTANCES (CHEESE & ONION FLAVOURS) AND STABILIZER (INS 414).""]","[""milk""]",[],,
Pazzta Cheese Macaroni,Maggi,plant-based-foods-and-beverages,8901058003000,,"[""75g""]","[""*MACARONI IPASTA): Semolina (Wheat) (100%). CHEESE 'TASTEMAKER®: Milk solids"", ""Potato"", ""lodized salt"", ""Starch"", ""Sugar"", ""Cheese (5.8%)"", ""Dehydrated Sweetcorn (5.5%)"", ""Maltodextrin"", ""Palm oil"", ""Black pepper powder"", ""Flavour enhancer (635)"", ""Roasted garlic flakes"", ""Thickener (508)"", ""Dehydrated spring onion (0.4%)"", ""Natural flavour"", ""Oregano bits"", ""Margarine and Turmeric. Allergen Note: Contains Wheat & Milk. May contain Mustard & Sov""]","[""gluten"", ""milk""]",[],,https://images.openfoodfacts.org/images/products/890/105/800/3000/front_en.13.400.jpg
Mango Dasheri,-,plant-based-foods-and-beverages,8904293590442,,"[""1 kg""]","[""Mango""]","[""-""]",[],,
Mango Mallika,-,plant-based-foods-and-beverages,8904391593333,,"[""1 kg""]","[""Mango""]","[""-""]",[],,
KitKat Dark Chocolate Coated Wafer,Nestlé,snacks,8901058005905,,"[""150g""]","[""Dark Chocolate (76.2%) (Sugar"", ""Cocoa solids (28.2%)"", ""Cocoa butter (8%)"", ""Emulsifier (Soya lecithin)"", ""Nature-Identical Flavouring Substance and lodised salt) and Wafer (Sugar"", ""Hydrogenated vegetable fats"", ""Refined Wheat flour (Maida)"", ""Cocoa solids (1.2%)"", ""Milk solids"", ""Fractionated vegetable fat"", ""Raising agent (500(ii))"", ""Yeast"", ""Emulsifier (Soya lecithin)"", ""lodised salt"", ""Flour treatment agent (516)"", ""Artificial (Vanilla) flavouring substance and Nature-Identical flavouring substance). Contains Wheat"", ""Milk"", ""Sesame and Soy. May contains Nut.""]","[""gluten"", ""milk"", ""nuts"", ""sesame seeds"", ""soybeans""]",[],,https://images.openfoodfacts.org/images/products/890/105/800/5905/front_en.18.400.jpg
Munch,Nestlé,snacks,0941458000702,,"[""160.2g""]","[""Confed Wafer Sugar"", ""Refined Wheat flour (Maida)"", ""Hydrogenated vegetable fat"", ""Fractionated vegetable fat"", ""Milk solids"", ""Cocoa solids (3.9%)"", ""Emulsifier (Soya lecithin)"", ""Raising agent (500) Yeast"", ""lodised salt"", ""Flour treatment agent (516) and Artificial (Vanilla) flavouring substance. Contains Wheat"", ""Sesame"", ""Milk and Soy. May Contains Nut.""]","[""gluten"", ""milk"", ""nuts"", ""sesame seeds"", ""soybeans""]",[],,
Watermelon chewy fruit candy,juice-drop,fruit-gum,6976541225544,,"[""quantity 5 and weight 16""]","[""SUGAR"", ""GLUCOSE SYRUP"", ""COCONUTCREAMER"", ""COCONUT SORBITAN MONOLAURATE"", ""CARRAGEENAN"", ""GUM ARABIC"", ""CREAM OF TARTAR"", ""CARNAUBA WAX"", ""VEGETABLE OIL(PALM)"", ""STABILIZER(E3401)"", ""ANTICAKING AGENT (E551)"", ""CONTAINS PERMITTED ARTIFICIAL FOOD COLOUR(S) ARTIFICIAL FLAVOUR(S)(WATERMALON) NET WEIGHT:16G PRODUCTION DATE: 15/07/2025 EXPIRY DATE:14/07/2027 BATCH NO:MC20250715 MANUFACTURED BY:HENAN MACKENDY FOOD CO."", ""LTD ADDRESS:NO.001"", ""XINGYE AVENUE"", ""YOUHE OFFICE"", ""XIXIAN ADVANCED"", ""HENAN PROVINCE.CHINA NOT CONTAINING FRUITS.PHOTOS ON THE PACK ILLUSTRATION PURPOSE ONLY KEEP AND STORE COOL DRY PLACE AND AVOID DIRECT SUNLIGHT MADE IN PRC""]","[""-""]",[],,
Snickers Chocolate Bar,-,snacks,8902433030598,,"[""11.5 g""]","[""Milk chocolate coating Sugar"", ""Milk solids"", ""Cocoa butter"", ""Cocoa solids"", ""Edible vegetable fats &lt"", ""5% (Sal fat"", ""oil)"", ""Dextrose"", ""Emulsifier (322)"", ""Centre filling (62%): Liquid glucose"", ""Peanuts (1 Sugar"", ""Fractionated vegetable fat"", ""Milk solids"", ""lodized salt"", ""Cocoa butter"", ""Co Edible vegetable fats &lt"", ""5% (Sal fat"", ""Palm oil)"", ""Dextrose"", ""Emulsifier EQUIVALENTI""]","[""milk"", ""peanuts""]",[],,https://images.openfoodfacts.org/images/products/890/243/303/0598/front_en.21.400.jpg
Haldiram Lite Chiwda,haldiram-s,snacks,8904004400601,,"[""200 g""]","[""Rice Flakes"", ""Refined Palmolein Oil"", ""Bengal Gram Flour (Besan)"", ""Refined Sugar"", ""Edible Common Salt & Turmeric.""]","[""milk"", ""mustard"", ""nuts"", ""sesame seeds"", ""soybeans""]",[],,
Orbit Chewing Gum,wrigley-s,snacks,89006610,,"[""22g""]","[""BULKING AGENTS (SORBITOL"", ""MALTITOL"", ""MANNITOL)"", ""GUM BASE (CONTAINS SOYBEAN LECITHIN)"", ""COLOUR [INS 170 (I)]"", ""THICKENERS [(INS 414)"", ""(INS 1401))"", ""FLAVOURS [NATURAL"", ""NATURE-IDENTICAL AND ARTIFICIAL (MINT)]"", ""HUMECTANT [INS 422]"", ""SWEETENER [INS 951]"", ""ANTICAKING AGENT (INS 553(III)]"", ""GLAZING AGENT [INS 903]"", ""ANTIOXIDANT (INS 320].""]","[""soybeans""]",[],,
Dabur Honey,dabur,breakfasts,8901207025372,,"[""500 g""]","[""Honey (100%)""]","[""-""]",[],,
Haldiram's Soya Sticks,haldiram-s,snacks,8904004400250,,"[""200g""]","[""Tapioca Starch"", ""Edible Vegetable oil (Palmolein"", ""Cotton Seed"", ""Corn"", ""Sunflower"", ""Rice Bran)"", ""Soya Flour (9%)"", ""Split Pulse Urad (Urad Dal) Flour"", ""Mixed Spices (Refined Sugar"", ""lodised Salt"", ""Maltodextrin"", ""Black Salt"", ""Red Chilli Powder"", ""Dried Mango Powder"", ""Onion Powder"", ""Glucose Powder"", ""Preservative (INS 262 i)"", ""Coriander Powder"", ""Cumin Powder"", ""Fennel"", ""Whey Powder"", ""Ginger Powder"", ""Garlic Powder"", ""Clove Powder"", ""Yeast Extract"", ""Pipal"", ""Black Pepper"", ""Acidity Regulator (INS 296)"", ""Flavour Enhancer (INS 627"", ""INS 631)"", ""Turmeric Powder"", ""Anticaking Agent (INS 551)"", ""Bay Leaves"", ""Acidity Regulator (INS 330)"", ""Colour (INS 160c)"", ""Nutmeg"", ""Capsicum Powder"", ""Cinnamon & Asafoetida)"", ""Hydrogenated Vegetable Oil (Vanaspati)"", ""Natural Flavouring Substance And Nature Identical Flavouring Substance Allergen: Contains Soy & Milk May Contains Peanut"", ""Tree Nuts"", ""Wheat"", ""Mustard Seed & Sesame Seed""]","[""gluten"", ""milk"", ""nuts"", ""sesame seeds"", ""soybeans""]",[],,https://images.openfoodfacts.org/images/products/890/400/440/0250/front_en.7.400.jpg
True classics chocolate bar- Bitter,smoor,snacks,8904303410585,,"[""80g""]","[""Dark chocolate (Cocoa solids"", ""Cocoa butter"", ""Sugar and Emulsifier (INS 322(i) and INS 476)"", ""Natural flavouring substance (Vanilla)) )""]","[""soybeans""]",[],,
Bharat Dal Chana Whole,bharat-dal,chana,8908025722056,,"[""1kg""]","[""Chana""]","[""-""]",[],,
Vedaka Whole Cashews,vedaka,plant-based-foods-and-beverages,8903023002216,,"[""200g""]","[""Whole Cashews""]","[""nuts""]",[],,https://images.openfoodfacts.org/images/products/890/302/300/2216/front_en.3.400.jpg
Protein Powder,beast-life,dairies,8906183980271,,"[""924 g""]","[""Whey protein concentrate"", ""Cocoa Powder"", ""Ultrasorb Tech (Proteases & Lactase) and Sweetener (INS 955).""]","[""milk""]",[],,
Peanut party mix,let-s-try,snacks,8906161390405,,"[""180g""]","[""Peanuts"", ""Groundnut Oil"", ""Gram Flour & Potato Flakes. Spices & condiments: (lodised Salt"", ""Black Salt"", ""Dried Mango"", ""Cumin"", ""Dried Ginger"", ""Cinnamon Nutmeg"", ""Clove"", ""Red Chilli"", ""Yellow Chilli)"", ""Acidity Regulator - (INS330)""]","[""peanuts""]",[],,
Hing (Asafoetida),catch,plant-based-foods-and-beverages,8901192226150,,"[""100g""]","[""Wheat Flour (55%)"", ""Asafoetida"", ""Edible Gum.\nALLERGN: Conatins Wheat Flour""]","[""gluten""]",[],,https://images.openfoodfacts.org/images/products/890/119/222/6150/front_en.11.400.jpg
Whole Instant Oats,true-elements,whole-oats,8906112662087,,"[""900 g""]","[""Whole Instant Oats""]","[""-""]",[],,
Fresh Catch Basa Fish Fillets,ifb,seafood,0813210000001,,"[""1kg""]","[""Basa (Pangasius sp.)"", ""Water and Salt""]","[""-""]",[],,
Patanjali Rock Salt,patanjali,rock-salt,8904422701151,,"[""1kg""]","[""ROCK SALT (SENDHA NAMAK)""]","[""-""]",[],,https://images.openfoodfacts.org/images/products/890/442/270/1151/front_en.3.400.jpg
Chia Seeds,delight-nuts,plant-based-foods-and-beverages,8908005072690,,"[""200g""]","[""Raw Chia Seeds""]","[""-""]",[],,
Flax Seeds,farmley,plant-based-foods-and-beverages,8906120106849,,"[""200g""]","[""Raw Flax Seeds""]","[""-""]",[],,
Alpenliebe Juzt Jelly Cars & Planes,alpenliebe,plant-based-foods-and-beverages,8901393019889,,"[""71.5g""]","[""Sugar"", ""Fruit Pulp (25%) (Papaya 20.5%"", ""Apple 4%"", ""Strawberry 0. Glucose"", ""Acidity Regulators (INS 330"", ""INS 331 (iii)"", ""INS 296)"", ""Thickener (INS 440 Acid"", ""0.04 %)"", ""Flavours (Nature-Identical and Artificial (Watermelon))"", ""Colours""]","[""apple""]",[],,https://images.openfoodfacts.org/images/products/890/139/301/9889/front_en.3.400.jpg
tomato sauce,anu-s-sauce,condiments,8904406126413,,"[""200g""]","[""Tomato Pulp"", ""Vegetable Pulp"", ""Sugar"", ""Salt"", ""Garlic Powder"", ""Acetic Acid(260 Additives (412)"", ""Spices and Contiment Extr and Preservative(211) CONTAINS PERMITTED CLASS II PRESERVATIVES 3""]","[""-""]",[],,
Bharat Atta,bharat,plant-based-foods-and-beverages,8908015422553,,"[""5kg""]","[""Whole Wheat""]","[""gluten""]",[],,
Good Life Ragi Flour,good-life,plant-based-foods-and-beverages,3904425422553,,"[""1kg""]","[""Ragi""]","[""-""]",[],,https://images.openfoodfacts.org/images/products/390/442/542/2553/front_en.6.400.jpg
Chia seeds,farmley,plant-based-foods-and-beverages,8906120100137,,"[""200g""]","[""Chia Seeds""]","[""-""]",[],,
Bagrry`s Crunchy Muesli,bagrry-s,plant-based-foods-and-beverages,8902710500776,,"[""425g""]","[""Rolled Oats (40.2%)"", ""Whole Wheat Flakes (27.4%"", ""Wheat"", ""Sugar"", ""Iodized Salt"", ""Malt Extract and Antioxidants INS 322 & INS 307b)"", ""Invert Syrup"", ""Raisins (4.7%)"", ""Corn Flakes(4.6%)"", ""Almonds (3%)"", ""Broken Rolled Wheat"", ""Brans (Wheat Bran"", ""Oat Bran)"", ""Honey (1%) & Antioxidant (Ins 307b)""]","[""gluten"", ""nuts""]",[],,
Mysore Rasam Powder,srivaraha-foods,condiments,8906106360647,,"[""10g""]","[""Coriander Seeds"", ""Toor dal"", ""Bengal gram dal"", ""Pepper"", ""Cumin and Red chilli.""]","[""-""]",[],,https://images.openfoodfacts.org/images/products/890/610/636/0647/front_en.3.400.jpg
Rebalanz vitors,dr-reddy-s,oral-rehydration-solution,8901148246102,,"[""200 ml""]","[""Water"", ""Sugar"", ""Orange Juice Concentrate (1.75%*)"", ""Dextrose (1.35%)"", ""Acidity Regulator (INS 330)"", ""Sodium Citrate (0.29%). Potassium Chloride (0.15%)"", ""Sodium Chloride (0.125%)"", ""Flavour (Nature Identical Flavouring Substances)"", ""Vitamin C. Colour (INS 110).""]","[""-""]",[],,
Cardamom Chai,chai-point,beverages-and-beverages-preparations,8908002579413,,"[""14 g""]","[""Tea""]","[""-""]",[],,
Poha Jada,dmart-premia,plant-based-foods-and-beverages,8903363002853,,"[""1kg""]","[""Rice Flakes""]","[""-""]",[],,
Atta Kulcha Bread,britannia,plant-based-foods-and-beverages,8901063341241,,"[""250g""]","[""WHEAT FLOUR (ATTA) (68%)"", ""YEAST"", ""SUGAR"", ""REFINED SOYABEAN OIL"", ""IODIZED SALT"", ""VITAL GLUTEN"", ""KASURI METHI  LEAVES (0.7%)"", ""PRESERVATIVES [282 & 200]"", ""SOYA FLOUR"", ""MALT EXTRACT"", ""ACIDITY  REGULATOR [260]"", ""FLOUR TREATMENT AGENT [510] AND ANTIOXIDANT (300).""]","[""gluten"", ""soybeans""]",[],,https://images.openfoodfacts.org/images/products/890/106/334/1241/front_en.4.400.jpg
Yellow Chana,dmart-premia,plant-based-foods-and-beverages,8903363008435,,"[""200g""]","[""Roasted Gram"", ""Edible Common Salt & Turmeric""]","[""-""]",[],,
Buffalo Milk A2,amul,dairies,8901262260947,,"[""500ml""]","[""Milk""]","[""milk""]",[],,https://images.openfoodfacts.org/images/products/890/126/226/0947/front_en.10.400.jpg
Pumpkin Seeds,farmley,plant-based-foods-and-beverages,8906120100151,,"[""200g""]","[""Pumpkin Seeds""]","[""-""]",[],,
Corn Chips,4700bc,plant-based-foods-and-beverages,8906125980673,,"[""55""]","[""NON-GMO A LITTLE NT SEASONED MARKETED BY Te M. IM N. 75"", ""45 Kn Stone"", ""GT Road"", ""Kanapur"", ""Dial Seripat"", ""Haryana"", ""India 131021 FOR CUSTOMER CARE & FEEDBACK: Zeo Moise Pvt. Lid Kila No. 75"", ""45 Km Stone"", ""GT Road"", ""Issat Kamaspur"", ""Dig Sonipat"", ""Haryana"", ""India 131021 customercare47008C.com +91 9911470022 MRP UNIT SALE PRICE NET QUANTITY BATCH NO. DATE OF MANUFACTURE : USE BY :55g www.4700BC.com 4700BCPopcorn ORDER ONLINE AND GET BEST DEALS &quot"", ""Bese ingredient of the chip is ONLY CORN 8190612519817311 INFORMATION""]","[""-""]",[],,
Godrej Jersey Doodh Peda,godrej-jersey,dairies,8906016411606,,"[""200g""]","[""Milk solids & Sugar""]","[""milk""]",[],,
Diet Coke Can 250ml,coke,beverages,8901764061257,,"[""4""]","[""CARBONATED WATER"", ""ACIDITY REGULATOR (338)"", ""SWEETENERS (951"", ""950)"", ""PRESERVATIVE (211)"", ""CAFFEINE. CONTAINS PERMITTED NATURAL COLOUR (150d) AND ADDED FLAVOURS (NATURAL FLAVOURING SUBSTANCÉS).""]","[""-""]",[],,https://images.openfoodfacts.org/images/products/890/176/406/1257/front_en.15.400.jpg
MTR Puliogare Paste,mtr-foods-pvt-ltd,condiments,8901042955254,,"[""200g""]","[""Refined palmolein oil"", ""Mixed spices"", ""Tamarind concentrate (13%)"", ""Sugar"", ""lodised salt"", ""Peanut (5.8%)"", ""Coconut products (2.6%) [Dry coconut (Copra) & Desiccated coconut)"", ""Curry Leaves (Fresh leaves & Dry powder)"", ""Black sesame (1.8%)"", ""Jaggery (1.4%)"", ""Black gram splits"", ""Bengal gram splits"", ""Acidity regulators (INS 260 & INS 334) and Preservative (INS 210). Allergen Advice: Contains Nut. May contains Milk.""]","[""milk"", ""nuts"", ""peanuts"", ""sesame seeds""]",[],,
Natural Peanut Butter Crunch,alpino,plant-based-foods-and-beverages,8906127550010,,"[""1kg""]","[""Roasted Peanuts (100%)""]","[""peanuts""]",[],,
Sanjivani Vermi,hab-organics,fertilizer,0978689076798,,"[""1kg""]","[""Nitrogen (N): 0.8% to 1.6%​\r\nPhosphorus (P): 0.5% to 1.0%​\r\nPotassium (K): 0.8% to 2.3%​\r\nCalcium (Ca): 0.44%​\r\nMagnesium (Mg): 0.15%​\r\nIron (Fe): 175.20 ppm​\r\nManganese (Mn): 96.51 ppm​\r\nZinc (Zn): 24.45 ppm​\r\nCopper (Cu): 4.89 ppm""]","[""-""]",[],,
PRABHAT SAJIVA,prabhat,pesticides,8343564256043,,"[""1.5 kg to 2kg""]","[""COMPOSITION                                                              QUANTITY(1% W/W)\r\nPSEUDOMONAS FLUORESCENS\r\n(CFU COUNT 1X10 /GM MIN.)                                                   1.0%\r\nCARBOXY METHYL CELLULOSE                                                1.0%\r\nTALC POWDER                                                                              98.0%\r\nTOTAL                                                                                             100.0%""]","[""-""]",[],,
Tic Tac Mint,ferrero,snacks,8000500410998,,"[""13g""]","[""LNI W 3RD 20 000 20 OR ON Bot Proprietary food-Harry (0.2.1) INGREDIENTS SUGAR"", ""MALTA RICE STARCH"", ""THICKENER (INS 414)"", ""FRUCTOSE"", ""FLAVOURS NATURAL FLAVOURS AND FLAVOURING SUBSTANCES"", ""NATURE-IDENTICAL FLAVOURING SUBSTANCES AND ARTIFICIAL FLAVOURING SUBSTANCE-ETHYLVANILLIN ANTICAKING AGENT (INS 4700)"", ""GLAZING AGENT (INS 903) NUTRITIONAL INFORMATION Per 100 g: Energy""]","[""-""]",[],,
honey,patanjali,breakfasts,8904422707252,,"[""400g""]","[""Honey""]","[""-""]",[],,https://images.openfoodfacts.org/images/products/890/442/270/7252/front_en.5.400.jpg
Farali mixture,badalia-foods,no,8906061390352,,"[""25g""]","[""usuucwijdi""]","[""-""]",[],,
Limca lime lemon drink 750ml,coca-cola,beverages,8901764052279,,"[""132""]","[""CARBONATED WATER"", ""SUGAR"", ""ACIDITY REGULATORS (330"", ""331())"", ""STABILIZERS (414"", ""471)"", ""PRESERVATIVE (211)"", ""FLAVOURS (NATURAL"", ""NATURE-IDENTICAL & ARTIFICIAL (LEMON) FLAVORING SUBSTANCES).""]","[""-""]",[],,
3x spicy noddles,samyang,plant-based-foods-and-beverages,8801073142978,,"[""700 g""]","[""NOODLE (76.79%) {WHEAT FLOUR"", ""MODIFIED TAPIOCA STARCH"", ""REFINED PALM OIL"", ""WHEAT GLUTEN"", ""SALT"", ""EMULSIFIER[SOY LECITHIN(E322)]"", ""ACIDITY REGULATOR POTASSIUM CARBONATE (E501()"", ""SODIUM CARBONATE(E500(i))"", ""SODIUM PHOSPHATE DIBASIC (E339(ii))]"", ""THICKENER[GUAR GUM(E412)]"", ""CITRIC ACID(E330)"", ""GREEN TEA FLAVOR OIL}.\r\n\r\nSOUP (22.7%) {WATER"", ""SOY SAUCE"", ""WHITE SUGAR"", ""ARTIFICIAL CHICKEN FLAVOR POWDER"", ""ARTIFICIAL CHICKEN FLAVOR"", ""CHILLI PEPPER POWDER"", ""SOYBEAN OIL"", ""DECOLORIZED CHILLI EXTRACT"", ""RED PEPPER POWDER"", ""ONION"", ""FLAVOUR ENHANCER (MONOSODIUM L-GLUTAMATE(E621)"", ""GARLIC"", ""MODIFIED POTATO STARCH"", ""PAPRIKA EXTRACT"", ""BLACK PEPPER POWDER"", ""CURRY POWDER}.\r\n\r\nFLAKE(0.6%) {ROASTED SESAME"", ""ROASTED LAVER}.\r\n\r\nCONTAINS: WHEAT"", ""GLUTEN"", ""SOY"", ""SESAME.""]","[""gluten"", ""sesame seeds"", ""soybeans""]",[],,https://images.openfoodfacts.org/images/products/880/107/314/2978/front_en.38.400.jpg
Whole Chana Besan,floryo,besan,8906152440423,,"[""500 g""]","[""Besan""]","[""-""]",[],,
Barosi A2 Desi Cow Ghee,barosi,dairies,8908017853003,,"[""500 ml""]","[""A2 Cow Milk Fat""]","[""-""]",[],,
Radish,-,plant-based-foods-and-beverages,2110000590003552005001,,"[""500g""]","[""Radish""]","[""-""]",[],,https://images.openfoodfacts.org/images/products/211/000/059/0003552005001/front_en.3.400.jpg
Raw Sunflower Seeds,farmley,plant-based-foods-and-beverages,8906120107181,,"[""200g""]","[""Raw Sunflower Seeds""]","[""-""]",[],,
Mango Sliced Pickles,mtr,plant-based-foods-and-beverages,8901042955094,,"[""300 g""]","[""Mango (54%)"", ""lodised salt brine"", ""Refined sesame oil"", ""Red chilli powder (5.7%)"", ""Mixed spices powder"", ""Mustard seeds (0.3%)"", ""Acidity regulators (INS 330 & INS 260) and Preservative (INS 211).""]","[""mustard"", ""sesame seeds""]",[],,
Cow Milk,mother-dairy,dairies,8901648920120,,"[""500ml""]","[""Cow Milk""]","[""milk""]",[],,https://images.openfoodfacts.org/images/products/890/164/892/0120/front_en.3.400.jpg
Toast Tea Rusk,britannia,snacks,8901063325227,,"[""50""]","[""REFINED WHEAT FLOUR (MAIDA) (71%)"", ""PALMOLIN OIL"", ""SEMOLINA (SUI) (1.8%)"", ""SUGAR"", ""REFINED PALM AND INVERT SUGAR SYRUP IODISED SALT EMULSIFIERS (472e"", ""471)"", ""BREAD IMPROVER (STARCH"", ""SOYA FLOUR 1104"", ""1102))"", ""WHEAT FIBRE"", ""NATURE IDENTICAL & ARTIFICIAL (300) SPICE (0.3%) (GREEN SUBSTANCES AND ANTIOXIDANT (Numbers in brackets as per International Numbering System) CONTAINS WHEAT AND SOY""]","[""gluten"", ""soybeans""]",[],,
Suji Rusk,bimbo,plant-based-foods-and-beverages,8906020461185,,"[""250g""]","[""Refined Wheat Flour (Maida) (71.4%)"", ""Sugar"", ""Edible Vegetable Oil (Refined Palmolein Oil and Refined Rice Bran Oil)"", ""Yeast"", ""Suji (2.14%)"", ""Invert Sugar Syrup"", ""lodized Salt"", ""Gluten"", ""Food Color (150a)"", ""Cardamom Seeds (0.32 %)"", ""Emulsifier {472e and 481(i)}"", ""Soya Flour"", ""Nature Identical Flavoring Substance"", ""Flour Treatment Agent {1100(i)}"", ""Xylanase and Antioxidant (300).\r\n (Numbers referred above are as per the International Numbering System)""]","[""gluten"", ""soybeans""]",[],,
Arabian Dates,wonderland-foods,plant-based-foods-and-beverages,8906095126651,,"[""250g""]","[""Arabian Dates""]","[""-""]",[],,https://images.openfoodfacts.org/images/products/890/609/512/6651/front_en.3.400.jpg
Budhani Bros Potato Wafers,budhani-bros,chips-and-fries,8906010450236,,"[""50g""]","[""Potatoes"", ""Refined Palmolien Oil"", ""Edible Peanut Oil"", ""lodized salt"", ""Red Chilli Powder"", ""Spices & Condiments Contains: No artificial colours"", ""flavours or preservatives. Allergy Advice : Made in the facility that processes Peanuts"", ""Treenuts Keep away from direct sunlight""]","[""peanuts""]",[],,
Karam Karam Masala Bites,bikaji,snacks,5095136975556,,"[""60g""]","[""Edible Vegetable Oil (Palmolein Oil"", ""Cottonseed Oil)"", ""Corn Meal (27%)"", ""Rice Meal (27%)"", ""Gram Meal (3%)"", ""Ground Spices & Condiments (Dry Mango"", ""Coriander"", ""Dehydrated (Tomato"", ""Garlic & Onion)"", ""Red Chilli"", ""Cumin"", ""Dry Ginger)"", ""lodised Salt"", ""Sugar"", ""Maltodextrin"", ""Acidity Regulator (INS 330)"", ""Flavour Enhancer (INS 631"", ""INS 627)"", ""Natural Colour (INS 160c)"", ""Anti Caking Agent (INS 551)"", ""Added Natural & Nature Identical Flavouring Substances (Onion) CONTAINS: ADDED FLAVOURS (NATURAL AND NATURE IDENTICAL FLAVOURING SUBSTANCES) AND PERMITTED SYNTHETIC FOOD COLOURS (INS 160c) ALLERGEN ADVICE: This product is made in a facility that processes food containing peanut"", ""treenut"", ""soy"", ""milk"", ""cereals containing gluten"", ""sesame"", ""mustard"", ""and sulphites.""]","[""gluten"", ""milk"", ""mustard"", ""nuts"", ""sesame seeds"", ""soybeans"", ""sulphur dioxide and sulphites""]",[],,
Funfoods Veg Mayonnaise,Dr. Oetker,condiments,8906002007332,,"[""750g""]","[""Water"", ""Refined Soyabean Oil"", ""Sugar"", ""Thickeners (INS1442 INS415"", ""INS1450)"", ""lodised Salt"", ""Milk Solids"", ""Acidity Regulators (INS260"", ""INS330)"", ""Preservatives (INS211"", ""INS202)"", ""Antioxidant (INS319)""]","[""milk"", ""soybeans""]",[],,
Kissan Sweet & Spicy Sauce,kissan,condiments,8901030953217,,"[""850 g""]","[""WATER"", ""SUGAR"", ""TOMATO PASTE* (14.6%)"", ""CHILLI PUREE (5.6%)"", ""IODISED SALT"", ""STABILIZERS - E1422"", ""E415"", ""E412"", ""ACIDITY REGULATOR - E260"", ""GARLIC POWDER"", ""CHILLI FLAKES"", ""ONION POWDER"", ""SPICES AND CONDIMENTS"", ""PRESERVATIVE-E211"", ""NATURAL FLAVORING SUBSTANCE.""]","[""-""]",[],,https://images.openfoodfacts.org/images/products/890/103/095/3217/front_en.3.400.jpg
Hing (Compound Asafoetida),narpa,plant-based-foods-and-beverages,8906091170290,,"[""50g""]","[""Edible Gum"", ""Wheat Flour"", ""Asafoetida""]","[""gluten""]",[],,
milma ghee,milma,dairies,8906029780218,,"[""200ml""]","[""Milk fat""]","[""milk""]",[],,
Harvest Gold White Bread,harvest-gold,plant-based-foods-and-beverages,8906020460010,,"[""700 g""]","[""Refined Wheat Flour (Maida) (64.9%)"", ""Sugar"", ""Yeast"", ""lodized Salt"", ""Gluten"", ""Preservatives (282"", ""200)"", ""Soya Flour"", ""Edible Vegetable Oil (Refined Soyabean Oil"", ""Refined Palmolein Oil)"", ""Emulsifiers (481 (i)"", ""472e"", ""415)"", ""Acidity Regulators (270"", ""297)"", ""Antioxidant (300)"", ""Flour Treatment Agent (516).""]","[""gluten"", ""soybeans""]",[],,https://images.openfoodfacts.org/images/products/890/602/046/0010/front_en.5.400.jpg
Chana Kabuli,rajdhani,plant-based-foods-and-beverages,8906002345885,,"[""1kg""]","[""Chana Kabuli""]","[""-""]",[],,
Synthetic Vinegar,double-horse,condiments,8904011504736,,"[""500ml""]","[""Water 95% and Acetic Acid 5%""]","[""-""]",[],,
Beetroot,-,plant-based-foods-and-beverages,0000590009967,,"[""250g""]","[""Beetroot""]","[""-""]",[],,https://images.openfoodfacts.org/images/products/000/059/000/9967/front_en.3.400.jpg
Millet namkeen mango achari,eat-better-co,snacks,8908024057357,,"[""32gm""]","[""Peanuts 27%"", ""Jowar flakes 14.3% Jowar"", ""Rice)"", ""Ragi crisp 13.4% (Pagi"", ""Rice)"", ""Rice crisps"", ""Jowar Crisps 13.4% (Jowar"", ""Rice) Sunflower"", ""*Seasoning - [Chilli powder"", ""Mao powder"", ""Sugar"", ""Acidity reguor(INS 330"", ""INS 296). Flavour enhancers (INS 627"", ""INS 631)"", ""Anti caking agent (INS 551)"", ""Hydrolysed Vegetable Protein"", ""Natural and Nature Identical Flavoring Substances"", ""lodised salt. *As flavouring agent. Mfd and Mkt by Eat Better A1 & A2. 100 F Nutritional Informatic Serve Size - 10g dional Data Per 100g gy (kcal) ydrates (g) 455.6 61.8 4 Sugars (g) sugars (g) ry fibre (g) 0 10.2 tein (g) 15 al fat (g) 16.5 ated fat (g) 1.6 ans fat (g) 0 esterol (mg) dium (mg) 0 933.1 Calculation is on the basis of 20 per day and ICMR NTO SHOP RE: 181 4251106 06/11/25 05/05/26 Alle""]","[""peanuts""]",[],,
Muesli With 20% Nuts Delight,Kellogg's,plant-based-foods-and-beverages,8901499010506,,"[""400g""]","[""Multigrain (68.2%) {(Wheat (24%)"", ""Corn Grits (14.1%)"", ""Rolled Barley (10.6 %)"", ""Rolled Oats (10.6%)"", ""Rice (9.1%)}"", ""Dry Fruit & Nut (20%) {(Raisins (14%)"", ""Almond (6%)"", ""Sugar"", ""Cereal Extract"", ""Wheat Bran"", ""iodized Salt"", ""Vitamins"", ""Minerals"", ""Flavour (Artificial (Coconut)}"", ""Antioxidant (INS 320 & INS 307b).""]","[""gluten"", ""nuts"", ""sulphur dioxide and sulphites""]",[],,
super muesli no added sugar,yogabar,plant-based-foods-and-beverages,8904335600657,,"[""700g""]","[""Whole Grains 50% (Rolled Oats"", ""Brown Rice Flakes"", ""Jowar Flakes). Seeds 2% (Pumpkin. Sesame"", ""Watermelon"", ""Chia"", ""Flax)"", ""Natural Plant Based Dietary Fibre (Fructo-oligo Saccharides)"", ""Almonds 8%"", ""Whole Milk Powder"", ""Rice Bran Oil"", ""Probiotics (Bacillus coagulans SNZ1969*). *500 million cfu per serving CONTAINS ADDED NATURAL FLAVOUR (ROSEMARY EXTRACT"", ""CARAMEL) PROPRIETARY FOOD CATEGORY 6.3 BREAKFAST CEREAL. Allergen advice: Products are processed on machinery in a plant that also processes peanuts tree nuts"", ""sesame"", ""soy and dairy products.""]","[""milk"", ""nuts"", ""sesame seeds"", ""soybeans""]",[],,https://images.openfoodfacts.org/images/products/890/433/560/0657/front_en.4.400.jpg
bourbon,britannia,snacks,8901063139329,,"[""50g""]","[""Flavoured\nSandwich BiscuitsINGREDIENTS: REFINED WHEAT FLOUR (MAIDAL SUGAR (331 Nutr\nREFINED PALM OIL"", ""EDIBLE MAIZE STARCH"", ""COCOA SOLIDS (2:7% Per 1\nMILK SOLIDS"", ""RAISING AGENTS (500i)& 503(0)1"", ""EMULSIRERS r\n(471& 322(0)) AND IODISED SALT"", ""CONTAINS PERMITTED HATURAL (150a&150d)&SYNTHETIC\n(122"", ""110"", ""133&102) FOOD COLOURS AND ADDED FLAVOURS\n(NATURE IDENTICAL&ARTIFICIAL (VANILLA"", ""CHOCOLATE MILK\nMILKY COCOA) FLAVOURING SUBSTANCES\n(Numbers in brackets as per International Numbering System\nCONTAINS WHEAT"", ""MILK AND SOYA\nSTORE IN A CO00L"", ""HYGIENIC AND DRY PLACE TRANSFER wChole\nCONTENTS T0 A CLEAN AIRTIGHT CONTAINER ONCE OPENEDof wFatEner""]","[""gluten"", ""milk""]",[],,
Minute maid,coca-cola,beverages-and-beverages-preparations,8901764362606,,"[""1""]","[""WATER"", ""SUGAR"", ""ORANGE JUICE (10.5%) (RECONSTITUTED FROM ORANGE JUICE CONCENTRATE & ORANGE PULP CELLS)"", ""ACIDITY REGULATORS (330"", ""331(iii))"", ""ANTIOXIDANT (300)"", ""COLOURS (110"", ""102)"", ""ORANGE FLAVOURS (NATURAL"", ""NATURE-IDENTICAL AND ARTIFICIAL FLAVOURING SUBSTANCES).""]","[""-""]",[],,
Current hot ´n’ spicy chilli+ pepper noodles,current,plant-based-foods-and-beverages,8906088860258,,"[""100 g""]","[""INGREDIENTS OF NOODLES: Wheat Flour"", ""Vegetable Oil"", ""Wheat Gluten"", ""Modified Tapioca Starch"", ""Salt"", ""Acidity Regulators [500(ii) & 501(ii)]"", ""Stabilisers [400 & 452(ii)] and Riboflavin (101).\nINGREDIENTS OF SEASONING: Salt"", ""Garlic Powder"", ""Hydrolysed Vegetable Protein (HVP)"", ""Soya Sauce Powder"", ""Sugar"", ""Red Chilli Pepper"", ""Black Pepper"", ""Maltodextrin (1400)"", ""Chicken Flavour"", ""Flavour Enhancers (621"", ""627 & 631)"", ""Food Acid (296)"", ""Paprika (160c) and Other Natural Herbs & Spices.\nINGREDIENTS OF DEHYDRATED VEGETABLES: Carrot"", ""Cabbage"", ""Peas"", ""Red Chilli"", ""Flakes and Chives.\nINGREDIENTS OF PASTE: Refined Vegetable Oil"", ""Chilli Powder"", ""Paprika (160c) and Other Spices.""]","[""gluten"", ""soybeans""]",[],,https://images.openfoodfacts.org/images/products/890/608/886/0258/front_en.13.400.jpg
ON Gold Standard 100% Whey Protein,optimum-nutrition,dietary-supplements,0748927056372,,"[""2.27 kg""]","[""Protein Blend (92%)"", ""(Whey Protein Isolate"", ""Whey Protein Concentrate"", ""Hydrolysed Whey Protein) (Emulsifier: Say Lecithin)"", ""Flavours"", ""Cookie Crumb (Enrich Flour [Wheat Flaur"", ""Niacin"", ""Reduced Iron"", ""Thiamine Mononitrate"", ""Riboflavin"", ""Falic Acid]"", ""Sugar"", ""Palm And Palm Kernel Oil"", ""Cocoa Powder Processed With Alkali]"", ""High Fryctose Corn Syrup. Corn Flour. Salt"", ""Dextrose"", ""Sodium Bicarbonate"", ""Soy Lecithin)"", ""Sodium Lhloride"", ""Thickeners (466"", ""415"", ""407)"", ""Sweetener (955). ALLERGENS: Contains MILK"", ""WHEAT and SOY.""]","[""gluten"", ""milk"", ""soybeans""]",[],,
India's magic masala,Lay's,plant-based-foods-and-beverages,06231512,,"[""20 g.""]","[""ta ahaba gahav uahah""]","[""-""]",[],,
Bingo Mad Angles PIZZA..AAAAH,itc,snacks,8901725109868,,"[""36.5g""]","[""RICE GRITS"", ""SEASONING MIX {REFINED PALMOLEIN"", ""SUGAR"", ""IODIZED SALT. MALTODEXTRIN [PRESERVATIVE (INS 220)"", ""HYDROLYZED VEGETABLE PROTEIN"", ""ANTICAKING AGENT (INS 551)"", ""EMULSIFIER (INS 414) AND FLAVOR ENHANCERS (INS 627"", ""INS 631)}"", ""REFINED *USED AS FLAVOURING AGENT. FLAVOURING SUBSTANCES AND NATURE IDENTICAL FLAVOURING SUBSTANCESI UKEEN (15.1)""]","[""-""]",[],,https://images.openfoodfacts.org/images/products/890/172/510/9868/front_en.4.400.jpg
100% Moong and Edmame spaghetti,pink-harvest-farms,plant-based-foods-and-beverages,8908012945055,,"[""200g""]","[""ORGANIC EDAMAME (GREEN SOYBEANS)"", ""ORGANIC MOONG BEAN""]","[""soybeans""]",[],,
Chocobar,Arun Icecreams,desserts,8904057300040,,"[""38 g, 58 ml""]","[""Ice Cream (70%): Milk"", ""Milk Solids"", ""Water"", ""Sugar"", ""Liquid Glucose"", ""Emulsifying (INS 471"", ""INS 477) & Stabilizing Agents (INS 412"", ""INS 410). Milk Chocolate Covering (30%): Sugar"", ""Palm Kernel Oil"", ""Maltodextrin"", ""Cocoa Solids"", ""Milk Solids & Emulsifier (INS 322). CONTAINS ADDED FLAVOUR-ARTIFICIAL (VANILLA) FLAVOURING SUBSTANCES. Allergen Advice: Contains Soy""]","[""milk"", ""soybeans""]",[],,
Amul Lassi 250 ml,amul,beverages-and-beverages-preparations,8901262151696,,"[""250 ml""]","[""Milk solids"", ""water"", ""sugar"", ""stabilizer (440)"", ""nature identical and artificial flavouring substances (rose)"", ""active culture. Allergen Information: Contains milk.""]","[""milk""]",[],,https://images.openfoodfacts.org/images/products/890/126/215/1696/front_en.43.400.jpg
Gangotri Khakra Plain,gangotri,wheat-khakra,8908010196053,,"[""200 g""]","[""Wheat Flour"", ""Palm Oil & lodized Salt.""]","[""gluten""]",[],,
Corn Flakes Original,Kellogg's,plant-based-foods-and-beverages,8901499008299,,"[""30g""]","[""Corn Grits (87.7%)"", ""Sugar"", ""Cereal Extract"", ""lodized Salt"", ""Vitamins"", ""Minerals and Antioxidant (INS 320 CONTAINS GLUTEN. MAY CONTAIN TRACES OF TREENUTS.""]","[""gluten""]",[],,
Manna Health Mix,manna,plant-based-foods-and-beverages,8906008350050,,"[""250 g""]","[""Millets and Cereals 82.8% (Ragi"", ""Bajra"", ""Corn"", ""Jowar"", ""Wheat"", ""Red Rice"", ""Barley & Sago)"", ""Pulses & Nuts 16% (Bengal Gram and Green Gram"", ""Groundnut"", ""Almond & Cashewnut)"", ""Cardamom 1.2%.\nAllergen Advice: Contains Wheat"", ""Barley and Nuts""]","[""gluten"", ""nuts""]",[],,https://images.openfoodfacts.org/images/products/890/600/835/0050/front_en.10.400.jpg
Coca-Cola,the-coca-cola-company,beverages,8901764012914,,"[""250 ml""]","[""CARBONATED WATER"", ""SUGAR"", ""ACIDITY REGULATOR (338)"", ""CAFFEINE (8.7 mg/100 g)"", ""COLOUR (150d)"", ""FLAVOURS (NATURAL FLAVORING SUBSTANCES).""]","[""-""]",[],,
Berry Crunch,slurrp-farm,plant-based-foods-and-beverages,8906131680635,,"[""400 g""]","[""Supergrain blend (sorghum (jowar)"", ""finger millet (ragi)) (25.7%)"", ""corn (19.1%)"", ""raw unrefined sugar (19%)"", ""rice flour (10.2%)"", ""strawberry powder"", ""jaggery"", ""rice bran oil"", ""vanilla extract"", ""natural flavours"", ""beetroot powder"", ""natural vitamin E""]","[""-""]",[],,
Roasted Sunflower Kernels,tong-garden,plant-based-foods-and-beverages,8850291110832,,"[""200g""]","[""Pumpkin Kernels. Iodised Salt. Packaging gas (Nitrogen (E941))""]","[""-""]",[],,https://images.openfoodfacts.org/images/products/885/029/111/0832/front_en.7.400.jpg
Smoodh toffee caramel,parle-agro,beverages-and-beverages-preparations,8902579003654,,"[""150ml""]","[""MILK SOLIDS"", ""SUGAR"", ""DEXTROSE"", ""FOOD COLOUR (INS 150c) (0.92%)"", ""MALT EXTRACT"", ""EMULSIFIERS AND STABILIZERS [INS 460(1)"", ""INS 471"", ""INS 466"", ""INS 407"", ""INS 340"", ""INS 452]"", ""NATURAL AND NATURE IDENTICAL FLAVOURING SUBSTANCES (CARAMEL"", ""COCOA"", ""TOFFEE)"", ""ARTIFICIAL FLAVOURING SUBSTANCE (VANILLA) AND IODISED SALT. (EQUIVALENT TO 90% M/M DOUBLE TONED MILK) (INS-INTERNATIONAL NUMBERING SYSTEM) ALLERGEN INFORMATION: CONTAINS MILK"", ""BARLEY"", ""WHEAT AND MILLET""]","[""gluten"", ""milk""]",[],,
Amul Taaza,amul,dairies,8901262260091,,"[""1L""]","[""Pasteurized Homogenized Toned Milk""]","[""-""]",[],,
A-1 Chips Banana Wafers,a-1-chips,snacks,8904123551178,,"[""200g""]","[""Banana 85%"", ""Edible veg oil (Coconut oil) 12 %"", ""Salt"", ""Natural antioxidant (Mixed Tocopherol INS 307b)""]","[""banana""]",[],,
Horlicks Classic Malt,Horlicks,beverages-and-beverages-preparations,8901030915963,,"[""900g""]","[""Malt (66.7%) [Barley (32%)"", ""Wheat Flour (Atta)"", ""Wheat"", ""Millet]"", ""Milk Solids (14%)"", ""Sugar"", ""Wheat Gluten"", ""Minerals"", ""Edible lodized Salt"", ""Soy Protein Isolate"", ""Acidity Regulators (INS 501 (ii)"", ""500(ii)]"", ""Vitamins.""]","[""gluten"", ""milk"", ""soybeans""]",[],,https://images.openfoodfacts.org/images/products/890/103/091/5963/front_en.9.400.jpg
CHOCOLATE PEANUT BUTTER,myfitness,plant-based-foods-and-beverages,8904327600337,,"[""510g""]","[""Roasted Peanuts (83%)"", ""Dark Chocolate (10%)"", ""Sugar"", ""Salt"", ""Stabilizer (INS 471)""]","[""peanuts""]",[],,
Nilgiris Whole Wheat Brown Bread,nilgiris,plant-based-foods-and-beverages,8901018013162,,"[""400g""]","[""Whole Wheat Flour (Atta) (27.5%)"", ""Refined wheat flour (Maida) (22.73%)"", ""Potable Water"", ""Edible Vegetable Oil (Refined Palmolein oil)"", ""Sugar"", ""Yeast"", ""Wheat Gluten"", ""Wheat Bran"", ""Edible common salt (lodized Salt)"", ""Bread Improver INS-1100"", ""Preservative INS-282"", ""Edible Vegetable Oil (Refined Sunflower oil)"", ""Emulsifier INS-471"", ""481"", ""Acidity regulator INS-260 Allergen Information: Contains Wheat (Gluten)""]","[""gluten""]",[],,
Biscuit,bikaneri-namkeen-wala,snacks,0980003400017,,"[""400g""]","[""only""]","[""-""]",[],,https://images.openfoodfacts.org/images/products/098/000/340/0017/front_en.3.400.jpg
Emami Healthy & Tasty Mustard Oil,emami-healthy-tasty,plant-based-foods-and-beverages,8901248270298,,"[""1L""]","[""MUSTARD OIL"", ""VITAMIN A"", ""VITAMIN E AND VITAMIN D""]","[""-""]",[],,
Nero,nero,beverages-and-beverages-preparations,8906002528561,,"[""500ml""]","[""TREATED WATER"", ""WATER PROCESSED THROUGH R.O"", ""UV. TREATED MICRO FILTRATION AND OZONISED.""]","[""-""]",[],,
seed and choco chip cookies,chitale,snacks,0846203002881,,"[""200g""]","[""Atta"", ""Hydrogenated Vegetable Fat"", ""Refined Sugar"", ""Dark Chocolate Chips (11.4%) [Sugar"", ""Hydrogenated Vegetable Oil (Vanaspati)"", ""Maltodextrin"", ""Cocoa Solids"", ""Emulsifier (Soya Lecithin) (INS 322)"", ""Nature Identical Flavouring Substances (Vanillin)"", ""lodised Salt]"", ""Pumpkin Seeds (6.7%)"", ""Sunflower Seeds (6.7%)"", ""Cashewnuts (6.03%)"", ""Corn Flour"", ""Orange Peel"", ""Dextrose"", ""Skimmed Milk Powder"", ""Nature Identical Flavour (Orange)"", ""Artificial Flavour (Vanilla)"", ""Raising Agent [INS 503 (ii)"", ""INS 521"", ""INS 500 (ii)]"", ""lodised Salt.""]","[""gluten"", ""milk"", ""nuts"", ""orange"", ""soybeans""]",[],,https://images.openfoodfacts.org/images/products/084/620/300/2881/front_en.3.400.jpg
Kachhi Ghani Mustard Oil Agmark Grade-I,shahi-pariwar,plant-based-foods-and-beverages,8906120070225,,"[""1 Litre (910g)""]","[""Mustard Oil"", ""Vitamin A"", ""Vitamin D""]","[""-""]",[],,
Uncle Chiprs,10-rs,plant-based-foods-and-beverages,8901491410106,,"[""24gm""]","[""Potato"", ""Edible Vegetable Oil (Palmolein)"", ""&quot"", ""Seasoning (Sugar"", ""lodised Salt"", ""&quot"", ""Spices and Condiments"", ""Acidity Regulators (330"", ""334"", ""296)"", ""Maltodextrin"", ""Edible Starch"", ""Salt Substitute (Potassium Chloride)"", ""Milk Solids"", ""Anticaking Agents (551"", ""470)"", ""Flavour Enhancers (631"", ""627)"", ""Color (150d)"", ""Flavour (Natural and Nature Identical Flavouring Substances)"", ""Modified Starch (1450)). *As flavouring agent. &quot"", ""Contains Onion ALLERGEN ADVICE: Contains Milk .co.in/en-IN/live/story/uncle-chipps""]","[""milk""]",[],,
Himzberg Kiwi,himzberg,beverages-and-beverages-preparations,8664522556555,,"[""250ml""]","[""Water"", ""Cane Sugar"", ""Kiwi Pulp 12% Acidity Regulator(INS - 330)Stabalizer (INS-440)"", ""Contains Permitted Food Color (INS-142)"", ""Added Permitted Natural"", ""Nature Identical & Synthetic Flavor"", ""Contains Class II Preservative (INS-211)"", ""(INS - 202)""]","[""-""]",[],,https://images.openfoodfacts.org/images/products/866/452/255/6555/front_en.5.400.jpg
Peanut Butter Crunchy,dr-oetker-funfoods,plant-based-foods-and-beverages,8906002006243,,"[""400g""]","[""Roasted Peanuts (91%)"", ""Sugar"", ""Edible Vegetable Fat (Soyabean)"", ""lodised Salt.""]","[""peanuts""]",[],,
Pepsi,pepsi,beverages,8902080104048,,"[""500ml""]","[""LEMAR PEPSi CARBONATED WATER (SWEETENED CARBONATED WATER)\nINGREDIENTS: CARBONATED WATER"", ""SUGAR"", ""ACIDITY REGULATOR (338)"", ""CAFFEINE"", ""STABILITI\nCONTAINS PERMITTED NATURAL COLOUR (150d) AND ADDED FLAVOUR\n(NATURAL FLAVOURING SUBSTANCES)\n&quot"", ""CONTAINS CAFFEINE&quot"", ""Nutritional information Per 100ml (Approx )"", ""Energy dalco\nIQuideline Daly Amount (2000 kcal diet) &quot"", ""Approx""]","[""-""]",[],,
Organic Urad Black Split,24-mantra-organic,plant-based-foods-and-beverages,8904083503941,,"[""500g""]","[""Urad Dal""]","[""-""]",[],,https://images.openfoodfacts.org/images/products/890/408/350/3941/front_en.7.400.jpg
Rolled Oats,true-elements,plant-based-foods-and-beverages,8906112660519,,"[""40g""]","[""Rolled Oats""]","[""-""]",[],,
Flipkart Grocery Sona Masoori Rice (Steam),flipkart-grocery,plant-based-foods-and-beverages,8904293727236,,"[""10kgs""]","[""Sona Masoori Rice""]","[""-""]",[],,
SNAXICO LITTLE HEART લિટલ હાર્ટ,snaxico,snacks,8906119370367,,"[""200g""]","[""FORTIFIED WHEAT FLOUR"", ""SUGAR EDIBLE VEG. OIL HYDROGENERATED VEG"", ""SALT.FAT STARCH""]","[""gluten""]",[],,https://images.openfoodfacts.org/images/products/890/611/937/0367/front_en.4.400.jpg
Aashirvaad Organic Whole Wheat Atta,Aashirvaad,plant-based-foods-and-beverages,8901725019730,,"[""1kg""]","[""Organic Whole Wheat""]","[""gluten""]",[],,
More Choice Barley,more-choice,plant-based-foods-and-beverages,8903023272275,,"[""200g""]","[""Barley""]","[""gluten""]",[],,
Cucumber,more,plant-based-foods-and-beverages,0000101481703,,"[""500g""]","[""Cucumber""]","[""-""]",[],,https://images.openfoodfacts.org/images/products/000/010/148/1703/front_en.6.400.jpg
Cadbury Dairy Milk Roast Almond Chocolate bar,-,snacks,7622210361912,,"[""15g""]","[""SUGAR"", ""MILK SOLIDS (23%). ALMONDS (12%)"", ""COCOA MASS (11X). COCOA BUTTER"", ""NON-HYDROGENATED VEGETABLE FAT (PALM SHEA ILL EMULSIFIERS (SOVA LECITHIN DNS 322001. PGPR (INS (76)"", ""NATURE IDENTICAL VAN FLATOUR NATURAL AND ARTIFICIAL MINED ON FR FOOD ADDITIVES ARE OF PLANT AND SYNTHETIC ORIGINS. ALLERGEN INFORMATION: CONTAINS KILK"", ""ALMONDS"", ""SOYA HA WHEAT"", ""OTHER TREE NUTS. RAMUAN: GULA"", ""PEPEJAL SUSU (23%)"", ""BADAM (12%). JISIN KOKO (11%)"", ""MENTEGA KORO. TEMAN SA TERHIDROGEN (KELAPA SAWIT SHEA ILLIPE)"", ""PENGEMULSI (LESITIN SOYA (INS 322]. POLIGLISEROL ESTER TERINTERESTER ASID RISINGLE PERISA ADITIF MAKANAN ADALAH DARIPADA SUMBER TUMBUHAN DAN SINTETIK"", ""MAKLUMAT ALERGEN: MENGANDUNGI SUSU"", ""BADAN MUNGKIN MENGANDUNGI KACANG TANAN"", ""GANDUM"", ""KEKACANG LAIN.""]","[""milk"", ""nuts""]",[],,
Jeesha Mustard Oil,jeesha-oil,plant-based-foods-and-beverages,0236489257156,,"[""1 litre""]","[""Mustard seeds""]","[""mustard""]",[],,
Sangam Curd,sangam,dairies,8902133055662,,"[""450 g""]","[""PASTEURISED HOMOGENSED TONED MILK & ACTIVE LACTIC CULTURES""]","[""milk""]",[],,https://images.openfoodfacts.org/images/products/890/213/305/5662/front_en.3.400.jpg
Yakult Lite Mango,yakult,beverages-and-beverages-preparations,8906019270026,,"[""325ml""]","[""Water"", ""Sugar"", ""Skimmed Milk Powder"", ""Glucose"", ""Stabilizer (Pectin)"", ""Sweetener (Steviol Glycoside)"", ""Vitamin E. (7) OTHER 15% 15% Vitamin D. Probiotic-Lactobacillus casei strain Shirota""]","[""milk""]",[],,
Pravin Mango Pickle,pravin,plant-based-foods-and-beverages,8903241110076,,"[""1 kg""]","[""Green Mango (63%)"", ""lodised Salt"", ""Cotton Seed Oil"", ""Mustard"", ""Red Chilli"", ""Fenugreek"", ""Turmeric"", ""Acidity Regulator - Acetic Acid (E260)"", ""Asafoetida.""]","[""mustard""]",[],,
Bonn Royal Bake White Bread,bonn,plant-based-foods-and-beverages,8904474000882,,"[""400g""]","[""REFINED WHEAT FLOUR - MAIDA (55%)"", ""WATER"", ""YEAST"", ""SUGAR"", ""EDIBLE COMMON SALT"", ""REFINED PALM OIL"", ""SOYABEAN OIL"", ""SOY FLOUR"", ""GLUTEN"", ""PRESERVATIVES [280"", ""281 & 200]"", ""ANTIOXIDANT [300]"", ""ANTICAKING AGENT [170(i)]"", ""FLOUR IMPROVERS  (1100(i) & 1104] AND EMULSIFIERS [481(i)"", ""471"", ""472e & 479].""]","[""gluten"", ""soybeans""]",[],,https://images.openfoodfacts.org/images/products/890/447/400/0882/front_en.3.400.jpg
Probiotic Buttermilk,akshayakalpa-organic,dairies,8908003249490,,"[""180ml""]","[""Water"", ""Organic Pasteurized Cow Milk"", ""Himalayan Pink Salt. Active Culture. Active Probiotics: Bifidobacterium animalis subsp. lactis - 12"", ""Lactobacillus acidophilus-5. Contains ≥108 CFU/serving viable organisms.""]","[""milk""]",[],,
protein powder,the-whole-truth-protein-powder,dairies,8906143891760,,"[""210g""]","[""whey protein blend"", ""whey protein isolate"", ""whey protein concentrate  (instantized with sunflower lecithin)"", ""whole milk powder"", ""dates"", ""cocoa"", ""bromelain"", ""monk fruit juice concentrate""]","[""milk""]",[],,
Crunchem Pizzy Masala,balaji,snacks,8906010501198,,"[""30 g""]","[""POTATO (88%)"", ""EDIBLE VEGETABLE OIL (PALMOLEIN)"", ""SUGAR EDIBLE COMMON SALT"", ""DEHYDRATED VEGETABLE POWDER 0.6% (ONION"", ""GARLIC"", ""TOMATO)"", ""MILK SOLIDS (WHEY (0.1%) SPICES & CONDIMENTS (CHILLI"", ""PEPPER"", ""OREGANO)"", ""PARSLEY ANTICAKING AGENT (INS 551"", ""INS 414)"", ""NATURAL & NATURE IDENTICAL FLAVOURING SUBSTANCES (PIZZA). PROPRIETARY FOOD POTATO WAFERS INDIAN SNACKS & SAVOURIES ALLERGEN ADVICE: CONTAINS MILK SOLID""]","[""milk""]",[],,https://images.openfoodfacts.org/images/products/890/601/050/1198/front_en.3.400.jpg
Kesar Kulfi,whitecub,desserts,8908005733331,,"[""70g""]","[""Coconut Cream"", ""Soy Milk"", ""Sugar"", ""Cardamom Powder"", ""Saffron"", ""Permitted Emulsifier"", ""Stabilizers"", ""Nature-Identical Flavour""]","[""soybeans""]",[],,
Hustle Energy Drink,hustle-energy,beverages-and-beverages-preparations,8908013140619,,"[""250ml""]","[""CARBONATED WATER"", ""SUGAR"", ""ACIDITY REGULATORS (INS 330"", ""INS 331 (III)"", ""INS 500 (11)"", ""INS 504 (1) TAURINE (0.4%)"", ""FLAVOURS (NATURAL & ARTIFICIAL (MIXED FRUITS FLAVOUR COLOUR (150 a)"", ""CAFFEINE (30mg/100ml)"", ""PRESERVATIVES (INS 211)"", ""VITAMINS (NACIN"", ""B6"", ""B2"", ""B12)""]","[""-""]",[],,
Rich Marie,biskfarm,snacks,8901928014501,,"[""400g""]","[""REFINED WHEAT FLOUR (MAIDA (75.47%)"", ""SUGAR EDIBLE VEGETABLE OIL (PALM PALMOLEIN) LIQUID GLUCOSE"", ""CONDENSED MILKMEK SOLIDS"", ""RAISING AGENTS 1500(1)"", ""503(0) SALT EMULSIFIERS (471481)"", ""ACIDITY REGULATOR (330)"", ""DOUGH CONDITIONER (223)"", ""FLOUR TREATMENT AGENTOT OISPERSING AGENT (1520) AND ANTIOXIDANT (319) \n\nCONTAINS ADDED FLAVOUR (VANILLA"", ""MILK"", ""BUTTER)\n\n CONTAINS WHEAT AND WILK HYPERSENSITIVE INGREDIENTS""]","[""gluten"", ""milk""]",[],,https://images.openfoodfacts.org/images/products/890/192/801/4501/front_en.3.400.jpg
Protein Bread,the-health-factory,plant-based-foods-and-beverages,8908009059031,,"[""250 g""]","[""Wheat Flour Excellent"", ""Protein Blend (Pea Protein Isolate"", ""Soy Protein Isolate"", ""Lentil Protein Concentrate)"", ""Gluten"", ""Yeast"", ""Vinegar"", ""Sunflower Oil"", ""Cane Sugar"", ""Iodised Salt"", ""Cultured Wheat Flour.""]","[""gluten"", ""soybeans""]",[],,
Muesli Fruit & Nut,kwality,plant-based-foods-and-beverages,8906014903592,,"[""1 kh""]","[""Multi grains 76.2% [Wheat Flakes (30%) (Wheat"", ""sugar"", ""salt"", ""malt extract"", ""Emulsifier (INS322)). Corn flakes (25%) (Corn grits"", ""sugar"", ""Malt extract"", ""salt"", ""Emulsifier (INS322))"", ""Rolled Oats (15%)"", ""Brown Rice Flakes (6.2%)]"", ""Sugar"", ""Dehydrated fruits & Nuts (Raisins (2%)"", ""Dehydrated Papaya (2%)"", ""Almond (1%)"", ""Dehydrated Apple (0.8%))"", ""Salt"", ""Acidity regulator (INS 330)"", ""Antioxidant (INS 307b).""]","[""gluten"", ""nuts""]",[],,
Ragi Flour,vijay-gold,plant-based-foods-and-beverages,8906012230409,,"[""1 kg""]","[""Ragi Flour""]","[""-""]",[],,https://images.openfoodfacts.org/images/products/890/601/223/0409/front_en.3.400.jpg
soya sauce,sams,condiments,8906027122782,,"[""200 g""]","[""Water"", ""Soya Bean Extract"", ""Caramel (E-150C)"", ""Salt"", ""Acidity Regulator (E-260)"", ""Thickener (E-415)"", ""Permitted Class II Preservatives""]","[""soybeans""]",[],,
Centerfruit Watermelon Flavour,centerfruit,snacks,8901393024289,,"[""588g""]","[""Sugar"", ""Gum Base"", ""Liquid Glucose"", ""Acidity Regulator (INS 330)"", ""Flavour (Artificial (Watermelon) Flavouring Substances)"", ""Humectant (INS 422)"", ""Emulsifier (INS 322)"", ""Antioxidant (INS 321)"", ""Colours (INS 133"", ""INS 102)"", ""Strawberry Juice Concentrate (0.005%)""]","[""-""]",[],,
Mixed Fruit Jam,kissan-is-sold-by-hindustan-unilever-limited,plant-based-foods-and-beverages,8901030535093,,"[""700 g""]","[""SUGAR"", ""MIXED FRUIT PULP BLEND-46% (BANANA PULP"", ""PAPAYA PULP"", ""PEAR PULP"", ""APPLE JUICE PINEAPPLE JUICE"", ""ORANGE JUICE"", ""MANGO PULP"", ""GRAPE JUICE)"", ""THICKENER-440"", ""ACIDITY REGULATOR-330"", ""PRESERVATIVE-202"", ""VITAMIN B3.\n\nCONTAINS PERMITTED SYNTHETIC FOOD COLOUR - 122 AND ADDED FLAVOURS-1 ARTIFICIAL RASPBERRY"", ""PINEAPPLE AND STRAWBERRY FLAVOURING SUBSTANCES.\n\nCONTAINS PERMITTED CLASS III PRESERVATIVE.""]","[""-""]",[],,
Aashirvaad Ready to cook Chapati,Aashirvaad,plant-based-foods-and-beverages,8901725005580,,"[""10""]","[""Atta (54.9%)"", ""Water (36.4%)"", ""Refined Sunflower Oil"", ""Iodized Salt"", ""Tapioca Flour"", ""Milk Solids"", ""Humectant (INS 422)"", ""Wheat Gluten"", ""Emulsifier [Mono - and di-glycerides of fatty acids (from Palm oil)]"", ""Vitamin C and Yeast.""]","[""gluten"", ""milk""]",[],,https://images.openfoodfacts.org/images/products/890/172/500/5580/front_en.3.400.jpg
Paneer,govind,dairies,8906027714154,,"[""180g""]","[""Standardized Milk"", ""Citric Acid (INS 330)""]","[""milk""]",[],,
Muesli,amazon-solimo,plant-based-foods-and-beverages,00000839,,"[""1 Kg""]","[""Multictain Flakes (83.9%) [Rotted at 7%)"", ""Wheat Flakes (35%) (Wheat"", ""lodised Salt"", ""Malt Extract"", ""Emulsifier (INS 322) & Antioxidant (INS 320) Corn Flakes (11.9%) (Corn Grits"", ""lodised Salt"", ""Malt Extract"", ""Emulsifier (INS 322) & Antioxidant (INS 320)1"", ""Apple Juice Concentrate (10%)"", ""Dried Fruits & Nuts (5%) [Sliced Almonds (2.5%)"", ""Raisins (2.5%)]"", ""Emulsifier (INS 322) Flavours [Artificial (Red Apple) & Natural flavouring substances] & Antioxidant (INS 320) STORAGE INSTRUCTIONS: 1. Not to be consumed if seal is broken 2. Secure lid tightly after every use 3. Store in dry place and away from heat and light. ALLERGEN: Contains Soy"", ""Wheat"", ""Oats"", ""Barley & Nut""]","[""gluten"", ""nuts"", ""soybeans""]",[],,
Naan rounds original,stone-fire,biscuits-and-crackers,0890497000412,,"[""360 g""]","[""Enriched wheat flour"", ""buttermilk (milk ingredients"", ""bacterial culture)"", ""soybean oil"", ""sugars (sugar"", ""dextrose)"", ""modified wheat starch"", ""cultured wheat flour"", ""salt"", ""ghee (clarified butter)"", ""acacia gum"", ""baking powder"", ""yeast"", ""mono - and diglycerides"", ""amylase"", ""xylanase. Contains: wheat"", ""milk. May contain: eggs"", ""sesame seeds.""]","[""eggs"", ""gluten"", ""milk"", ""soybeans""]",[],,https://images.openfoodfacts.org/images/products/089/049/700/0412/front_en.58.400.jpg
Black Pepper Powder,mdh,plant-based-foods-and-beverages,8902167000317,,"[""100g""]","[""Black Pepper Powder""]","[""-""]",[],,
Eastern Chilli Powder,eastern,plant-based-foods-and-beverages,8901440023395,,"[""250g""]","[""Chilli""]","[""-""]",[],,
Masala Veg Atta Noodles,Maggi,plant-based-foods-and-beverages,8901058009729,,"[""72.5g""]","[""Noodles: Wheat Flour (Atta) (84.2%)"", ""(not more than) Palm oil"", ""Iodized salt"", ""Wheat gluten"", ""Thickeners (508&412)"", ""Humectants (451(i)&452(i)) and Acidity regulators (501(i) & 500 (i)). Masala TASTEMAKER: Dehydrated &quot"", ""Guideline Daily Amounts of an Vegetables (22%) (Carrot bits (12%)"", ""Green peas""]","[""gluten""]",[],,https://images.openfoodfacts.org/images/products/890/105/800/9729/front_en.19.400.jpg
Pichkoo,Maggi,condiments,8001048004953,,"[""75g""]","[""Water"", ""Tomato paste (24.5%)"", ""Sugar"", ""lodized salt"", ""Acidity regulator (260)"", ""Thickeners (1422 & 415)"", ""Dehydrated onion"", ""Dried garlic"", ""Preservative (211) and Mixed spices.""]","[""-""]",[],,
ROASTED SHORT VERMICELLI,anil,wheat-vermicelli,8906042150067,,"[""450g""]","[""Refined Wheat Flour (Maida)""]","[""gluten""]",[],,
Organic Brown Chana,popular,plant-based-foods-and-beverages,8906108304748,,"[""500g""]","[""Organic Brown Chana""]","[""-""]",[],,https://images.openfoodfacts.org/images/products/890/610/830/4748/front_en.5.400.jpg
Classic salted chips,swagath,plant-based-foods-and-beverages,24998796,,"[""100gm""]","[""Potato"", ""edible vegetable oil"", ""edible common salt.""]","[""-""]",[],,
Aa Unbranded Urad Dal Split-1Kg,daylis-fresh,plant-based-foods-and-beverages,0000140000116,,"[""1Kg""]","[""Urad Dal""]","[""-""]",[],,
Seed Cocktail,eatrite,plant-based-foods-and-beverages,0009999996994,,"[""180 g""]","[""Pumpkin"", ""Watermelon"", ""Musk Melon Sunflower"", ""Flax Seeds & Soy Sauce""]","[""soybeans""]",[],,https://images.openfoodfacts.org/images/products/000/999/999/6994/front_en.5.400.jpg
classic salted chips,Lay's,plant-based-foods-and-beverages,6009510806151,,"[""48 g""]","[""Potatoes"", ""Vegetable Oil"", ""Salt"", ""Maltodextrin"", ""Spices"", ""Sugar"", ""Onion Powder"", ""Mango Powder"", ""Garlic Powder"", ""Tomato Powder"", ""Citric Acid"", ""Paprika Extract"", ""Yeast Extract"", ""Natural Flavour""]","[""-""]",[],,
Apple cider vinegar,american-garden,beverages,0717273501782,,"[""473ml""]","[""Water and apple cider vinegar"", ""5% acidit""]","[""-""]",[],,
Natural Cheddar slices,d-lecta,dairies,8906010090593,,"[""200 g""]","[""Pasteurized Cow's Milk"", ""Pasteurized Skim Milk"", ""lodised Salt"", ""Stabilizer (INS 509)"", ""Microbial Culture & Microbial Rennet""]","[""milk""]",[],,https://images.openfoodfacts.org/images/products/890/601/009/0593/front_en.4.400.jpg
Potato Chips (Plain Salted flavour) 20rs,Uncle Chipps,plant-based-foods-and-beverages,8901491435000,,"[""50g""]","[""Potato"", ""Edible Vegetable Oil (Palmolein"", ""Sunflower Oil)"", ""Iodised Salt (1.5%)""]","[""-""]",[],,
As It Is Whey Protein,atom,dietary-supplements,8904221697860,,"[""1 kg""]","[""Whey Protein Concentrate"", ""Whey Protein Isolate"", ""Cocoa Powder"", ""Artificial Flavour"", ""Probiotic Blend"", ""DigeZyme"", ""Lecithin"", ""Sucralose. WARNING: Not intended for use by pregnant or lactating women. If you are on any medication"", ""consult your doctor before use. Avoid this if you are allergic. Discontinue use and consult your doctor or healthcare professional if any adverse condition occurs. CONTAINS NON-CALORIC SWEETENER FOR CALORIE CONSCIOUS CONTAINS SUCRALOSE ALLERGEN INFORMATION: CONTAINS MILK & MILK PRODUCT"", ""MANUFACTURED IN A FACILITY THAT ALSO PROCESS SOY PRODUCTS. STORAGE""]","[""milk""]",[],,
Salted peanuts,haldiram-s,plant-based-foods-and-beverages,8904063253842,,"[""200g""]","[""Peanuts (89%)"", ""Edible Vegetable Oil Edil (Palmolein/ cotton Seed) and lodised Salt (1.6%) formation:""]","[""peanuts""]",[],,https://images.openfoodfacts.org/images/products/890/406/325/3842/front_en.17.400.jpg
desiccated coconut powder,sheer-coco,plant-based-foods-and-beverages,8908014531065,,"[""100g""]","[""calories - 687. 7kcal"", ""total fat - 62. 5gm"", ""saturated fat 58.3gm"", ""dietary fibre 8.5gm"", ""protein 9.6gm"", ""cholesterol 0.0mg"", ""calcium 14.3mg"", ""vitamin 202mg""]","[""-""]",[],,
Suman Chanachur,maa-jasoda-food-products-p-ltd,chanachur,8908004620229,,"[""180 gm""]","[""Gram Pulses"", ""Peanut"", ""Gram Flour"", ""Pea Flour"", ""Pure Vegetable Oil"", ""Red Chilli Powder"", ""Common salt"", ""Black Rock Salt"", ""Cardamom owder"", ""Cumin Powder"", ""Cinamom Powder"", ""Clover Powder"", ""Dry Ginger Powder"", ""Sugar Powder and Asafetida.""]","[""peanuts""]",[],,
Protein bar,stroom,dietary-supplements,8906161540251,,"[""10 g""]","[""Protein Blend (Milk Protein concentrate"", ""Soy protein isolate)"", ""Almond Butter"", ""Coffee Powder"", ""Natural Prebiotic fibre (fos)"", ""Honey"", ""Oats Flour"", ""Almonds"", ""Milk Powder"", ""Natural Humectant"", ""Vitamin E"", ""White Chocolate Compound"", ""Dark Chocolate Compound Contains added natural flavour - Rosemary extract"", ""Belgian Chocolate"", ""Vanilla"", ""Coffee""]","[""milk"", ""nuts"", ""soybeans""]",[],,https://images.openfoodfacts.org/images/products/890/616/154/0251/front_en.3.400.jpg
Scoops Gold Madagascar Vanilla,scoops,desserts,8906044172562,,"[""394g""]","[""Milk & Milk Solids"", ""Sugar"", ""Liquid Glucose"", ""Permitted Stabilizing and Emulsifying agents [INS 407"", ""INS 412"", ""INS 410"", ""INS 415"", ""INS 440"", ""INS 466"", ""INS 471"", ""INS 491] CONTAINS ADDED NATURE IDENTICAL AND ARTIFICIAL FLAVOURING SUBSTANCES.""]","[""milk""]",[],,
Parle-G Original Gluco Biscuits,parle,snacks,8901719117312,,"[""800 g""]","[""REFINED WHEAT FLOUR (MAIDA ) (68%)"", ""SUGAR"", ""REFINED PALM OU INVERT SUGAR SYRUP* [SUGAR"", ""CITRIC ACID]"", ""IODISED SALT"", ""RAISING AGENTS 1503 ( Üi)"", ""500 ))"", ""- MILK SOLIDS"", ""FLOUR TREATMENT AGENT [1101 ( i }] AND EMULSIFIER OF VEGETABLE ORIGIN (472e] CONTAINS ADDED FLAVOUR ( ARTIFICIAL FLAVOURING SUBSTANCES - VANILLA) (D-GLUCOSE"", ""LEVULOSE CONTAINS: WHEAT"", ""MILK""]","[""gluten"", ""milk""]",[],,
Dried Cranberries,nutraj,plant-based-foods-and-beverages,8906019775118,,"[""180g""]","[""Cranberries"", ""Sugar & Vegetable Edible Oil (Sunflower Oil)""]","[""-""]",[],,https://images.openfoodfacts.org/images/products/890/601/977/5118/front_en.3.400.jpg
MyGrandma's Treasures Chicken Pocket,mygrandma-s-treasures,meats-and-their-products,0765531067815,,"[""200g""]","[""Flour"", ""Chicken"", ""Clove"", ""Edible oil"", ""Onion"", ""Chilli powder"", ""Turmeric powder"", ""Cardamom"", ""Garlic"", ""Ginger"", ""Cinnamon"", ""Pepper"", ""Salt""]","[""chicken""]",[],,
Fruit Biscuit (Vegan),karachi-bakery,snacks,8906074827012,,"[""400gm 7 serving""]","[""Refined Wheat Flour (Maida)"", ""Sugar"", ""Edible Vegetable fat (Bakery Shortening)"", ""Vegan Milk Soilds (Almond & Soya)"", ""Papaya Cubes (Tooty Fruity) (10%) Cashew Bits (6%) & Iodised Salt.\nCONTAINS PERMITTED SYNTHETIC FOOD COLOURS - E102"", ""E110"", ""E129 & ADDED FLAVORS (NATURAL IDENTICAL & ARTIFICIAL FLAVORING SUBSTANCES - VANILLA & MIXED FRUIT""]","[""gluten"", ""nuts""]",[],,
Aa Unbranded Urad Dal Gota,daylis-fresh,plant-based-foods-and-beverages,0000140000204,,"[""500g""]","[""Urad Dal""]","[""-""]",[],,
Unmutton Dhaba Curry KIT,gooddot,plant-based-foods-and-beverages,0850015415975,,"[""Net Quantity: 520g and Drained Weight 325g""]","[""UnMutton Chunks: Water"", ""Soy Flour"", ""Soy Protein Isolate"", ""Wheat Gluten"", ""Vegetable Protein (Pea)"", ""Corn Flour"", ""Sago Flour"", ""Barley Flour"", ""Refined Wheat Flour"", ""Tapioca Starch"", ""Potato Starch"", ""Hydrolysed Vegetable Protein (Groundnut)"", ""Flax Seeds Powder"", ""Fenugreek Powder"", ""Fennel Seeds Powder"", ""Coriander Seeds Powder"", ""Garlic"", ""Onion"", ""Dry Ginger Powder"", ""Raising Agent(Baking Powder)"", ""Flavour Enhancer (Yeast Extract)"", ""lodised Salt.\r\n\r\nGravy Mix: Edible Vegetable Oil (Rice Bran)"", ""Onion Powder"", ""Garlic Powder"", ""Cumin Seeds"", ""Coriander Seeds"", ""Cardamom"", ""Cinnamon"", ""Clove"", ""Fenugreek Seeds"", ""Red Chili"", ""Bay Leaf"", ""Nutmeg"", ""Fennel"", ""Black Pepper"", ""Mustard Seeds"", ""Mace"", ""Star Anise"", ""Turmeric"", ""Carom Seeds"", ""Cashew Nuts"", ""Dry Mango Powder"", ""Tomato Powder"", ""Mustard Powder"", ""lodised Salt"", ""Flavour Enhancer (INS 640)"", ""Beet Red Powder"", ""Asafoetida. Whole Spices: Black Cardamom"", ""Green Cardamom"", ""Bay leaf"", ""Cinnamon Stick"", ""Star Anise"", ""Clove. CONTAINS PERMITTED NATURAL COLOUR AND ADDED FLAVOURS - NATURE IDENTICAL FLAVOURING SUBSTANCES.""]","[""gluten"", ""mustard"", ""nuts"", ""soybeans""]",[],,https://images.openfoodfacts.org/images/products/085/001/541/5975/front_en.3.400.jpg
Afresh,herbalife,beverages-and-beverages-preparations,00001291,,"[""50 g""]","[""Tea Powder (Orange Pekoe Extract"", ""Green Tea Extract)"", ""Bulking Agent (Maltodextrin)"", ""Sweetener (Fructose)"", ""Nature identical favouring substance"", ""Caffeine Powder""]","[""-""]",[],,
AA Unbranded Rajma Chitra-200g,aa-unbranded,plant-based-foods-and-beverages,0000120000564,,"[""200g""]","[""Rajma Chitra""]","[""-""]",[],,
Dharwad Peda,nandini,dairies,8906036675521,,"[""250g""]","[""Milk Solids"", ""Sugar""]","[""milk""]",[],,https://images.openfoodfacts.org/images/products/890/603/667/5521/front_en.5.400.jpg
Peda,rajhans,dairies,8908000716476,,"[""250 g""]","[""Milk Solids"", ""Sugar"", ""Cardamom""]","[""milk""]",[],,
Kangla bujiya,kangla-food-products,garlic-mixtures,8906035641350,,"[""100""]","[""Besan"", ""Salt"", ""Mirchi"", ""Garlic"", ""Edible Oil"", ""Black Salt Etc.""]","[""-""]",[],,
Chyawanprash Awaleha,dabur,dietary-supplements,8901207040337,,"[""950 g""]","[""Each 100g is prepared from Ext. derived from the following - Patals (Stereospermum suaveolens"", ""St. Bk.)"", ""Agnimantha (Clerodendrum phlomidis"", ""St. Bk.)"", ""Gambhari (Gmelina arborea"", ""St. Bk.)"", ""Bilva (Aegle marmelos"", ""St. Bk.)"", ""Shyonaka (Oroxylum indicum"", ""St. Bk.)"", ""Gokshura (Tribulus terrestris"", ""Fr.)"", ""Shalaparni (Desmodium gangeticum"", ""PI.)"", ""Prishniparni (Uraria picta"", ""Pl.)"", ""Brihati (Solanum indicum"", ""Pl.)"", ""Kantakari (Solanum surattense"", ""Pl.)"", ""Pippali (Piper longum"", ""Fr.)"", ""Karkatshringi (Pistacia integerrima"", ""Gl.)"", ""Draksha (Vitis vinifera"", ""Dr.Fr.)"", ""Guduchi (Tinospora cordifolia"", ""St.)"", ""Haritaki (Terminalia chebula"", ""P.)"", ""Bala (Sida cordifolia"", ""Rt.)"", ""Tamalaki (Phyllanthus niruri"", ""Pl.)"", ""Vasa (Adhatoda vasica"", ""Lf.)"", ""Jiwanti (Leptadenia reticulata"", ""Pl.)"", ""Shati (Hedychium spicatum"", ""Rz.)"", ""Musta (Cyperus rotundus"", ""Rz.)"", ""Pushkara (Inula recemosa"", ""Rt.)"", ""Kakanasika (Martynia annua"", ""Fr.)"", ""Mudgaparni (Phaseolus trilobus"", ""Pl.)"", ""Mashaparni (Teramnus labialis"", ""Pl.)"", ""Vidari (Pueraria tuberosa"", ""Rt. Tr.)"", ""Punarnava (Boerhavia diffusa"", ""Rt.)"", ""Utpala (Nymphaea stellata"", ""Fl.)"", ""Sukshamaila (Elettaria cardamomum"", ""Fr.)"", ""Agaru (Cinnamomum zeylanicum-official substitute"", ""St.Bk.)"", ""Shweta Chandan (Santalum album"", ""Ht. Wd.)"", ""Riddhi (Dioscores bulbifera-official substitute"", ""Rt. Tr.)"", ""orea bulbifera-official substitute"", ""(Asparagus recemosus - official Rt.)"", ""Mahameda (Asparagus official substitute"", ""Rt.)"", ""Jivaka Vrida Rt. 1 substr recemosus 6 official (Pueraria tuberosa - official substitute"", ""Rt. Tr.)"", ""Rishabhak (Pueraria tuberosa substitute"", ""Rt. Tr.)"", ""Kakoli (Withania somnifera - official substitute"", ""Rt.)"", ""Kshirkakoli (Withania somnifera-official substitute"", ""Rt.) each 0.396g and Amalaki (Emblica officinalis"", ""Fr."", ""Fr. Pulp) 90.0g"", ""Ghrita"", ""Tila tall (Sesamum indicum"", ""oil) each 1.38g"", ""Sharkara 59.5g"", ""Madhu 4.76g and Powder of the following-Pippali (Piper longum Fr.) 0.79g"", ""Vamsha (Bambusa bambos"", ""S.C.) 1.68g"", ""Tvak (Cinnamomum zeylanicum"", ""St.Bk.) Sukshamalla (Elettaria cardamomum"", ""F Tvakpatra (Cinnamomum tamala"", ""LAX Nagkesara (Mesua ferrea"", ""Sinn.)"", ""Abbrak Sam each 0.1g Mukta Pish 8.00 Akarkarabha (Anacyclus pyrethrum"", ""& Lavanga (Syzygium aromaticum"", ""FL B4) La Kumkum (Crocus sabus Sty Preservative Sodium Benzoate""]","[""-""]",[],,https://images.openfoodfacts.org/images/products/890/120/704/0337/front_en.42.400.jpg
Thoughtful Organic Whole Wheat,namdharis,plant-based-foods-and-beverages,8906049492634,,"[""1KG""]","[""Whole Wheat""]","[""gluten""]",[],,
Vedaka Raisins,vedaka,plant-based-foods-and-beverages,8903023002353,,"[""500g""]","[""Raisins""]","[""-""]",[],,
iD Idly dosa batter,id,plant-based-foods-and-beverages,8906020588646,,"[""500g""]","[""RO-PURIFIED WATER"", ""RICE (34%)"", ""URAD DAL"", ""FENUGREEK AND IODISED SALT""]","[""-""]",[],,https://images.openfoodfacts.org/images/products/890/602/058/8646/front_en.3.400.jpg
Salted Peanuts,haldiram-snacks-pvt-ltd,plant-based-foods-and-beverages,8904063254986,,"[""72""]","[""Peanuts (89%)"", ""Edible Vegetable Oil (Palmolein"", ""cotton Seed"", ""Rice Bran) and lodised Salt (1.6%). *Used as natural flavouring agent. Allergen Information: Contains Nut.""]","[""nuts"", ""peanuts""]",[],,
PEANUT BUTTER,pintola,plant-based-foods-and-beverages,8908010900216,,"[""350g""]","[""Peanuts (68%)"", ""Dark Chocolate (30%) {Sugar Cocoa Solids"", ""Cocoa butter"", ""Emulsifier (INS 322)}"", ""Stabilizer (INS471)""]","[""peanuts""]",[],,
Zero Maida Kulcha Bread,the-health-factory,plant-based-foods-and-beverages,8908009059345,,"[""210 g""]","[""Chakki Fresh Atta (Whole Wheat Flour). Seasoning (Oregano Flakes"", ""Chili Flakes"", ""Black Pepper"", ""Onion Powder"", ""Ginger Powder"", ""Kasuri Meth! Garlic Powder)"", ""Yeast"", ""Wheat Gluten"", ""Iodised Salt"", ""Fice Bran Oil (Edible Vegetable Oil)"", ""Cane Sugar"", ""Cultured Wheat Flour"", ""Cultured Glucose.""]","[""gluten""]",[],,https://images.openfoodfacts.org/images/products/890/800/905/9345/front_en.5.400.jpg
Iced Latté,-,beverages-and-beverages-preparations,89080528,,"[""170ml""]","[""Toned milk (55%)"", ""Water"", ""Milk solids"", ""Sugar"", ""Coffee (0.6%)"", ""Thickeners (1440"", ""415)"", ""Acidity regulators (500(ii)"", ""332(ii))"", ""Nature-identical flavouring substances"", ""Emulsifier (322(i))"", ""Stabilizer (407) and lodized salt. Allergen Note: Contains Milk and Soy. FOR MRP (incl. of all taxes): - MFD. - USE BY - Lot No.: SEE BOTTOM PANEL""]","[""milk"", ""soybeans""]",[],,
Tic tac strawberry,Tic Tac,snacks,8000500410974,,"[""13""]","[""SUGAR"", ""MALTODEXTRIN"", ""ACIDITY REGULATORS (INS 330"", ""INS 296"", ""INS 334)"", ""THICKENER (INS 414)"", ""RICE STARCH"", ""FLAVOURS (NATURAL FLAVOURS AND FLAVOURING SUBSTANCES"", ""NATURE-IDENTICAL FLAVOURING SUBSTANCES)"", ""ANTICAKING AGENT (INS 4700)"", ""POWDERED STRAWBERRY"", ""POWDERED LEMON JUICE"", ""GLAZING AGENT (INS 903)"", ""SYNTHETIC FOOD COLOUR (INS 122).""]","[""-""]",[],,
Happydent white,happydent,snacks,4796001651513,,"[""10.2g""]","[""SUGAR"", ""GUM BASE"", ""LIQUID GLUCOSE"", ""GUM ARABIC (E 414)"", ""HUMECTANT (E 422) VITAMIN E (E 306) COLOR (E 122) AND ADDED NATURAL (PEPPERMINT"", ""MENTHOL) FLAVORS. GLAZIING AGENTS (E904"", ""E903)""]","[""-""]",[],,https://images.openfoodfacts.org/images/products/479/600/165/1513/front_en.4.400.jpg
Peanut butter,veeba,plant-based-foods-and-beverages,8906069401210,,"[""925g""]","[""ROASTED PEANUTS (91.0%)"", ""SUGAR"", ""EMULSIFIER AND STABILIZER (INS471) AND IODISED SALT""]","[""arachides""]",[],,
Amul Fresh Cream,amul,dairies,8901262151863,,"[""250 ml""]","[""milk""]","[""milk""]",[],,
CHOCOS,Kellogg's,chocoe,8901499008275,,"[""10""]","[""Wheat Solids (58.2%) (Wheat Flour (Aa) (29 196)"", ""Refined Wheat Flour (Maida) (29.1%)). Sugar"", ""Com Flour"", ""Coco Solids (2.7%"", ""Minerals"", ""Cereal Extract"", ""Edible Vegetable Oil (Palmolein & Coconut Oil)"", ""lodized Salt"", ""Colour (NS 150d). Vitamins"", ""Antioxidant (INS 320) CONTAINS PERMITTED NATURAL COLOUR & ADDED FLAVOURS (NATURE IDENTICAL & ARTIFICIAL VANILA CREAM FLAVOURING SUBSTANCES) CONTAINS GLUTEN. MAY CONTAIN TRACES OF TREENUT. 2""]","[""gluten"", ""none""]",[],,https://images.openfoodfacts.org/images/products/890/149/900/8275/front_en.3.400.jpg
Goodmylk Mylk,goodmylk,plant-based-foods-and-beverages,0610825925084,,"[""200 ml""]","[""Cashew-oat mylk (filtered water"", ""cashews"", ""oats)"", ""Sugar. Contains 2% or less of: Sunflower oil"", ""Dipotassium phosphate"", ""Guar gum""]","[""gluten"", ""nuts""]",[],,
Cornflakes+,yogabar,plant-based-foods-and-beverages,8904335602262,,"[""850g""]","[""Corn Grits (92%)"", ""Sugar"", ""lodized Salt"", ""Malt Extract"", ""Soy Lecithin"", ""Vitamin & Minerals Premix"", ""Probiotics (Bacillus Coagulans"", ""100 million CFU Per Serving.) Contains Added Natural Flavour : Rosemary Extract.""]","[""soybeans""]",[],,
Upma,masti-oye,instant-foods,8904132946330,,"[""60g""]","[""SUJI (70%)"", ""EDIBLE VEGETABLE FAT - INTERSTERIFIED PALM & PALM KERNEL"", ""IODIZED SALT"", ""GREEN CHILLIES"", ""DEHYDRATED CARROT"", ""MUSTARD"", ""GINGER"", ""SUGAR"", ""BENGAL GRAM"", ""CURRY LEAVES"", ""DEHYDRATED ONION"", ""ACIDITY REGULATORS (330"", ""334)"", ""NATURAL & NATURE IDENTICAL FLAVOURING SUBSTANCES""]","[""gluten"", ""mustard""]",[],,https://images.openfoodfacts.org/images/products/890/413/294/6330/front_en.3.400.jpg
Tamarind,-,tamarind,8902901011517,,"[""500g""]","[""Tamarind""]","[""-""]",[],,
Southwest Chipotle Dressing,veeba,condiments,8906069400060,,"[""300g""]","[""Water"", ""Synthetic Vinegar [Water"", ""Acetic Acid (INS260)]"", ""Refined Soyabean Oil"", ""Liquid Glucose"", ""Milk Solids"", ""Emulsifiers and Stabilizers (INS1442"", ""INS1450. INS415)"", ""Tomato Paste"", ""Spices and Condiments"", ""lodised Salt"", ""Sugar"", ""Chillies (1.6%)"", ""Cheese Powder"", ""Natural Flavouring Substances"", ""Preservatives (INS211"", ""INS202)"", ""Acidity Regulator (INS330)"", ""Herbs"", ""Antioxidant (INS319) and Sequestrant (INS385). ALLERGEN INFORMATION: Contains Milk.""]","[""milk"", ""soybeans""]",[],,
nutrition shake,else-nutrition,dietary-supplements,0850016323637,,"[""236ml""]","[""Water"", ""Almond Butter"", ""Buckwheat Flour. Less than 2% of: Sugar"", ""Tapiocal Maltodextrin"", ""Cocoa powder"", ""Natural flavors"", ""Sunflower Lecithin"", ""Calcium Carbonate"", ""Sodium Citrate Dihydrate"", ""Potassium Chloride"", ""Tricalcium Phosphate"", ""Vitamin A Acetate"", ""Cholecalciferol (D3)"", ""Vitamin E Acetate"", ""Phylloquinone (K1)"", ""Thiamine Mononitrate (B1)"", ""Riboflavin (B2)"", ""Niacinamide (B3)"", ""Pantothenic Acid (B5)"", ""Pyridoxine Hydrochloride (B6)"", ""Biotin (B8)"", ""Folic Acid (B9)"", ""Cyanocobalamin (B12)"", ""Sodium Ascorbate (C)"", ""Ferric Pyrophosphate"", ""Zinc Sulfate"", ""Choline Bitartrate"", ""Inositol"", ""Sodium Selenate"", ""Potassium lodide. Contains Tree Nuts (Almonds) X""]","[""nuts""]",[],,https://images.openfoodfacts.org/images/products/085/001/632/3637/front_en.3.400.jpg
Soy - Coconut Curd,white-cub,plant-based-foods-and-beverages,8908005733461,,"[""450g""]","[""Soybeans"", ""Coconut"", ""Water"", ""Live Culture""]","[""soybeans""]",[],,
Craze Coffee Marie,craze,snacks,8906158360145,,"[""125g""]","[""REFINED WHEAT FLOUR (MAIDA)"", ""SUGAR"", ""REFINED PALM OIL"", ""INVERT SUGAR SYRUP"", ""NATURAL COFFEE POWDER"", ""MILK PRODUCTS (MILK SOLIDS & SWEETENED CONDENSED PARTLY SKIMMED MILK)"", ""RAISING AGENTS (5030 & 500(i))"", ""IODIZED SALT"", ""NATURE IDENTICAL & ARTIFICIAL (MILK & VANILLA) FLAVOURING SUBSTANCES"", ""EMULSIFIER (472) CALCIUM SALT AND DOUGH CONDITIONER (223)"", ""CARAMEL DS 150.""]","[""gluten"", ""milk""]",[],,
Doritos Sweet Chilli,Doritos,snacks,8901491001083,,"[""56g""]","[""Corn (79%)"", ""Edible Vegetable Oil (Palmolein)"", ""*Seasoning (Sugar"", ""lodised Salt"", ""Spices & Condiments"", ""Acidity Regulators (296"", ""30"", ""260)"", ""Flavour (Natural and Nature Identical Favouring Substances"", ""Fructose"", ""Flavour Enhancers (631"", ""627)"", ""Tomato Powder"", ""Wheat odextrin"", ""Anticaking Agent (551)"", ""Color Antioxidant (300)). favouring agent. &quot"", ""Contains Onion and Garlic. ALERGEN ADVICE: Contains Wheat.""]","[""gluten""]",[],,https://images.openfoodfacts.org/images/products/890/149/100/1083/front_en.3.400.jpg
Parle-G Oats & berries,parle,snacks,8901719128004,,"[""93.75g""]","[""REFINED WHEAT FLOUR (MAIDA) (64.5%)"", ""SUGAR"", ""REFINED PALM OIL"", ""ROLLED OATS (5%)"", ""INVERT SUGAR SYRUP"", ""DRIED SWEETENED CRANBERRY (1.1%)"", ""I0DISED SALT"", ""RAISING AGENTS (583"", ""500)"", ""BARLEY FLOUR(0.5%)"", ""EMULSIFIERS OF VEGETABLE ORIGIN (472e) CONTAINS PERMITTED ADDED FLAVOURS (ARTIFICIAL FLAVOURING SUBSTANCES CRANBERRY AND CEREAL)""]","[""gluten""]",[],,
BRITANNIA marie GOLD,britannia,biscuits,8901063162464,,"[""68 g""]","[""Refin""]","[""-""]",[],,
TruNativ Raw Whey Isolate Unflavored,trunativ,dairies,8908012987178,,"[""907 g""]","[""Whey Protein Isolate (87%)"", ""Enzyme Blend DigeZyme""]","[""milk""]",[],,https://images.openfoodfacts.org/images/products/890/801/298/7178/front_en.32.400.jpg
Shresth Papad (250Gm),shresth,plant-based-foods-and-beverages,8906072540074,,"[""250 g""]","[""Urad Dal Flour"", ""Moong Dal Flour"", ""Water"", ""lodized Salt"", ""Black Pepper"", ""Papad Khar"", ""Edible Oil"", ""Asafoetida & Others Spices.""]","[""-""]",[],,
TGF Khatta Meetha,truly-good-foods,snacks,00026020,,"[""200g""]","[""Edible Vegetable Oil (Palmolein Oil"", ""Cottonseed Oil)"", ""Sugar (16%)"", ""Rice Flakes (13%)"", ""Besan"", ""Dried Green Peas (5%) Peanut (5%)"", ""Lentils (4%)"", ""Edible Starch"", ""Sago (3%)"", ""Rice Flour"", ""lodized Salt"", ""Spices & Condiments and Acidity Regulator (INS 330).""]","[""peanuts""]",[],,
Eggs,fresho,farming-products,0053176113036,,"[""6""]","[""Eggs""]","[""eggs""]",[],,
Minute Khana Rajma Raseela,haldiram-s,ready-to-eat-curry,8904004442816,,"[""300 g""]","[""Water"", ""Red Kidney Beans"", ""Tomato"", ""Onion"", ""Refined Sunflower Oil"", ""Butter"", ""Red Chilli"", ""lodised Salt"", ""Mixed Spices (Coriander Powder"", ""lodised Salt"", ""Dried Mango Powder"", ""Pomegranate Seed"", ""Red Chilli Powder"", ""Cumin"", ""Black Pepper"", ""Black Salt"", ""Cinnamon"", ""Clove"", ""Dried Ginger Powder"", ""Nutmeg"", ""Mint Leaves Powder"", ""Bay leaf"", ""Green Cardamom"", ""Fenugreek Leaves & Mace)"", ""Ginger"", ""Garlic"", ""Coriander Leaves"", ""Cumin"", ""Clove"", ""Cinnamon"", ""Bay Leaves"", ""Nutmeg"", ""Large Cardamom & Green Cardamom. Contains Milk May Contains Almond"", ""Cashew"", ""Peanut"", ""Pistachio"", ""Coconut"", ""Hazelnut"", ""Soy"", ""Wheat"", ""Mustard Seed"", ""Sesame Seed & Sulphite.""]","[""gluten"", ""milk"", ""mustard"", ""nuts"", ""peanuts"", ""sesame seeds"", ""soybeans""]",[],,
Refined Sunflower Oil,hello-life,plant-based-foods-and-beverages,8906126830007,,"[""1 L""]","[""Refined Sunflower Oil"", ""Permitted Antioxidant TBHQ (E319)"", ""Vitamin A"", ""Vitamin D and Antifoaming Agent Dimethyl Polysiloxane DMPS (E-900)""]","[""-""]",[],,
SENDHA NAMAK,aadar,condiments,8908013338795,,"[""100g""]","[""ROCK SALT (SENDHA NAMAK)""]","[""-""]",[],,https://images.openfoodfacts.org/images/products/890/801/333/8795/front_en.17.400.jpg
Chocolate Magic Sundae,amul,desserts,8901262178075,,"[""1 l""]","[""Ice Cream (78%) - Milk solids"", ""sugar"", ""emulsifier (471)"", ""stabilizers (407"", ""466"", ""415"", ""412)"", ""artificial flavouring substances (vanilla). Chocolate Topping (22%)-( cocoa solids"", ""coconut oil"", ""chocolate ripple [water"", ""sugar"", ""dextrose"", ""cocoa solids"", ""stabilizer (440)]"", ""milk chocolate chips (1.5%)""]","[""milk""]",[],,
JAGGERY POWDER,parry-s,sweeteners,8906009010106,,"[""500 g""]","[""Cane Jaggery Powder""]","[""-""]",[],,
Seeded Tamarind,more-choice,plant-based-foods-and-beverages,89023023275061,,"[""500 g""]","[""Tamarind""]","[""-""]",[],,https://images.openfoodfacts.org/images/products/890/230/232/75061/front_en.3.400.jpg
Dosa-Idly Batter,ammamma-s,dosa-batter,8908017084001,,"[""1kg""]","[""RO-Purified water"", ""Rice"", ""Urad Dal(20%)"", ""Fenugreek Seeds & Culture""]","[""-""]",[],,
Worcestershire sauce,golden-crown,condiments,8903071000998,,"[""750g""]","[""Tamarind pulp"", ""Water"", ""Sugar"", ""lodised Salt"", ""Onion & Garlic Powder"", ""Stabilizer (INS 412)"", ""Spices & Acidity Regulator (INS 260)"", ""Contain permitted Class II Preservative (INS 211)""]","[""-""]",[],,
PERI PERI THRILLER POPCORN,ultrapop,snacks,8906098670076,,"[""40 gm""]","[""POPPED CORN"", ""REFINED EDIBLE PALMOLEIN OIL"", ""IODIZED SALT"", ""SUGAR"", ""SPICES AND CONDIMENTS (CHILI"", ""CORIANDER"", ""HERBS"", ""GARLIC POWDER"", ""ONION POWDER"", ""MALTODEXTRIN"", ""DRY MANGO POWDER"", ""TOMATO POWDER) ACIDITY REGULATOR (E330"", ""E334)"", ""FLAVOR ENHANCER (E 627"", ""631) ADDED NATURAL & NATURE IDENTICAL FLAVOURING SUBSTANCES""]","[""-""]",[],,https://images.openfoodfacts.org/images/products/890/609/867/0076/front_en.3.400.jpg
Wheat Chapati,asal,plant-based-foods-and-beverages,8908001588560,,"[""200 g""]","[""Whole Wheat Flour (Atta) (57.4%)"", ""Refined Sunflower oil (3.5%)"", ""Wheat gluten"", ""RO-purified Water"", ""Preservative (INS 202)"", ""Stabilizer (INS 412)"", ""Baking powder"", ""lodized Salt""]","[""gluten""]",[],,
Ragi Malt,manna,plant-based-foods-and-beverages,8906008350388,,"[""200 g""]","[""Sugar"", ""Ragi (25%)"", ""Milk Solids (20%)"", ""Maltodextrin"", ""Barley Malt extract"", ""Cardamom CONTAINS PERMITTED NATURAL COLOUR - BETA CAROTENE (INS 160a (iii))""]","[""gluten"", ""milk""]",[],,
double cocoa protein bar,the-whole-truth,snacks,8908013479092,,"[""52 g""]","[""Cashew"", ""dates"", ""whey protein concentrate"", ""almond"", ""cocoa powder"", ""cocoa butter""]","[""milk"", ""nuts""]",[],,https://images.openfoodfacts.org/images/products/890/801/347/9092/front_en.3.400.jpg
Ragi Digestive Cookies,patanjali,millet-cookies,8904422704992,,"[""200 g""]","[""Wheat flour (Atta - 42.8%)"", ""Edible vegetable oil ( Refined Palm oil)"", ""Ragi flour (15.65%)"", ""Sugar"", ""Wheat bran"", ""Invert sugar syrup"", ""Raising agent (INS 500 (ii)"", ""INS 503) lodized salt"", ""Malt extract"", ""Artificial flavouring substances(vanilla & Mix Fruit)"", ""Acidity regulator (INS 296"", ""INS 334"", ""INS 450(i))"", ""Natural colour (INS 150d)"", ""Flour Treatment agent (INS 223)""]","[""gluten"", ""sulphur dioxide and sulphites""]",[],,
Ragi Cocoa,the-whole-truth,dietary-supplements,8906143891562,,"[""210g""]","[""whey protein Concentrate"", ""cocoa"", ""ragi"", ""milk"", ""jaggery"", ""bromelain.""]","[""milk""]",[],,
proV Almonds,prov,plant-based-foods-and-beverages,8908019758276,,"[""500g""]","[""Almond Kernels""]","[""nuts""]",[],,
Nacho Crisps Sizzling Jalapeno,cornitos,snacks,8908001017237,,"[""60 g""]","[""Corn (70%)"", ""Edible Vegetable Oil (Corn Oil)"", ""Sugar"", ""lodized Salt"", ""Jalapeno"", ""Onion Powder"", ""Garlic Powder"", ""Ginger"", ""Green Chili"", ""Parsley"", ""Milk Solids (Skim Milk Powder"", ""Whey Powder)"", ""Soya Sauce Powder"", ""Acidity Regulator (Malic Acid - INS 296) CONTAINS SOYA AND MILK PRODUCTS CONTAINS ADDED FLAVOURS"", ""NATURAL AND NATURE IDENTICAL (Jalapeno)""]","[""milk"", ""soybeans""]",[],,https://images.openfoodfacts.org/images/products/890/800/101/7237/front_en.4.400.jpg
Krackjack,parle,snacks,8901719135248,,"[""56.7g""]","[""REFINED WHEAT FLOUR (MAIDA)"", ""REFINED OILS (PALMOLEIN AND PALM)"", ""SUGAR (19.1%)"", ""RAISING AGENTS [ 503 (ii)"", ""10 (ii)"", ""341 (i) ]"", ""INVERT SUGAR SYRUP"", ""IODISED SALT(0.9%) YEAST"", ""ACIDITY REGULATORS [270"", ""296]"", ""FLOUR TREATMENT AGENTS [223"", ""1101 (ii)"", ""1100(i)]"", ""EMULSIFIER OF VEGETABLE ORIGIN [472e] CONTAINS ADDED FLAVOURS (ARTIFICIAL FLAVOURING SUBSTANCE-VANILLA"", ""BUT ER)""]","[""gluten""]",[],,
Amba Bhadang,ab,snacks,8908006461004,,"[""220g""]","[""Puffed Rice"", ""Cotton Seed Oil"", ""Peanuts"", ""Sugar"", ""Red Chilli Powder"", ""Garlic"", ""Salt"", ""Turmeric Powder"", ""Curry Leaves""]","[""peanuts""]",[],,
Veg Manchurian masala,Ching's Secret,condiments,8901595972142,,"[""20g""]","[""Corn Flour"", ""lodised Salt"", ""Dehydrated Garlic"", ""Sugar"", ""Onion Powder"", ""Soy Sauce Powder (Soybean"", ""Wheat"", ""Salt)"", ""Mixed Spices (2%) [Ginger"", ""Cumin"", ""Coriander"", ""Chilli"", ""Pepper]"", ""Natural Colour (INS 150d)"", ""Flavour Enhancer (INS 635)"", ""Sunflower Oil"", ""Anticaking Agent (INS 551)"", ""Thickening & Stabilizing Agent (INS 415)"", ""Acidity Regulator (INS 260)"", ""Natural Flavouring Substances. ALLERGEN ADVICE: CONTAINS WHEAT AND SOY. May contain Peanuts"", ""Tree Nuts"", ""Sesame Seeds"", ""Mustard and Milk (dairy products).""]","[""gluten"", ""milk"", ""soybeans""]",[],,https://images.openfoodfacts.org/images/products/890/159/597/2142/front_en.5.400.jpg
Mixed Pickle,mother-s-recipe,mixed-fruits-and-vegetables-pickel,8906001054580,,"[""50 g""]","[""Vegetable Pieces"", ""(Mango"", ""Carrot"", ""Lime"", ""Green chilli"", ""Spices & Condiments"", ""Cottonseed oil"", ""Mustard oil"", ""Acidity Regulator (INS 260) and Asafoetida.""]","[""-""]",[],,
Marie Gold Biscuit,britannia,snacks,8901063162914,,"[""64 g""]","[""REFINED WHEAT FLOUR (MAIDA) (73%)"", ""SUGAR"", ""REFINED PALM OIL"", ""INVERT SUGAR SYRUP"", ""MILK PRODUCTS (MILK SOLIDS & SWEETENED CONDENSED PARTLY SKIMMED MILK)"", ""RAISING AGENTS [503(i)&500)"", ""10DISED SALT"", ""MINERALS"", ""ARTIFICIAL (MILK & VANILLA) & NATURE IDENTICAL FLAVOURING SUBSTANCES"", ""EMULSIFIER (472e)"", ""DOUGH CONDITIONER (223) VITAMINS AND COLOUR (150d).""]","[""gluten"", ""milk""]",[],,
Malai paneer,mother-dairy,dairies,8901648000716,,"[""200g""]","[""Milk solids & preservative (naturally sourced food protectant) - INS 234^""]","[""milk""]",[],,https://images.openfoodfacts.org/images/products/890/164/800/0716/front_en.3.400.jpg
Pepper Thattai,adyar-ananda-bhavan,snacks,8907003505032,,"[""250g""]","[""Rice Flour (45%)"", ""Black lentil"", ""Green gram"", ""Spices"", ""White sesame seeds"", ""Refined groundnut oil"", ""Pepper (5%)""]","[""sesame seeds""]",[],,
T-Special Premium Dairy Whitener,amul,dairies,8901262090469,,"[""22g""]","[""Milk solids"", ""sucrose""]","[""milk""]",[],,
Veg mayonnaise,Dr. Oetker,condiments,8906002004430,,"[""100g""]","[""Refined Soyabean Oil"", ""Water"", ""Sugar"", ""Milk Solids"", ""iodised Salt"", ""Lemon Juice"", ""Emulsifiers and Stabilizers (INS415"", ""INS1442)"", ""Acidity Regulators (INS260"", ""INS330)"", ""Preservatives (INS211"", ""INS202)"", ""Antioxidant (INS319).  CONTAINS MILK.""]","[""milk"", ""soybeans""]",[],,https://images.openfoodfacts.org/images/products/890/600/200/4430/front_en.32.400.jpg
Haldiram Nut Cracker,haldiram-s,nut-crackers,8904063240019,,"[""42g""]","[""Peanuts (69%)"", ""Gram Pulse Flour (18%)"", ""Corn Starch"", ""Edible Vegetable Oil Palmolein Oil)"", ""Corn Starch"", ""*Spices 8 Condiments (Red Chilli Powder"", ""Black Pepper Powder"", ""Ginger Powder"", ""Clove Powder"", ""cumin Powder"", ""Big Cardamom Powder"", ""Cinnamon Powder"", ""Mace POwder"", ""Nutmeg Powder"", ""Asafoetida Powder"", ""Spices Extract)"", ""lodised Salt"", ""Black Salt"", ""Acidity Regulator (INS 330) and Natural 8 Nature Identical Flavouring Substances.""]","[""peanuts""]",[],,
Amla Juice,baidyanath,plant-based-foods-and-beverages,8904379600002,,"[""1 L""]","[""Pure Amla Juice"", ""E201"", ""E211"", ""E330""]","[""-""]",[],,
Cashew Nuts,wonderland-foods,plant-based-foods-and-beverages,8906095121434,,"[""1Kg""]","[""Cashew Nuts""]","[""nuts""]",[],,https://images.openfoodfacts.org/images/products/890/609/512/1434/front_en.3.400.jpg
Wonderland California In-Shell Walnuts 1kg,wonderlands-food,plant-based-foods-and-beverages,8906095120079,,"[""1Kg""]","[""Walnuts (Whole)""]","[""nuts""]",[],,
Good life toor dal,good-life,plant-based-foods-and-beverages,8902901011685,,"[""2kg""]","[""Toor Dal""]","[""-""]",[],,
CHRUNCHEM Masala Masti,balaji,plant-based-foods-and-beverages,8906010503529,,"[""150""]","[""POTATO (87%)"", ""EDIBLE VEGETABLE OIL (PALMOLEIN)"", ""SUGAR"", ""SPICES & CONDIMENTS 1% (CHILLI"", ""DRY MANGO"", ""CORIANDER"", ""CUMIN"", ""BLACK PEPPER"", ""GINGER"", ""CLOVE)"", ""EDIBLE COMMON SALT"", ""BLACK SALT.""]","[""-""]",[],,https://images.openfoodfacts.org/images/products/890/601/050/3529/front_en.6.400.jpg
Roasted Soybean,healthy-treat,roasted-soyabean-with-salt,8906007063401,,"[""200 g""]","[""SOYABEAN"", ""HIMALAYAN SALT"", ""CAROM SEEDS"", ""DRY MANGO POWDER"", ""BLACK SALT"", ""BAY LEAVES POWDER"", ""FENNEL SEED"", ""ASAFOETIDA"", ""ACIDITY REGULATOR (E296). EDIBLE VEGETABLE OIL (COTTON SEED OIL OR SUNFLOWER OIL). OIL SPRAYED FOR SEASONING APPLICATION ONLY.""]","[""-""]",[],,
pio pulpy mix fruit pulp juice,pip-pulpy,beverages-and-beverages-preparations,0908445454610,,"[""150""]","[""no""]","[""-""]",[],,https://images.openfoodfacts.org/images/products/090/844/545/4610/front_en.3.400.jpg
ketchup,orchard-lane,condiments,0608410874244,,"[""230 g""]","[""Organic Tomatoes. Organic (Ginger"", ""Garlic"", ""Onion"", ""Chify"", ""Spices"", ""Sugar. Celery). Natural Browed Vinegar"", ""Salt"", ""Pectin""]","[""celery""]",[],,
B Natural Select Tender Coconut Water,b-natural,beverages-and-beverages-preparations,8901725008307,,"[""750ml""]","[""Water"", ""Concentrated Tender Coconut Water (9.2%) [Tender Coconut Water"", ""Preservative (202)]""]","[""-""]",[],,
Artos Carbonated Water,artos,beverages-and-beverages-preparations,8908018251211,,"[""200ml""]","[""PURIFIED WATER"", ""CARBON DIOXIDE (INS290)"", ""SUGAR"", ""ACIDITY REGULATOR (NS 330)"", ""PRESERVATIVE (INS 211)"", ""CONTAINS PERMITTED NATURAL COLOUR (INS150D)"", ""AND ADDED FLAVOURS NATURAL NATURE IDENTICAL AND ARTIFICIAL FLAVOURING SUBSTANCES (GRAPE)""]","[""-""]",[],,https://images.openfoodfacts.org/images/products/890/801/825/1211/front_en.4.400.jpg
Vinral-Z,vinral-z,beverages,8939126731234,,"[""500ml""]","[""Water"", ""Sugar"", ""Dextrose"", ""Acidity regulator NS 330) Potassium Chloride (INS E508)"", ""Sodium Chloride"", ""Vitamin C (NS 300)"", ""Sodium Citrate (INS 331 (i)]"", ""Permitted Class II Preservative (INS 202) (INS E211)"", ""PERMITTED SYNTHETIC FOOD COLOUR (INS 110) SAVNICE & ARTIFICIAL FLAVOURING SUBSTANCES) ADDED ORANGE FLAVOURS (NATURAL FLAVOURING""]","[""-""]",[],,
AMUL PURE GHEE,amul,dairies,8901262030366,,"[""1L""]","[""Allergen Information: Contains milk"", ""Amul Pure Ghee contains a blend of cow and buffalo milk fat. This combination is typical in many commercial ghee products"", ""aiming to balance cost and quality. The specific ratio of cow to buffalo milk fat is not disclosed by Amul. The product is clarified butter"", ""meaning it's made by heating butter to remove water and milk solids"", ""resulting in a rich"", ""aromatic fat.""]","[""milk""]",[],,
Zandu Chyawanplus,zandu,memory-enchancer,8901248744027,,"[""450 g""]","[""Each 100 g is prepared from: Extract derived from Clerodendrum phlomidis Linn. (RT)"", ""Aegle marmelos Com. (ST.BK)"", ""Gmeling arborea Linn. (STBK)"", ""Side cordifolia Linn. (WH.PL.)"", ""Leptadenia reticulata W&A. (RT.)"", ""Teramus labialis Spreng. (WH. PL.)"", ""Vigna trilobata (Linn.) Verdc. (WH. PL.)"", ""Stereospermum chelonoides LE) DC. (STBK)"", ""Uraria picta Desv. (WH.PL.)"", ""Boerhaavia diffusa Linn. (WH.PL.)"", ""Desmodium gangeticum DC. (WH. PL.)"", ""Hedychium spicatum Ham. ex Smith (RZ.)"", ""Oroxylum indicum Vent (RT) 0.16g each"", ""Terminalia arjuna W. & A. (ST. BK.) 0.40g"", ""Bacopa monnieri (Linn.) Wettst. (WH PL) 0.80g"", ""Solanum anguivi Lam. (WH. PL.) 0.04g"", ""Terminalia chebula Retz. (FR.) 0.4g"", ""Tribulus terrestris Linn. (FR.) 0.04g"", ""Tinospora cordifolia (Willd.) Miers. (ST.) 0.1 g"", ""Phyllanthus fratemus Webst. (RT/ST/LF) 0.01g"", ""Celastrus paniculatus Willd. (SD.) 0.35g"", ""Martynia annua Limm. (SD) 0.01 Withania somnifera Dunal. (RT 0.8g"", ""Solanum surattense Burm. f. (WH. PL) 0.04 Asparagus racemosus Wild. (TUB. RT.) 0.8g"", ""Cyperus rotundus Linn. (RZ) 0.4g"", ""Dioscorea bulbilera Um (RZ) 0.8g"", ""Convolvulus pluricaulis Choisy (WH PL.) 0.80g"", ""Pistacia chinensia Burgo 0.01g Nymphaea stellata Willd. (FL) 0.01g"", ""Adhatoda vasica Nees (LF) 0.5g"", ""Pueraria tuberosa DC. (UB) 0.18g"", ""Glycyrrhiza glabra Linn. (P 2.4g. Powders of Bambusa arundinacia Wild SC) Dotg"", ""Cinnamomum cassia Blume (5. BK.) 0.2g"", ""Mesua ferrea Linn. (INFL) 0.12 Commemomum tamala (Buch.-Ham.) Nees & Eberm. (LF) 0.5g"", ""Amomum subulatum Roxb./Elellaria demomum (Lin Maton (FR.) 0.5g"", ""Syzygium aromaticum (Linn.) Mem. & L.M. Perry (FL. BUD 2ig Piper longum Linn. (FR.) 0.55g"", ""Abhraka Bhasma"", ""Muktasukti Bhasma"", ""Svama Maske Bhasma Yasada Bhasma 0.10g each"", ""Emblica officinalis Gaertn. (FR.- Pishti) 24.0g"", ""Sarkara 66.0g Madhu (Honey) 0.95g"", ""Crocus sativus Linn. (STY. & STG.) 0.01g"", ""Varka of Chandi 5.5 mg Warka of Sona 0.0305 mg"", ""Almond Oil 0.0375g"", ""Water q.s. Preservatives used: Methyl Paraben Ng"", ""Propyl Paraben 0.03g"", ""Sodium Benzoate 0.25g. A च्यवनप्र याददाशत 5 Memory enhancers nkhapushpi 尖""]","[""-""]",[],,https://images.openfoodfacts.org/images/products/890/124/874/4027/front_en.3.400.jpg
Sunova spirulina,sunova,supplements,8904367700042,,"[""60N""]","[""Spirulina Powder"", ""Anti-caking agent: 460 (1)"", ""551"", ""553 (ii)"", ""Preservatives: Methyl paraben"", ""Propyl paraben plain"", ""Thickener: 466"", ""Binding agent: 1201""]","[""-""]",[],,
Snickers,Mars,snacks,8906002484003,,"[""12g""]","[""Sugar"", ""Milk Solids"", ""Cocoa Butter"", ""Cocoa Solids"", ""Edible vegetable fats &lt"", ""5% (Sal fat"", ""Palm oil)"", ""Dextrose"", ""Emulsifier (E322)"", ""Liquid Glucose"", ""Peanuts (14%)"", ""Sugar"", ""Hydrogenated vegetable oil (Palm oil)"", ""Milk Solids"", ""Iodized Salt"", ""Cocoa Butter"", ""Cocoa Solids"", ""Edible vegetable fats &lt"", ""5% (Sal fat"", ""Palm oil)"", ""Dextrose"", ""Emulsifier (E322).""]","[""milk"", ""peanuts""]",[],,
Masala Guava,real,guava-juices,8901207024566,,"[""1 l""]","[""Water"", ""Guava Pulp (20%)"", ""Sugar"", ""lodized Salt"", ""Black Salt"", ""Acidity Regulator (INS 330)"", ""Stabilizer (INS 440)"", ""Antioxidant (IŃS 300)"", ""Spice and Spice Extracts (0.04%) [Chilli"", ""Black Pepper and Capsicum]"", ""Colour [INS 160 a (iii)] and Flavours (Nature Identical Flavouring Substances).""]","[""-""]",[],,https://images.openfoodfacts.org/images/products/890/120/702/4566/front_en.8.400.jpg
Sundae Gudbud,amul,desserts,8901262174404,,"[""125 ml / 75 g""]","[""Milk solids"", ""sugar"", ""ripple (6%) (water"", ""sugar"", ""dextrose"", ""stabilizer (440)"", ""acidity regulator (330)"", ""artificial flavouring substances (grape"", ""orange)"", ""colours (110"", ""102"", ""122"", ""132)]"", ""candied fruit pieces (4.5%)"", ""raisin (2%)"", ""cashew (2%)"", ""emulsifier (471)"", ""stabilizers (407"", ""466"", ""415"", ""412)"", ""toppings (5.5%) [multi coloured sugar strands (36) milk chocolate chips (2.5%)]"", ""artificial flavouring substances strawberry"", ""vanilla)"", ""colour (127).""]","[""milk"", ""nuts"", ""orange""]",[],,
Packaged Drinking Water,aquafina-is-sold-by-pepsico,beverages,8902080504060,,"[""1 l""]","[""TREATED WATER"", ""MINERALS (SALTS OF MAGNESIUM AND CALCIUM)""]","[""-""]",[],,
Dahi,amul,dairies,8901262200028,,"[""200 g""]","[""Pasteurised toned mil"", ""milk solids"", ""active culture""]","[""milk""]",[],,https://images.openfoodfacts.org/images/products/890/126/220/0028/front_en.3.400.jpg
Roasted Short Vermicelli,anil,plant-based-foods-and-beverages,8906042150029,,"[""180g""]","[""Refined Wheat Flour (Maida)""]","[""gluten""]",[],,
Peanut Butter Protein Bar,the-whole-truth,dietary-supplements,8908013479122,,"[""52g""]","[""Peanuts"", ""Dates"", ""Cranberries"", ""Whey Protein Concentrate"", ""Cocoa Butter""]","[""milk"", ""peanuts""]",[],,
Chyawanprash,dabur,sweeteners,8901207036989,,"[""550 g""]","[""Each 100g is prepared fr Bit derived from the following (Stereospermum suaveolens"", ""St. B Agnimantha (Clerodendrum phlomidis"", ""St. Bk) Gambhari (Gmelina arborea"", ""St. Bk.)"", ""Bilva (Aegle marmelos"", ""St. Bk.)"", ""Shyonaka (Oroxylum indicum"", ""St. Bk.)"", ""Gokshura (Tribulus terrestris"", ""Fr.)"", ""Shalapai (Desmodium gangeticum"", ""Pl.)"", ""Prishnipami (Uraria picta"", ""Pl.)"", ""Brihati (Solanum indicum"", ""PL.)"", ""Kantakari (Solanum surattense"", ""PL)"", ""Pippali (Piper longum"", ""Fr.)"", ""Karkatshringi (Pistacia integerrima"", ""Gl.)"", ""Draksha (Vitis vinifera"", ""Dr.Fr.)"", ""Guduchi (Tinospora cordifolia"", ""St.)"", ""Haritaki (Terminalia chebula"", ""P.)"", ""Bala (Sida cordifolia"", ""Rt.)"", ""Tamalaki (Phyllanthus niruri"", ""PL)"", ""Vasa (Adhatoda vasica If) Jiwanti (Leptadenia reticulata"", ""Pl.)"", ""Shati (Hedychium spicatum"", ""Rz.)"", ""Musta (Cyperus rotundus"", ""Rz.)"", ""Pushkara (Inula recemosa"", ""Rt.)"", ""Kakanasika (Martynia annua"", ""Fr.)"", ""Mudgapami (Phaseolus trilobus"", ""Pl.)"", ""Mashaparni (Teramnus labialis PL Vidari (Pueraria tuberosa"", ""Rt. Tr.). Punarnava (Boerhavia diffusa"", ""Rt.)"", ""Utpala lymphaea stellata"", ""Fl.). Sukshamalla (Elettaria mum 3/""]","[""-""]",[],,https://images.openfoodfacts.org/images/products/890/120/703/6989/front_en.9.400.jpg
Moong dal,haldiram,plant-based-foods-and-beverages,8904004403800,,"[""400 g""]","[""Split Pulse Moong (Moong Dal) (77%)"", ""Refined Cotton Seed Oil & lodised Salt.""]","[""-""]",[],,
Cornflakes Chiwda (fried Indian snack),laxminarayan,snacks,8902050002039,,"[""250 g""]","[""Cornflakes"", ""Peanuts"", ""Peanut Oil"", ""Sugar"", ""Raisins"", ""Cashewnuts"", ""Coconut"", ""Sesame"", ""Iodised Salt"", ""Hydrogenated Vegetable Oil"", ""Chilli Powder"", ""Turmeric Powder"", ""Asafoetida"", ""Licorice root.""]","[""peanuts"", ""sesame seeds""]",[],,
Amul Moti125ml,amul,dairies,8901262151269,,"[""140ml""]","[""Milk""]","[""milk""]",[],,https://images.openfoodfacts.org/images/products/890/126/215/1269/front_en.3.400.jpg
Bhel Mix,Balaji Wafers,snacks,8906010502041,,"[""22g""]","[""EDIBLE VEGETABLE OIL (PALMOLEIN"", ""RICE BRAN"", ""CORN)"", ""CHICKPEA FLOUR"", ""PUFFED RICE (27%)"", ""SUGAR"", ""SPICES & CONDIMENTS 2% (CHILLI"", ""CUMIN"", ""CLOVE"", ""CINNAMON"", ""CORIANDER DRY MANGO"", ""GINGER"", ""CARDAMOM"", ""BLACK PEPPER"", ""MUSTARD"", ""FENNEL"", ""TURMERIC)"", ""EDIBLE COMMON SALT"", ""DEHYDRATED VEGETABLE POWDER (GARLIC"", ""LIME"", ""GREEN CHILLI"", ""ONION"", ""TAMARIND)"", ""ACIDITY REGULATOR (INS 330)"", ""FLAVOUR ENHANCER (INS 635)"", ""ANTICAKING AGENT (INS 551)"", ""NATURAL & NATURE IDENTICAL FLAVOURING SUBSTANCES (CHILLI"", ""LIME).\nALLERGEN ADVICE: CONTAINS MUSTARD.""]","[""en:mustard""]",[],,
Cadbury Temptations Rum & Raisin Chocolate Bar,cadbury,snacks,7622201138394,,"[""72 g""]","[""Sugar"", ""Cocoa Butter"", ""Raisins (18%*)"", ""Cocoa Solids"", ""Milk Solids"", ""Emulsifiers (442"", ""476)"", ""Flavours (Natural"", ""Nature Identical and Artificial (Rum"", ""Raisin"", ""Vanilla) Flavouring Substances). Allergen Information: Contains Milk"", ""Sulphites. May Contain Tree Nuts and Soy.""]","[""milk"", ""sulphur dioxide and sulphites""]",[],,
Roasted Peanut,diamond,plant-based-foods-and-beverages,17139168,,"[""200g""]","[""Groundnut Kernels"", ""lodized Salt""]","[""-""]",[],,https://images.openfoodfacts.org/images/products/000/001/713/9168/front_en.4.400.jpg
Masala Roasted Chana,bam-bam,roasted-bengal-gram,8906066993879,,"[""200g""]","[""ROASTED BENGA GRAM"", ""BLACK SALT"", ""VEGETABLE OIL"", ""MANGO SUNRICE. CORIANDER POWDER"", ""JEERAVAN MASALA. COMPOUND ASAFOETIDA"", ""ACIDITY REGULAR (INS-330) ETC.""]","[""-""]",[],,
Shahi Pradhan Gold Special Mix Tea,shahi-pradhan,plant-based-foods-and-beverages,0769807241992,,"[""250 gm""]","[""Tea""]","[""-""]",[],,
Protein Buttermilk,amul,beverages,8901262152952,,"[""200 ml""]","[""_Milk_ solids"", ""water"", ""iodized salt"", ""stabilizers (440"", ""418)"", ""active culture""]","[""milk""]",[],,https://images.openfoodfacts.org/images/products/890/126/215/2952/front_en.27.400.jpg
Too Yumm! Rings - Tomato Twist,Too Yumm,snacks,8906090572859,,"[""75g""]","[""Corn Flour (70%)"", ""Edible Vegetable Oil (Palmolein)"", ""Seasoning (Sugar"", ""Salt"", ""&quot"", ""Spices and Condiments (Contains Onion and Garlic)"", ""Black Salt"", ""Acidity Regulators (E 296"", ""E 330). Flavour Enhancers (E 627"", ""E 631)"", ""Tomato Powder (1.4%). Tamarind Powder"", ""Hydrolysed Vegetable Protein (Soya). Anticaking Agent (E 551)). Anticaking Agent (E 170)""]","[""soybeans""]",[],,
Orange Delight,Tropicana,plant-based-foods-and-beverages,8902080011438,,"[""200 ml""]","[""WATER"", ""&quot"", ""CONCENTRATED ORANGE JUICE (8.2%)"", ""SUGAR"", ""ACIDITY REGULATOR (330)"", ""IODISED SALT"", ""STABILIZER (440). CONTAINS PERMITTED NATURAL COLOUR (160a (i)) AND ADDED FLAVOUR (NATURAL FLAVOURING SUBSTANCES).""]","[""-""]",[],,
Pomegranate Delight,Tropicana,plant-based-foods-and-beverages,8902080011612,,"[""200 ml""]","[""water"", ""sugar"", ""'"", ""concentrated fruit juices [concentrated pomegranate juice ('3.4%)"", ""concentrated apple juice (1.1%)"", ""concentrated red grape juice (0.7%)"", ""concentrated aronia berry juice]"", ""acidity regulator (330)"", ""iodised salt"", ""stabilizers (466"", ""440)"", ""sweetener (960). contains added flavour (natural and nature identical flavouring substances).""]","[""-""]",[],,https://images.openfoodfacts.org/images/products/890/208/001/1612/front_en.4.400.jpg
Kissan peanut butter,kissan,plant-based-foods-and-beverages,8901030857973,,"[""350g""]","[""Roasted Peanuts 90%"", ""sugar"", ""edible vegetable oil"", ""salt""]","[""peanuts""]",[],,
Nutri Delite 2 in 1s,nutri-delite,plant-based-foods-and-beverages,8903363007636,,"[""25 g""]","[""WHEAT SOLIDS(46%)[REFINED WHEAT FLOUR (MAIDA)(33.3%)"", ""WHOLE WHEAT FLOUR (ATTA)(12.6%)] SUGAR"", ""CORN FLOUR"", ""OAT FLOUR"", ""RICE FLOUR"", ""COCOA POWDER(2.6%)"", ""LIQUID GLUCOSE"", ""WHEAT BRAN"", ""PALMOLEIN OIL"", ""MALT EXTRACT"", ""IODISED SALT"", ""ARTIFICIAL FLAVOURING SUSTANCES - CHOCOLATE"", ""VANILLA"", ""HONEY"", ""CALCIUM CARBONATE"", ""SOYA LECITHIN (INS 322 (i))"", ""MINERALS AND VITAMINS"", ""NATURAL COLOUR (INS 150d)"", ""TOCOPHEROL (INS 307b)""]","[""gluten"", ""milk"", ""nuts"", ""soybeans""]",[],,
Shots,cadbury,snacks,7622201150303,,"[""18 g""]","[""Sugar"", ""Hydrogenated Oils"", ""Lactose-Rich Deproteinized Whey Permeate Powder"", ""Cocoa solids"", ""Emulsifiers (442"", ""476)"", ""Stabilizer (414)"", ""Maltodextrin"", ""Glazing Agent (903)"", ""Flavours (Natural"", ""Nature identical and Artificial (Caramel and Vanilla) Flavouring Substances)"", ""Colours (102"", ""133"", ""122"", ""110).""]","[""milk"", ""sulphur dioxide and sulphites""]",[],,
California Walnut Kernels,nutraj,plant-based-foods-and-beverages,8906019770755,,"[""250 g""]","[""Walnut Kernels.""]","[""nuts""]",[],,https://images.openfoodfacts.org/images/products/890/601/977/0755/front_en.8.400.jpg
Green Peas,-,plant-based-foods-and-beverages,0000590001777,,"[""250g""]","[""Green Peas""]","[""-""]",[],,
Magic Masala,orika,plant-based-foods-and-beverages,8906088213047,,"[""6g""]","[""Iodized Salt"", ""Spices and Condiments"", ""Corn Starch"", ""Sugar"", ""HVP (Soya)"", ""Flavour (Natural and Nature Identical)"", ""Edible Rice Bran Oil"", ""Yeast Extracts"", ""Spice Extracts"", ""Anticaking Agent (INS 551)"", ""Acidity Regulator (INS 330)"", ""Natural Colour (160c)"", ""Caramel Powder (INS 150d)"", ""and Dehydrated Kasuri Methi.""]","[""soybeans""]",[],,
Cheese slices,d-lecta,dairies,8906010090777,,"[""200g""]","[""Cheese"", ""Water"", ""Milk Solids"", ""Emulsifiers (INS 331) INS 339)"", ""lodized Salt"", ""Preservative (INS 200)"", ""Acidity Regulator (INS 260). Colour (INS 160 a)). CONTAINS MILK Milk""]","[""milk""]",[],,https://images.openfoodfacts.org/images/products/890/601/009/0777/front_en.5.400.jpg
Chakki Atta,thirupthi,plant-based-foods-and-beverages,8906191600000,,"[""1 kg""]","[""Whole Wheat""]","[""gluten""]",[],,
Parle-G ROYALE,parle,snacks,8901719135767,,"[""4 Biscuits and 48g""]","[""REFINED WHEAT FLOUR (MAIDA) (61%)"", ""SUGAR REFINED PALM OIL"", ""INVERT SUGAR SYRUP* [SUGAR"", ""CITRIC ACID]"", ""RAISING AGENTS [503(ii)"", ""500(ii)]"", ""MILK SOLIDS"", ""IODISED SALT"", ""EMULSIFIER OF VEGETABLE ORIGIN [472e] AND FLOUR TREATMENT AGENT [1101(ii)] CONTAINS ADDED FLAVOUR (ARTIFICIAL FLAVOURING SUBSTANCES-VANILLA) (D-GLUCOSE"", ""LEVULOSE) CONTAINS: WHEAT"", ""MILK""]","[""gluten"", ""milk""]",[],,
ujoygnhyyhyyhhggyhhh,ducthv,srvdrjbk,8904215501661,,"[""hkb""]","[""ghhbjjn""]","[""-""]",[],,https://images.openfoodfacts.org/images/products/890/421/550/1661/front_en.4.400.jpg
Spanish Tomato Tango Flavour,Lay's,plant-based-foods-and-beverages,8901491001045,,"[""73.7g""]","[""Potato"", ""Edible Vegetable Oil (Palmolein"", ""Rice Bran Oil)"", ""*Seasoning (Sugar"", ""lodised Salt"", ""Maltodextrin"", ""Flavour (Natural & Nature Identical Flavouring Substances)"", ""Spices & Condiments"", ""Tomato Powder (0.6%)"", ""Hydrolysed Vegetable Protein"", ""Wheat Fibre"", ""Dextrose"", ""Edible Vegetable Oil (Coconut Oil)"", ""Flavour Enhancers (627"", ""631)).""]","[""-""]",[],,
Pepsi Brand Mirinda orange flv 2ltr,pepsico,plant-based-foods-and-beverages,8902080204342,,"[""18""]","[""CARBONATED WATER"", ""SUGAR"", ""ACIDITY REGULATORS E330 STABILIZERS (1450"", ""445)"", ""PRESERVATIVE (211)"", ""COLOUR (110)"", ""FLAVOUR NATURAL FLAVOURING SUBSTANCES""]","[""-""]",[],,
Quaker Oats,quaker,plant-based-foods-and-beverages,4901198103794,,"[""40 g""]","[""Rolled Oat Flakes""]","[""-""]",[],,https://images.openfoodfacts.org/images/products/490/119/810/3794/front_en.4.400.jpg
Ginger garlic paste,la-soon,plant-based-foods-and-beverages,8906050621900,,"[""0.1 weight""]","[""Fresh Garlic (65%)"", ""Fresh Ginger (35%)"", ""Water"", ""Salt"", ""Acetic Acid & Citric Acid (Acidity Regulator"", ""E260 & E330)"", ""Xanthan Gum (Stabilizing & Emulsifying Agent"", ""E415). Sodium Benzoate (Preservative"", ""E211)""]","[""-""]",[],,
Amul Fruit 'N' Nut Fantasy,amul,desserts,8901262173483,,"[""540 gm""]","[""Milk solids"", ""sugar"", ""orange jelly"", ""bmikk chocolate chips"", ""cashew pieces"", ""raisins"", ""emulsifier 471"", ""stabilizers (407"", ""412"", ""466"", ""415)"", ""artificial flavouring"", ""colours (102"", ""110)""]","[""milk"", ""nuts""]",[],,
Butter School Pack,amul,dairies,8901262010207,,"[""100 g""]","[""Butter"", ""iodized salt"", ""natural colour (annatto). Allergen Information: Contains milk.""]","[""milk""]",[],,https://images.openfoodfacts.org/images/products/890/126/201/0207/front_en.5.400.jpg
Good Life Teekhi Chilli Powder,good-life,chilli-powder,8904132963634,,"[""500g""]","[""Red Chilli Powder""]","[""-""]",[],,
Mazafati Dates,-,plant-based-foods-and-beverages,8906169490848,,"[""400g""]","[""Dates""]","[""-""]",[],,
Parle g dark biscuits,parle,snacks,8901719134937,,"[""50 g""]","[""FINED WHEAT FLOUR (MAIDA)"", ""SUGAR"", ""REFINED PALM OIL"", ""INVE SUGAR SYRUP"", ""COCOA SOLIDS"", ""IODISED SALT"", ""RAISING AGENT(503(ii)"", ""500(ii)] AND EMULSIFIER OF VEGETABLE ORIGIN [SOY LETHIN). CONTAINS PERTTED NATURAL FOOD COLOURS [1501500) AND ADDED FLAVOURS (NATURE IDENTAL. AND ARTIFICIAL FLAVOURING SUBSTANCES-HOCOLATE"", ""VANILLA) CONTAINS: WHAT AND 07 9017""]","[""gluten""]",[],,https://images.openfoodfacts.org/images/products/890/171/913/4937/front_en.6.400.jpg
Athavale's Patal Poha Chivada (Indian Snack),athavale-s,snacks,8906082650138,,"[""200 g""]","[""Rice Flakes"", ""Refined Palmolein Oil"", ""Peanuts"", ""Sugar"", ""Coconut Flakes"", ""Chilli"", ""Cumin"", ""Coriander"", ""Salt"", ""Curry Leaves"", ""Turmeric"", ""Tamarind"", ""Asafetida.""]","[""peanuts""]",[],,
Balaji Wafers Rumbles Potato Chips Pudina Twist flavour,balaji,plant-based-foods-and-beverages,8906010501952,,"[""40 g""]","[""POTATO (88%)"", ""EDIBLE VEGETABLE OIL (PALMOLEIN)"", ""EDIBLE COMMON SALT"", ""MALTODEXTRIN"", ""SPICES & CONDIMENTS 2 % (CUMIN"", ""CORIANDER. CINNAMON)"", ""DEHYDRATED VEGETABLE POWDER (ONION"", ""GARLIC)"", ""SUGAR"", ""BLACK SALT"", ""ACIDITY REGULATOR (INS 330)"", ""ANTICAKING AGENT (INS 551). FLAVOUR ENHANCER (INS 627"", ""INS 631)"", ""NATURAL & NATURE IDENTICAL FLAVOURING SUBSTANCES (MINT ).""]","[""-""]",[],,
Nutties,cadbury,snacks,8901233028651,,"[""30g""]","[""Sugar"", ""Milk Solids"", ""Cashew nuts (11%*)"", ""Cocoa butter"", ""Cocoa solids"", ""Emulsifiers (442"", ""476)"", ""Stabilizers (1400"", ""414)"", ""Edible salt"", ""Glazing agent (904)"", ""Almonds. CONTAINS ADDED FLAVOUR (NATURAL"", ""NATURE IDENTICAL AND ARTIFICIAL (ETHYL VANILLIN) FLAVOURING SUBSTANCES)\r\nAllergen Information: Contains Milk"", ""Cashewnuts"", ""Almonds"", ""Sulphites""]","[""milk"", ""nuts"", ""sulphur dioxide and sulphites""]",[],,https://images.openfoodfacts.org/images/products/890/123/302/8651/front_en.14.400.jpg
LaxmiNarayan Patal Poha Chiwda (Indian snack),laxminarayan,snacks,8902050000028,,"[""250 g""]","[""Nylon Poha"", ""Chana Dal"", ""Groundnut (Peanuts)"", ""Groundnut Oil"", ""Sugar"", ""Sesame"", ""Green Chilli"", ""Black Salt"", ""Salt"", ""Turmeric Powder"", ""Cumin Powder"", ""Mango Powder"", ""Asafoetida"", ""Mustard Powder"", ""Curry Leaves.""]","[""mustard"", ""peanuts"", ""sesame seeds""]",[],,
Yogi Tea Teabags,yogi-tea,beverages-and-beverages-preparations,4012824401075,,"[""30.6g""]","[""Cardamom* (17%)"", ""fennel* (17%)"", ""coriander*"", ""barley malt*"", ""liquorice* (13%)"", ""peppermint* (9%)"", ""ginger* (6%)"", ""cinnamon*"", ""black pepper*"", ""cloves*.""]","[""gluten""]",[],,
Ammamma's Moringa Chapati,ammamma-s,chapati,8906029605429,,"[""400 g""]","[""Whole Wheat Flour""]","[""gluten""]",[],,
Iodised Salt,patanjali,condiments,8904422701083,,"[""1 kg""]","[""Edible Common Salt"", ""Potassium lodate and Anticaking Agent (INS 551"", ""INS 536)""]","[""-""]",[],,https://images.openfoodfacts.org/images/products/890/442/270/1083/front_en.3.400.jpg
Toned Milk,nandini,dairies,15486196,,"[""500ml""]","[""Milk Solids"", ""Vitamin A & Vitamin D""]","[""milk""]",[],,
Mango pickle,lovely,plant-based-foods-and-beverages,8906132960828,,"[""500g""]","[""Mango Pieces"", ""Salt"", ""Chilli Powder"", ""Sesame Oil (Gingelly Oil)"", ""Mustard"", ""Fenugreek"", ""Asafoetida"", ""Synthetic Vinegar. CONTAINS PERMITED CLASS II PRESERVATIVE. SODIUM BENZOATE.""]","[""mustard"", ""sesame seeds""]",[],,
Lime Pickle,lovely,plant-based-foods-and-beverages,8906132960835,,"[""500 g""]","[""Lime Pieces"", ""Salt"", ""Chilli Powder"", ""Turmeric"", ""Ginger"", ""Fenugreek"", ""Mustard"", ""Garlic"", ""Sesame Oil (Gingelly oil)"", ""Sugar"", ""Asafoetida"", ""Synthetic Vinegar. CONTAINS PERMITED CLASS II PRESERVATIVE"", ""SODIUM BENZOATE.""]","[""mustard"", ""sesame seeds""]",[],,https://images.openfoodfacts.org/images/products/890/613/296/0835/front_en.3.400.jpg
Zahidi Dates,popular,plant-based-foods-and-beverages,8906108306254,,"[""500 gms""]","[""Dates""]","[""-""]",[],,
Rasam Powder,mtr,plant-based-foods-and-beverages,8901042954738,,"[""200g""]","[""Coriander (49%)"", ""Red chilli (24%)"", ""Cumin (17%)"", ""Fenugreek (10%)"", ""Asafoetida.""]","[""-""]",[],,
Vanilla Milk,heritage,beverages-and-beverages-preparations,8904089927383,,"[""200 ml""]","[""Double Toned Milk"", ""Sugar CONTAINS PERMITTED SYNTHETIC FOOD COLOUR (INS 102) AND ADDED ARTIFICIAL VANILLA FLAVOURING SUBSTANCE""]","[""milk""]",[],,https://images.openfoodfacts.org/images/products/890/408/992/7383/front_en.3.400.jpg
Original Ginger Ale,schweppes,beverages-and-beverages-preparations,8901764211256,,"[""300 ml""]","[""CARBONATED WATER"", ""SUGAR"", ""ACIDITY REGULATOR (330)"", ""PRESERVATIVE (211) COLOUR (150d)"", ""FLAVOURS (NATURAL FLAVOURING SUBSTANCES).""]","[""-""]",[],,
Mixed Fruit Jam,kissan,plant-based-foods-and-beverages,4901034831706,,"[""500g""]","[""SUGAR"", ""MIXED FRUIT PULP BLEND - 60% (PAPAYA PULP"", ""PEAR PULP"", ""APPLE JUICE"", ""BANANA PULP PINEAPPLE JUICE"", ""ORANGE JUICE"", ""MANGO PULP"", ""GRAPE JUICE)"", ""ACIDITY REGULATOR-E330"", ""THICKENER-E440"", ""10DISED SALT"", ""VITAMINS & MINERAL"", ""PRESERVATIVE-E202"", ""NATURAL FLAVOURING SUBSTANCES"", ""FOOD COLOUR-E122 NUMBER OF SERVES PER PACK: APPROX. 25"", ""PER SERVE: 20 g (1 Tbsp)""]","[""-""]",[],,
TASTY NUTS Shing Bhujia,haldiram-s,snacks,8904004403671,,"[""40g""]","[""Groundnuts (Peanuts)(66%)"", ""Edible Vegetable Oil (Palmolein"", ""Cotton Seed"", ""Corn"", ""Sunflower"", ""Rice Bran)"", ""Bengal Gram Flour (Besan)"", ""Maize Starch"", ""Iodised Salt"", ""Red Chilli"", ""Acidity Regulator (INS 330)"", ""Turmeric"", ""Black Salt"", ""Black Pepper"", ""Dried Ginger Powder"", ""Cardamom"", ""Cumin"", ""Cinnamon"", ""Clove"", ""Bay Leaf"", ""Nutmeg & Asafoetida.""]","[""peanuts""]",[],,https://images.openfoodfacts.org/images/products/890/400/440/3671/front_en.5.400.jpg
Alo Frut Guava,alo-frut,beverages-and-beverages-preparations,4906440992867,,"[""200ml""]","[""Water"", ""Aloevera Juice and Pulp (14%)"", ""Guava Pulp (14%) Cane Sugar (10%)"", ""Acidity Regulator (INS 330)"", ""Stabilizer (INS 440)"", ""(INS 414)"", ""(INS 419)"", ""(INS 445)"", ""Preservatives (INS 211)"", ""(INS 202)"", ""Colour (INS 110)"", ""(INS 122) & Nature Identical Flavouring Substances-GUAVA FLAVOUR.""]","[""-""]",[],,
Greenland Kappalandy Peanuts,greenland,plant-based-foods-and-beverages,8902490199030,,"[""250""]","[""Peanuts""]","[""peanuts""]",[],,
Honey Corn Flakes,eatrite,plant-based-foods-and-beverages,0004444444390,,"[""500g""]","[""Corn grits (72%)"", ""Sugar(10%)"", ""Malt Extract"", ""Honey (5.7%)"", ""Iodized salt"", ""Nature-Identical Flavouring substance (Honey)"", ""Antioxidant (INS320)"", ""Emulsifier(INS 322)(i)""]","[""-""]",[],,https://images.openfoodfacts.org/images/products/000/444/444/4390/front_en.3.400.jpg
Sago,good-life,plant-based-foods-and-beverages,8902901223804,,"[""500g""]","[""Sago""]","[""-""]",[],,
Et MI Doodhwala Ice Cream Mix,etmi,snacks,8908007422127,,"[""100g""]","[""Sugar"", ""Starch"", ""Milk Solids"", ""Gelling Agent Agar Powder (E406)"", ""E102"", ""Contains Permitted Artificial Flavouring Substances Pistachio and Vanilla"", ""Salt.""]","[""milk""]",[],,
Corn Dots Cream & Onion,yummiano,flavoured-corn-crips,8905304000539,,"[""200 g""]","[""Corn"", ""Edible Vegetable Oil"", ""Salt"", ""Cream"", ""Spices"", ""and Condiments. Contains Natural and Nature Identical Flavouring Substances.""]","[""milk""]",[],,https://images.openfoodfacts.org/images/products/890/530/400/0539/front_en.3.400.jpg
Jaggery Bites,goldmine,sweeteners,8906053812978,,"[""500""]","[""Sugarcane""]","[""-""]",[],,
Patanjali Divya Jal,patanjali,beverages-and-beverages-preparations,8904109402012,,"[""1 l""]","[""TREATED WATER"", ""SALTS OF MAGNESIUM"", ""CALCIUM AND POTASSIUM""]","[""-""]",[],,
Parle Mazelo Candy,parle,sweeteners,8901719119040,,"[""198 g""]","[""SUGAR"", ""LIQUID GLUCOSE AND ACIDITY REGULATORS (270"", ""325). CONTAINS PERMITTED SYNTHETIC FOOD COLOUR (171"", ""122"", ""102"", ""133) AND ADDED FLAVOURS (ARTIFICIAL FLAVOURING SUBSTANCES - LITCHI"", ""WATERMELON"", ""APPLE"", ""GUAVA"", ""BANANA).""]","[""apple"", ""banana""]",[],,https://images.openfoodfacts.org/images/products/890/171/911/9040/front_en.4.400.jpg
Cashew biscuits,milk-ma,snacks,8906032341086,,"[""200g""]","[""Wheat Flour"", ""Sugar"", ""Veg. shortening"", ""Cashew"", ""custard powder"", ""salt and flavour""]","[""gluten"", ""nuts""]",[],,
Milk-Ma whole wheat critters,milk-ma,plant-based-foods-and-beverages,8906032341062,,"[""150g""]","[""WHEAT FLOUR"", ""SUGAR"", ""VEG. SHORTENING"", ""MILK"", ""MIXED SPICES AND GLUCOSE POWDER.""]","[""gluten"", ""milk""]",[],,
Milk-Ma Butter Cookies,milk-ma,snacks,8906032341093,,"[""200g""]","[""WHEAT FLOUR"", ""SUGAR"", ""VEG. SHORTENING"", ""ELAICHI"", ""SALT AND FLAVOUR.""]","[""gluten"", ""lait""]",[],,https://images.openfoodfacts.org/images/products/890/603/234/1093/front_en.7.400.jpg
Cadbury 5 Star,mondelez,snacks,7622201150419,,"[""40 g""]","[""Sugar"", ""Liquid Glucose"", ""Invert Sugar"", ""Milk Solids"", ""Hydrogenated Oil"", ""Cocoa Butter"", ""Cocoa Solids"", ""Fractionated Fat"", ""Lactose-rich Deproteinized Whey Permeate Powder"", ""Emulsifiers (442"", ""471"", ""476)"", ""Hydrolyzed Vegetable Protein"", ""lodised Salt"", ""Flavours (Natural"", ""Nature Identical and Artificial (Caramel and Vanilla) Flavouring Substances)""]","[""milk""]",[],,
Saras Dahi,saras,dairies,8906009440682,,"[""200""]","[""MILK SOLIDS"", ""Pasteurized toned milk & active culture. (MIN. SNF 8.5%"", ""FAT 3.0%) Lic. No. 10012013000010 Batch No."", ""PKD & USE BY DATE"", ""MRP"", ""U.S.P/gm (incl.of all taxes) SEE TOP LID 0090 8 सरस पाश्चुराइ""]","[""milk""]",[],,
Amul Ice Cream,amul,desserts,8901262172363,,"[""2L""]","[""Milk Solids\r\nSugar \r\nCashew chikki\r\nstabilisers\r\nPermitted emulsifier""]","[""-""]",[],,https://images.openfoodfacts.org/images/products/890/126/217/2363/front_en.3.400.jpg
KitKat,Nestlé,snacks,8901058868036,,"[""55g""]","[""Sugar"", ""Milk Solids"", ""Refined wheat Flour (Maida)"", ""Edible Vegetable fats"", ""Hydrogenated vegetable fats (contains sesame oil)"", ""Cocoa solids (4.5%)"", ""Emulsifier (Soya lecithin)"", ""Iodised salt""]","[""gluten"", ""milk"", ""none"", ""soybeans""]",[],,
Nescafe Sunrise,nescafe,plant-based-foods-and-beverages,8901058895322,,"[""5.5g""]","[""Blends of coffee - 70%\r\nchicory - 30%\r\nsugar\r\n70 ml of milk \r\n30 ml of water""]","[""none""]",[],,
Soft spot plant based smoked cheese,soft-spot,dairies,8908014047023,,"[""200g""]","[""Water"", ""potato starch"", ""coconut oil"", ""cashews"", ""corn starch"", ""salt"", ""vegan flavours"", ""carrageenan"", ""nutritional yeast"", ""lactic acid"", ""annatto""]","[""fruits à coque""]",[],,https://images.openfoodfacts.org/images/products/890/801/404/7023/front_en.8.400.jpg
Home chef Pasta Macaroni Elbow,-,plant-based-foods-and-beverages,8903363006905,,"[""875g""]","[""Wheat Semolina \r\nWater""]","[""none""]",[],,
Chia Seeds,the-spice-club,plant-based-foods-and-beverages,2000000133524,,"[""1005 / 3.5 oz""]","[""Chia Seeds""]","[""-""]",[],,
Green Tea,tetley,plant-based-foods-and-beverages,8901052087808,,"[""100g""]","[""Green Tea""]","[""none""]",[],,https://images.openfoodfacts.org/images/products/890/105/208/7808/front_en.4.400.jpg
Continental Strong,continental,plant-based-foods-and-beverages,2000000133525,,"[""50g""]","[""Coffee beans \r\nchicory""]","[""-""]",[],,
Apis Classic Dates,apis,plant-based-foods-and-beverages,8908015394638,,"[""500g""]","[""non GMO\r\nSeeded DatesWashed and packed under strict hygienic conditions \r\nfree from preservatives""]","[""none""]",[],,https://images.openfoodfacts.org/images/products/890/801/539/4638/front_en.3.400.jpg
Daawat Rozana Basmati Rice,daawat,plant-based-foods-and-beverages,8901537007116,,"[""5 kg""]","[""Basmati Rice""]","[""-""]",[],,
Fruit Nik ELECTRO REHYDRATE ORANGE DRINK,amrutanjan,beverages-and-beverages-preparations,8906014140164,,"[""200ml""]","[""WATER"", ""SUGAR"", ""DEXTROSE"", ""ORANGE JUICE (10%) (RECONSTITUTED FROM ORANGE JUICE CONCENTRATE]"", ""TRI SODIUM CITRATE"", ""POTASSIUM CHLORIDE"", ""SODIUM CHLORIDE"", ""ACIDITY REGULATOR [INS 330]"", ""ASCORBIC ACID (VITAMIN C)"", ""FLAVOURS (NATURAL"", ""NATURE-IDENTICAL"", ""ARTIFICIAL FLAVOURING SUBSTANCES (ORANGE))"", ""COLOURS (INS 160a"", ""INS 110] AND PRESERVATIVE INS 211).""]","[""orange""]",[],,
Shivabala coconut oil,shivabala,plant-based-foods-and-beverages,8906177460079,,"[""100ml""]","[""Coconut Oil""]","[""-""]",[],,
Vedaka Cashews - Broken,vedaka,plant-based-foods-and-beverages,8903023006184,,"[""200g""]","[""Cashews""]","[""nuts""]",[],,https://images.openfoodfacts.org/images/products/890/302/300/6184/front_en.3.400.jpg
Milk Bread,suchali-s,plant-based-foods-and-beverages,8908018729086,,"[""470g""]","[""Refined White Flour (Maida)"", ""Double Toned Milk (27%)"", ""Unsalted Butter"", ""Sugar"", ""Water"", ""Wheat Gluten"", ""Fresh Yeast"", ""Salt"", ""Fermented Wheat Flour""]","[""gluten"", ""milk""]",[],,
Dairy Milk Silk Bubbly Chocolate,cadbury,snacks,7622202271861,,"[""46g""]","[""Sugar"", ""Milk solids(25%*)"", ""Cocoa butter"", ""Cocoa solids"", ""Emulisifiers(442"", ""476)"", ""Flavours(natural"", ""nature"", ""identical"", ""and artificial (vanilla) flavouring substances)""]","[""milk""]",[],,
Kellogg's Museli Nuts delight,Kellogg's,plant-based-foods-and-beverages,8901499011398,,"[""1 kg""]","[""MULTIGRAIN MIX (67.6%) (CORN GRITS (21.2%)"", ""WHEAT (16.8%)"", ""ROLLED BARLEY (10.5%)"", ""ROLLED OATS (10.5%)"", ""RICE (8.6%)"", ""DRY FRUITS & NUT (20%) (BROWN RAISINS (10%)"", ""ALMONDS (6%)"", ""BLACK RAISINS (4%))"", ""SUGAR"", ""CEREAL EXTRACT"", ""WHEAT BRAN"", ""HONEY"", ""OLIGOFRUCTOSE"", ""IODIZED SALT"", ""COCOA SOLIDS"", ""VITAMINS. FLAVOURS (NATURE IDENTICAL & ARTIFICIAL (COCONUT))"", ""ANTIOXIDANT (INS 307b)"", ""MINERAL AND COLOUR (INS 150d). ALLERGEN DECLARATION: CONTAINS WHEAT"", ""BARLEY"", ""OATS"", ""NUT (ALMONDS) AND SULPHITE. MAY CONTAIN OTHER NUTS"", ""SOY AND MILK. SOME DRY FRUITS CONTAIN SULPHITE TO MAINTAIN COLOUR.""]","[""gluten"", ""nuts"", ""sulphur dioxide and sulphites""]",[],,https://images.openfoodfacts.org/images/products/890/149/901/1398/front_en.6.400.jpg
Choco Pie Orange,orion,sweet-pies,8906130900628,,"[""25g""]","[""Refined _Wheat_ Flour (Maida)"", ""Choco Covering (21%) [Sugar"", ""Hydrogenated Vegetable Fat"", ""Cocoa Solids"", ""_Milk_ Solids"", ""Emulsifier (INS 322) And Nature Identical Flavour (Vanillin)]"", ""Sugar"", ""Liquid Glucose"", ""Orange Filling (9.3%) [Water"", ""Liquid Glucose"", ""Sugar"", ""Orange Juice (15.5%)"", ""Fructose"", ""Maltodextrin"", ""Acidity Regulator (INS 330)"", ""Stabilizer (INS 440"", ""INS 415)"", ""Nature-identical Flavour (Orange)"", ""Preservative (INS 211)"", ""Colour (INS 102 & INS 110)]. Hydrogenated Vegetable Fat"", ""Humectant (INS 422)"", ""Dextrose"", ""Raising Agents [INS 500(1)"", ""INS 503 (ii)]"", ""Stabilizers (INS 407"", ""INS 440"", ""INS 415"", ""INS 410)"", ""Edible Common Salt"", ""Hydrolyzed Pea Protein"", ""Preservatives (INS 202"", ""INS 281)"", ""Acidity Regulator [INS 341(i)]"", ""Nature Identical Flavour (Vanillin).""]","[""gluten"", ""milk"", ""nuts"", ""orange"", ""soybeans""]",[],,
Jeera Khakhra,charliee,snacks,8906005671820,,"[""150g""]","[""Refined Wheat Flour (80%)"", ""Edible Vegetable Oil (Refined Palmolein Oil) (16%)"", ""lodised Salt (3%)"", ""Cumin Seeds (1%). CONTAINS: WHEAT ALLERGY ADVICE: This product was processed on machinery that also processes peanuts"", ""tree nuts"", ""wheat"", ""soy"", ""sesame"", ""mustard and sulphites.""]","[""gluten"", ""mustard"", ""nuts"", ""sesame seeds"", ""soybeans"", ""sulphur dioxide and sulphites""]",[],,
Instant Coffee Strong,levista,beverages-and-beverages-preparations,8906031933602,,"[""200g""]","[""Coffee"", ""Chicory""]","[""-""]",[],,https://images.openfoodfacts.org/images/products/890/603/193/3602/front_en.6.400.jpg
Veg Mayonnaise,Dr. Oetker,condiments,8906002006113,,"[""400g""]","[""Mayonnaise Original (Proprietary Food - 12.6.1-Emulsified Dips dents: Refined Soyabean Oil"", ""Water"", ""Sugar"", ""Milk Solids"", ""lodised Sat"", ""L Emulsifiers and Stabilizers (INS415"", ""INS1442)"", ""Acidity Regulators (NS Preservatives (INS211"", ""INS202)"", ""Antioxidant (INS319). TANG MILK Serve Size-15g Pack contains 26 M&Mid By: Dr. Oetker sa India Pvt. Ltd. Nutritional Information Energy (kcal) Protein (a) SP-3&4"", ""Ind. Area Kaharani"", ""For complaints"", ""contact Alwar Rajasthan - are manager at ker in Carbohydrate (g) - Total Sugars (g) Added Sugars (g) 18002700481 Total Fat (g) Per Per 100g Serve P 502.2 753 SP 01/24 05 01 1.3 == 8.6 7.3 54 518 92 00 710.5/ - Saturated Fat (g) - Trans Fat (g) Cholesterol (mg) Sodium (ma)""]","[""milk"", ""none"", ""soybeans""]",[],,
ocean fruit drink,ocean,beverages-and-beverages-preparations,8908001658539,,"[""250ml""]","[""Water"", ""Apple Juice Concentrate 1.8% (Equivalent to 12% Apple Juice) Sugar"", ""Glucose"", ""Minerals (E 329"", ""E 508)"", ""Acidity Regulator (E 330"", ""E296"", ""E 331)"", ""Nature Identical Flavouring Substances (Pink Guava Fruit Flavour). Permitted Class I Preservative (E 202)"", ""Vitamins (B3"", ""B5"", ""B7).""]","[""-""]",[],,
Chips,haldiram-snacks-pvt-ltd,chips,8904063201164,,"[""13gram""]","[""Potatoes (89%)"", ""Edible Vegetable Oil (Palmolein"", ""Cotton Seed"", ""Rice Bran)"", ""*Spices & Condiments [Red Chilli Powder (0.25%)"", ""Garlic Powder (0.10%)"", ""Black Pepper Powder (0.10%)"", ""Cloves Powder"", ""Big Cardamom Powder"", ""Onion Powder"", ""Spices Extract]"", ""Sugar Powder"", ""lodised Salt"", ""Tomato Powder (2%)"", ""Dextrose"", ""Maltodextrin"", ""Yeast Extract Powder"", ""Acidity Regulator (INS 330)"", ""Natural & Nature Identical Flavouring Substances.""]","[""-""]",[],,https://images.openfoodfacts.org/images/products/890/406/320/1164/front_en.3.400.jpg
Unifit Corn Flakes,unifit,plant-based-foods-and-beverages,8906166220226,,"[""425g""]","[""us(mg) nesium(mg) inc(mg) Copper(mg) Selenium(mg) Approximate values 6 RDA is based on""]","[""-""]",[],,
Super Muesli,yoga-bar,plant-based-foods-and-beverages,8904335603412,,"[""1kg""]","[""Whole Grains 68% {Rolled Oats"", ""Brown Rice"", ""Millets 20% (Jowar"", ""Ragi"", ""Bajra"", ""Samai)}"", ""Dehydrated Fruits 17% (Raisins"", ""Strawberry Powder"", ""Cranberry"", ""Blackcurrant)"", ""Nuts & Seeds 8% (Almond"", ""Pumpkin"", ""Flax"", ""Chia)"", ""Dates Syrup"", ""Prebiotic Fibre (Fructo-oligosaccharide)"", ""Rice Bran Oil"", ""Himalayan Pink Salt.""]","[""gluten"", ""nuts""]",[],,
Pasteurized Toned Milk,pddp,beverages-and-beverages-preparations,8906077560022,,"[""475 ml""]","[""MILK""]","[""milk""]",[],,https://images.openfoodfacts.org/images/products/890/607/756/0022/front_en.3.400.jpg
Chana Dal,bharat-dal,plant-based-foods-and-beverages,8905532000332,,"[""1 kg""]","[""Chana Dal""]","[""-""]",[],,
Fortune premium kachi ghani pure mustard oil,adani-wilmar,plant-based-foods-and-beverages,8906007280952,,"[""1L""]","[""Mustard oil""]","[""-""]",[],,
Barramundi,the-better-fish,seafood,0890150002678,,"[""113g""]","[""barramundi""]","[""-""]",[],,https://images.openfoodfacts.org/images/products/089/015/000/2678/front_en.29.400.jpg
Continental This is Caramel coffee,continental-coffee-limited,plant-based-foods-and-beverages,96831434,,"[""22g""]","[""Coffee creamer [Glucose syrup"", ""Hydrogenated vegetable fat"", ""Sodium caseinate (Milk Protein)"", ""Emuisifier (471)"", ""Stabilizer (340( 331 452) Anti-caking agent (551)"", ""Dairy Flavour)"", ""Sugar"", ""Instant Coffee (718%) & Salt. CONTAINS ADDED FLAVOURS (NATURE IDENTICAL & ARTIFICIAL FLAVOURING SUBSTANCE) Ingredients after reconstitution: Water"", ""Coffee creamer [Glucose syrup"", ""Hydrogenated vegetable fat"", ""Sodium Caseinate (Milk Protein)"", ""Emulsfer(471)"", ""Sttabilizer340.337.452)"", ""Anti-caking agent 551)"", ""Dairy Flavour)"", ""Sugar"", ""Instant Coffee & Salt""]","[""milk""]",[],,
Ramji Net Fryums,ramji,snacks,8908014201050,,"[""200g""]","[""Wheat Flour"", ""Rice Flour"", ""Corn Flour"", ""Iodised Salt""]","[""gluten""]",[],,
Cocoa powder 100% cocoa natural unsweetened,hershey-s,cocoa-and-its-products,8901031211163,,"[""225g""]","[""HERSHEY'S COCOA POWDER MEDIUM FAT COCOA POWDER HIGH IN NATURAL DIETARY CONTAINS NATURALLY OCCURRING SUGARS^""]","[""-""]",[],,https://images.openfoodfacts.org/images/products/890/103/121/1163/front_en.3.400.jpg
India Gate Uplife Gut Pro,india-gate,oils,0690225309110,,"[""1l""]","[""Physically Refined Rice Bran Oil (80%)"", ""Refined Soyabean Oil (20%) Anti-oxidants (INS 319"", ""330)"", ""Vitamin A&D Antifoaming agent (INS 900a)""]","[""soybeans""]",[],,
BRITANNIA Good day  BUTTER COOKIES,britannia,snacks,8901063092822,,"[""52.5 g""]","[""INGREDIENT REFINED WHEAT FLOUR (MAIDA)"", ""REINED PALM OIL"", ""SUGAR"", ""INVERT SUGAR SYRUP"", ""MILK PRODUCTS (MILK SOLIDS & BUTTER (0.5%)]"", ""RAISING AGENTS [503(ii) & [500(ii)]"", ""IODISED SALT"", ""ARTIFICIAL (BUTTER"", ""MILK & VANILLA) & NATURAL LAVOURING SUBSTANCES AND MULSIFIERS [472e & 322(i)]. Numbers in brackets as per International numbering System) CONTAINS WHEAT MILK AND SOY""]","[""gluten"", ""milk"", ""soybeans""]",[],,
Millets & More Ragi Kurmura,millets-more,snacks,8904057716032,,"[""200g""]","[""Ragi Flour"", ""Salt.""]","[""-""]",[],,https://images.openfoodfacts.org/images/products/890/405/771/6032/front_en.3.400.jpg
Sprite,coca-cola,beverages-and-beverages-preparations,3948764032271,,"[""750 ml""]","[""CARBONATED WATER"", ""SUGAR"", ""ACIDITY REGULATORS (330"", ""331(1)"", ""PRESERVATIVE (211)"", ""SWEETENER (960)"", ""FLAVOURS (NATURAL FLAVORING SUBSTANCES).""]","[""-""]",[],,
Premium Jaggery pieces,rasmalai-gold,sweeteners,8908008252242,,"[""800g""]","[""CONCENTRATED SUGARCANE JUICE""]","[""-""]",[],,
Mixed pickle,mother-s-recipe,plant-based-foods-and-beverages,8906001050742,,"[""1kg""]","[""Moxed Fruits & Vegetable Pieces (Mango"", ""Spices and Condiments"", ""Acidity Regulator (INS 260) and . Iodized Salt"", ""Water"", ""Cottonseed Oil"", ""Chilli Powder. Caror Lime"", ""Green Chilli"", ""Green Tomato and Amba Halder)""]","[""-""]",[],,https://images.openfoodfacts.org/images/products/890/600/105/0742/front_en.4.400.jpg
Mountain dew 2ltr,pepsico,beverages-and-beverages-preparations,8902080364343,,"[""2.25""]","[""CARBONATED WATER"", ""SUGAR"", ""ACIDITY REGULATORS FLAVOUR INATURAL FLAVOURING SUBSTANCES"", ""PRESERVATIVE (2 CAFFEINE (13 mg/100 g)"", ""STABILIZER (445)"", ""COLOUR (102)""]","[""-""]",[],,
Kundan.kumar,dabar,dairies,8901207002496,,"[""120g""]","[""bur HASKAR CARNA peite deaton ele""]","[""-""]",[],,https://images.openfoodfacts.org/images/products/890/120/700/2496/front_en.4.400.jpg
Cashews,provmini,plant-based-foods-and-beverages,8908011491133,,"[""18 g""]","[""Cashew""]","[""nuts""]",[],,
Cashew Broken,goodlife,plant-based-foods-and-beverages,8902901100723,,"[""200""]","[""Cashew""]","[""nuts""]",[],,
W320 cashew,good-life,plant-based-foods-and-beverages,8902901223965,,"[""100g""]","[""Cashew""]","[""nuts""]",[],,https://images.openfoodfacts.org/images/products/890/290/122/3965/front_en.3.400.jpg
Good Life W320 Cashew 200g,goodlife,plant-based-foods-and-beverages,8902901223972,,"[""200g""]","[""Cashew""]","[""nuts""]",[],,
Pillsbury Choco Molten Lava Cake,pillsbury,deserts,8904150503683,,"[""90g""]","[""sugar"", ""refined wheat flour (maida) bakery shortening [edible vegetable oil(palm sesome)]"", ""cocoa powder(5%) milk solids"", ""iodized salt"", ""nature identical flavouring substance - vanilla nature  identical flavouring substance - chocalted and stabilizer (INS 415)""]","[""gluten""]",[],,
The nuthouse raisins,the-nut-house,plant-based-foods-and-beverages,8906158700842,,"[""500g""]","[""Raisins""]","[""-""]",[],,https://images.openfoodfacts.org/images/products/890/615/870/0842/front_en.3.400.jpg
Black Raisin,wonderland-foods,plant-based-foods-and-beverages,8906095121519,,"[""250""]","[""Dried Grapes""]","[""-""]",[],,
Thandaai Masala Powder,ashok,plant-based-foods-and-beverages,8906017774014,,"[""50 g""]","[""SUGAR"", ""NUTS AND SEEDS 11% (ALMOND"", ""SUNFLOWER SEED"", ""FOX NUT"", ""POPPY SEED"", ""PISTACHIO). SPICES 10.2% (ANISEED"", ""BLACK PEPPER"", ""SMALL CARDAMOM"", ""WHITE PEPPER"", ""TURMERIC) SKIMMED MILK POWDER"", ""CORN FLOUR"", ""MUNAKKA"", ""ANJEER"", ""MALTODEXTRINE"", ""SAFFRON (KESAR) & ROSE EXTRACT"", ""THICKENING AGENT (INS 466"", ""INS 412) ANTIOXIDENT (INS 320)"", ""CONTAINS PERMITTED NATURAL COLOUR (INS100) AND SYNTHETIC FOOD COLOUR(S) (INS 102"", ""INS 110) AND ADDED FLAVOUR(S) CONTAINS CLASS-11 PRESERVATIVE (INS 282)""]","[""milk"", ""nuts""]",[],,
Britannia Nutri Choice Oats,britannia,snacks,8901063142114,,"[""75 g""]","[""WHEAT FLOUR (ATTA) (41.7%)"", ""SUGAR"", ""REFINED PALM OIL"", ""ROLLED DATS (14.3%)"", ""ALMONDS (5%)"", ""LIQUID GLUCOSE"", ""WHEAT BRAN (2.4%)"", ""MALTODEXTRIN"", ""RAISING AGENTS [500(ii)"", ""503(ii) & 450(i)]"", ""MILK SOLIDS (1.6%)"", ""INVERT SUGAR SYRUP"", ""DATS FIBRE (0.8%)"", ""EMULSIFIERS [322(i)"", ""471 & 472e]"", ""FLAVOURS [ARTIFICIAL (MILK & BUTTER)"", ""NATURAL & NATURE IDENTICAL FLAVOURING SUBSTANCES]"", ""IODISED SALT AND COLOUR (150d). (Numbers in brackets as per International Numbering System) CONTAINS WHEAT"", ""OATS"", ""NUTS"", ""MILK AND SOYA.""]","[""gluten"", ""milk"", ""nuts"", ""soybeans""]",[],,https://images.openfoodfacts.org/images/products/890/106/314/2114/front_en.3.400.jpg
Keto Dark Chocolate,lo,snacks,8906112993228,,"[""40 g""]","[""Maltitol"", ""Vegetable Fat"", ""Cocoa Powder"", ""Soy Lecithin"", ""Vanillin""]","[""soybeans""]",[],,
Double Beans White,hallmark,beans,8906044920477,,"[""200 g""]","[""Beans""]","[""-""]",[],,
Jain Schezwan sauce,aatash,condiments,8906000913062,,"[""1kg""]","[""Tomatoes(15%)"", ""Sugar(10%)"", ""chillies(8%)"", ""oil"", ""water"", ""soy sauce"", ""herbs & spices. flavour enhancers(INS-627"", ""INS-631)"", ""Emulsifying agent(INS - 415)"", ""Acidfying agent (INS-260)"", ""preservatives(INS-211)""]","[""soybeans""]",[],,https://images.openfoodfacts.org/images/products/890/600/091/3062/front_en.3.400.jpg
Frankie Masala,kapol,masala,8904083600527,,"[""75g""]","[""illy"", ""Asafoetida"", ""Turmeric.""]","[""-""]",[],,
Local all natural soda,local,beverages-and-beverages-preparations,8908018308007,,"[""250ml""]","[""POMELO LOCAL ALL NATURAL SODA 250ml carbonated mineral water - pomelo - cane sugar-roselle - salt""]","[""-""]",[],,
Turmeric Powder,zoff,plant-based-foods-and-beverages,8906097400032,,"[""500g""]","[""Turmeric""]","[""-""]",[],,https://images.openfoodfacts.org/images/products/890/609/740/0032/front_en.3.400.jpg
Slurp Farm Millet Noodles,slurp-farm,plant-based-foods-and-beverages,8906131682417,,"[""57g""]","[""Noodles (88.5%): Supergrain blend (whole wheat (atta)"", ""jowar) (83%)"", ""guar gum"", ""iodised salt"", ""rosemary (antioxidant) [INS 392]. Seasoning (11.5%): Mixed spices (onion"", ""coriander"", ""chilli"", ""turmeric"", ""garlic"", ""cumin"", ""aniseed"", ""fenugreek"", ""black pepper"", ""ginger"", ""clove"", ""cardamom"", ""nutmeg)"", ""tapioca starch"", ""desi khand"", ""iodised salt"", ""edible vegetable oil (soyabean)"", ""natural colors and nature identical flavors"", ""guar gum"", ""citric acid (acidity regulator) [INS 330)"", ""baking soda (raising agent) [INS 500(ii)].""]","[""gluten""]",[],,
Cadbury Hot Chocolate,mondelez-international,beverages-and-beverages-preparations,7622201762537,,"[""200g""]","[""Sugar"", ""Cocoa Powder (30%)"", ""Artificial (Vanilla) Flavouring""]","[""-""]",[],,
nutties,cadbury,snacks,7622202031618,,"[""30g""]","[""Center (55%*) (Sugar"", ""Cashew Nuts (11%)"", ""Milk Solids"", ""lodised Salt"", ""Flavour (Natural and Nature Identical Flavouring Substances)"", ""Emulsifier (442)"", ""Almonds)"", ""Milk Chocolate (44%) (Sugar"", ""Milk A Solids (22%)"", ""Cocoa Butter"", ""Cocoa Solids"", ""Emulsifiers (442"", ""476)"", ""Flavours (Natural"", ""Nature Identical and Artificial (Vanilla) Flavouring Substances))"", ""Stabilizers (1400"", ""414)"", ""Glazing Agent (904).""]","[""milk"", ""nuts""]",[],,https://images.openfoodfacts.org/images/products/762/220/203/1618/front_en.3.400.jpg
Verka Gold,verka,dairies,8901826601100,,"[""500ml""]","[""MILK SOLIDS""]","[""milk""]",[],,
Whey,gold-standard,dairies,0748927066692,,"[""2.5kg""]","[""Protein Blend (93%) (Whey Protein Isolate"", ""Whey Protein Concentrate"", ""Hydrolysed Whey Protein) (Emulsifier: INS 3221)"", ""Cocoa Powder (Processed With Alkali)"", ""Artificial Flavours (Chocolate"", ""Vanilla)"", ""Sweetener (INS 950).""]","[""milk""]",[],,
chocochips,nic,desserts,8906082372566,,"[""750ml""]","[""Milk"", ""Chocolate"", ""Sugar and Chocolate Crush.""]","[""milk""]",[],,https://images.openfoodfacts.org/images/products/890/608/237/2566/front_en.3.400.jpg
PARLE MONACO,parle,snacks,8901719135156,,"[""185.6""]","[""Refined wheat flour (maida)"", ""refined oils(pamolein and palm)"", ""sugar"", ""raisins agents[503(ii)"", ""341(i)]"", ""iodised salt(2.25%)"", ""invert sugar syrup"", ""yeast"", ""acidity regulators [270"", ""296]"", ""flour treatment agents[223"", ""1101(ii)"", ""1100(i)]"", ""emulsifier of vegetable origin [472e]\nContains added flavours(artificial flavouring substance - butter)\nContains: wheat"", ""sulphite""]","[""gluten"", ""milk"", ""sulphur dioxide and sulphites""]",[],,
Mountain Dew,mewati-🔔,beverages,8902080364565,,"[""1.25 l""]","[""CARBONATED WATER"", ""SUGAR"", ""ACIDITY REGULATORS (330"", ""331)"", ""FLAVOUR (NATURAL FLAVOURING SUBSTANCES)"", ""PRESERVATIVE (211)"", ""CAFFEINE (1"", ""3 mg/100 g)"", ""STABILIZERS (445)"", ""COULOUR (102)""]","[""-""]",[],,
Protein Lassi - Mango flavour,amul,beverages,8901262152945,,"[""250 ml""]","[""Milk solids"", ""water"", ""sweeteners (965"", ""960)"", ""mango fruit compound (2.3%)"", ""stabilizers (440"", ""418)"", ""acidity regulator (330)"", ""nature identical and artificial flavouring substances (mango)"", ""active culture"", ""colours (160(b)"", ""102"", ""110]. Allergen Information: Contains milk.""]","[""milk""]",[],,https://images.openfoodfacts.org/images/products/890/126/215/2945/front_en.3.400.jpg
Nutri Choice Digestive,britannia,snacks,8901063142466,,"[""50 g""]","[""Refined wheat flour (maida)"", ""wheat flour(atta) (20%)"", ""refined palm oil"", ""sugar"", ""wheat bran(4.7%)"", ""Liquid glucose"", ""milk solids"", ""maltodextrin"", ""raising agents[503(ii)&500(ii)]"", ""IODISED salt"", ""emulsifiers[32(i)"", ""471&472e]"", ""malt extract and dough conditioner(233).contains added flavours [nature identical & artificial (vanillin) flavouring substances]""]","[""gluten"", ""milk"", ""soybeans"", ""sulphur dioxide and sulphites""]",[],,
Max protein (7 grain protein snack),ritebite,snacks,8906009532837,,"[""60g""]","[""Millets & Pulses Blend Flour (55%)"", ""(Jowar/Sorghum"", ""Chickpeas"", ""Quinoa"", ""Oats"", ""Ragi"", ""Soy"", ""Urad)"", ""Rice Bran Oil"", ""Soy Protein Isolate"", ""Dietary Fiber"", ""Chinese Manchurian Seasoning [Sugar"", ""lodized Salt"", ""Garlic Powder"", ""Mixed Spices (Chilli"", ""Ginger"", ""Bell Pepper"", ""Black Pepper"", ""Celery)"", ""Onion powder"", ""Soy Sauce Powder"", ""Hydrolyzed Vegetable Protein (Soy)"", ""Anticaking Agent (E551)"", ""Yeast extract powder"", ""Flavour Enhancer (E627"", ""631). Permitted Nature And Natural Identical Flavouring Substances] Black Pepper"", ""Salt. Allergen Declaration: Contains Soy & Cereals""]","[""celery"", ""gluten"", ""soybeans""]",[],,
DMart Healthy Choice Chia Seeds,dmart,plant-based-foods-and-beverages,8903363014351,,"[""200g""]","[""CHIA SEEDS""]","[""-""]",[],,https://images.openfoodfacts.org/images/products/890/336/301/4351/front_en.4.400.jpg
Buldak 2x spicy chicken noodles,samyang,plant-based-foods-and-beverages,8801073142428,,"[""5 x 140g""]","[""NOODLE(76.7%): REFINED WHEAT FLOUR"", ""MODIFIED STARCH (INS 1420)"", ""REFINED PALM OIL"", ""WHEAT GLUTEN"", ""SALT"", ""EMULSIFIER (SOY LECITHIN-INS 322)"", ""ACIDITY REGULATOR [POTASSIUM CARBONATE (INS 5011)"", ""SODIUM CARBONATE (INS 500i)"", ""DISODIUM ORTHOPHOSPHATE (INS 339ii)]"", ""GUAR GUM (INS 412)"", ""RIBOFLAVIN (INS 101)"", ""CITRIC ACID (INS 330)"", ""GREEN TEA FLAVOUR (NATURE-IDENTICAL) SOUP(22.7%): WATER"", ""SOY SAUCE (SOYABEAN"", ""WATER"", ""SALT"", ""GARLIC"", ""FLAVOUR ENHANCER-DISODIUM 5'-RIBONUCLEOTIDE)"", ""WHITE SUGAR"", ""ARTIFICIAL CHICKEN FLAVOUR"", ""CHILLI PEPPER POWDER"", ""RED PEPPER POWDER"", ""CURRY POWDER [CUMIN POWDER"", ""SALT"", ""DEXTROSE"", ""RED PEPPER POWDER"", ""CLOVE POWDER"", ""NUTMEG POWDER"", ""ROSEMARY POWDER"", ""GARLIC POWDER"", ""ONION POWDER"", ""GINGER POWDER"", ""PAPRIKA OLEORESIN (INS 160ci)]"", ""ONION"", ""GARLIC"", ""MODIFIED STARCH (INS 1420)"", ""CHILLI EXTRACT"", ""BLACK PEPPER POWDER"", ""LACTOBACILLUS FERMENTED POWDER"", ""MONOSODIUM L-GLUTAMATE (INS 621)"", ""PAPRIKA POWDER FLAKE(0.6%): ROASTED SESAME"", ""ROASTED SEAWEED CONTAINS ADDED MONOSODIUM L-GLUTAMATE.""]","[""gluten"", ""sesame seeds"", ""soybeans""]",[],,
slice,pepsico-india-holdings-pvt-ltd,cold-drinks,8902080404117,,"[""1.2kg""]","[""WATER"", ""SUGAR"", ""*CONCENTRATED MANGO PULP (5.1%)"", ""Acidity Regulator (330)"", ""Favour (Natural and nature identical falvouring substances )"", ""Stabilizers (466"", ""440)"", ""sweetener (960a)"", ""preservative (202)"", ""colour (110)\r\n\r\n*Equivalent to 10.2% mango pulp IN\r\n\r\nReconstituted Beverage""]","[""steviol-glycoside""]",[],,
Acai vibe,rio,beverages-and-beverages-preparations,8906026600465,,"[""200ml""]","[""PURIFIED WATER"", ""SUGAR"", ""APPLE JUICE (7%)"", ""MIX BERRY JUICE (5%)"", ""CARBON DIOXIDE (INS290)"", ""ACIDITY REGULATORS (INS296"", ""INS330 & INS331)"", ""VITAMINS"", ""PERMITTED CLASS II PRESERVATIVE (INS211) CONTAINS PERMITTED SYNTHETIC COLOURS (INS133 & INS122). CONTAINS PERMITTED NATURE IDENTICAL FLAVOUR (ACAI BERRY)""]","[""-""]",[],,https://images.openfoodfacts.org/images/products/890/602/660/0465/front_en.3.400.jpg
kapol surti Masala,kapol,masala,8904083600282,,"[""75g""]","[""Cumin"", ""Coriander"", ""Pomegranate Seeds"", ""Dry Mango"", ""Salt"", ""Black Pepper"", ""Chilly"", ""Asafoetida"", ""Turmeric.""]","[""-""]",[],,
Cashews,om,plant-based-foods-and-beverages,8906155440130,,"[""500g""]","[""Cashews""]","[""nuts""]",[],,
Bisleri,bisleri,beverages-and-beverages-preparations,8906017290996,,"[""300ml""]","[""TREATED WATER"", ""MINERALS (SALTS OF CALCIUM (1.0 mg)"", ""MAGNESIUM (0.5 mg) AND POTASSIUM (0.1 mg)).""]","[""-""]",[],,https://images.openfoodfacts.org/images/products/890/601/729/0996/front_en.3.400.jpg
Chia seeds,tata-sampann,plant-based-foods-and-beverages,8904043906584,,"[""200g""]","[""Chia""]","[""-""]",[],,
Nuts About You Premium Almonds,aplus-foods,plant-based-foods-and-beverages,8904155829528,,"[""200g""]","[""Almond Kernels Net Wt.: 200 g""]","[""-""]",[],,
Dhani Pure Garam Masala,dhani-pure,plant-based-foods-and-beverages,8906159670571,,"[""100g""]","[""Cumin"", ""Cassia"", ""Dry Ginger"", ""Chillies"", ""Pepper Black"", ""Cloves"", ""Large Cardamom"", ""Cardamom"", ""Star Anise"", ""Cinnamon"", ""Coriander"", ""Iodised Salt (Not Curry Powder) Cassia Bark (Taj) Cinnamon (Dalchini)""]","[""-""]",[],,https://images.openfoodfacts.org/images/products/890/615/967/0571/front_en.3.400.jpg
sorghum puff,slurrp-farm,snacks,8906131682059,,"[""20g""]","[""Ingredients Puff (90%) (millets (38%) (jowar"", ""foxtail millet)"", ""corn (21%)"", ""rice (15%)"", ""rice bran oil (16%)"", ""antioxidant (rosemary) [INS 392])"", ""seasoning (10%) (amchur"", ""cumin"", ""dried pomegranate seeds"", ""garam masala"", ""black pepper"", ""chilli"", ""desi khand"", ""iodised salt"", ""fructose"", ""black salt"", ""acidity regulator (citric acid) (INS 330)"", ""natural colors). Allergen Note: Made in a facility that processes wheat. May contain trace elements. Salety Advice: When feeding a child"", ""please ensure they are sitting down and are supervised to reduce the risk of choking.""]","[""-""]",[],,
Crunchem,Balaji Wafers,plant-based-foods-and-beverages,8906010502591,,"[""72g""]","[""POTATO (89%)"", ""EDIBLE VEGETABLE OIL (PALMOLEIN)"", ""EDIBLE COMMON SALT (0.4%).""]","[""-""]",[],,
West Indies' Hot 'n' Sweet Chilli,Lay's,plant-based-foods-and-beverages,8901491003124,,"[""90 g""]","[""Potato"", ""Edible Vegetable Oil Palmolein"", ""Sunflower Oil)"", ""*Seasoning (Sugar"", ""Maltodextrin"", ""lodised Salt"", ""Flavour (Natural and Nature Identical Flavouring Substances)"", ""~Spices & Condiments"", ""Flavour Enhancers (627 & 631)"", ""Edible Vegetable Oil (Palm"", ""Sunflower"", ""Peanut)"", ""Hydrolysed Vegetable Protein"", ""Anticaking Agent 551)"", ""Cocoa Solids"", ""Lactose). &quot"", ""As flavouring agent. ALLERGEN ADVICE: Contains Nut"", ""Milk"", ""Wheat Contains Onion and Garlic May Contain Sulphite""]","[""milk"", ""nuts"", ""peanuts""]",[],,https://images.openfoodfacts.org/images/products/890/149/100/3124/front_en.3.400.jpg
Desi Cow Milk,nandini,dairies,8906036674265,,"[""500ml""]","[""Milk Solids"", ""Vitamin A & Vitamin D.""]","[""milk""]",[],,
Peanut Butter Crunchy,pintola,plant-based-foods-and-beverages,8908010900964,,"[""510g""]","[""Peanuts (78%)"", ""Organic Jaggery (12%)"", ""Whey Protein Concentrate (European Origin) (10%)""]","[""milk"", ""peanuts""]",[],,
Pepsi Zero Sugar,pepsico-inc,beverages-and-beverages-preparations,8902080001828,,"[""400ml""]","[""Carbonated water"", ""color (150d)"", ""acidity regulators(338"", ""330)"", ""sweeteners(955"", ""950)"", ""preservative (211)"", ""caffeine (13mg/100g)"", ""flavour (natural flavouring substance)"", ""stabilizer (436)""]","[""-""]",[],,https://images.openfoodfacts.org/images/products/890/208/000/1828/front_en.6.400.jpg
Knorr Schezwan Sauce 200 g,Knorr,condiments,8901030987007,,"[""200g""]","[""Water"", ""Vegetables&quot"", ""(Garlic - 9%"", ""Onion 1%)"", ""Sugar"", ""Soyabean Oil"", ""lodised Salt"", ""Chillies 4.4%"", ""Soybean Sauce"", ""Acidity Regulator - 260"", ""Stabilisers 1422"", ""415"", ""Spices & Condiments"", ""Firvour Enhancers - E627 & E631"", ""Natural Colour - 1501"", ""Preservative-211"", ""Natural Flavouring substance. Contains Soya and Gluten.""]","[""gluten"", ""soybeans""]",[],,
Fabsta Peanut Butter Creamy,tata,plant-based-foods-and-beverages,8904296902104,,"[""420g""]","[""Peanut (90%)"", ""Sugar"", ""Edible Vegetable Fat (Fully Hydrogenated Soyabean Oil)"", ""lodised Salt"", ""Emulsifier (INS 471).\nALLERGEN ADVICE: Contains Nut & Soy.""]","[""peanuts"", ""soybeans""]",[],,
Concentrate Whey Protein Unflavoured,nutrabay-pure,dietary-supplements,8906045140614,,"[""1 kg""]","[""Whey Protein Concentrate (Cross-Flow Microfiltered)""]","[""milk""]",[],,https://images.openfoodfacts.org/images/products/890/604/514/0614/front_en.3.400.jpg
Digestive,farmlite,snacks,8901725015565,,"[""800g""]","[""Refined Wheat flour (Maida) (35.2%)"", ""Refined Palm Oil"", ""Wheat flour (Atta) (18.4%)"", ""Sugar"", ""Wheat Bran (4.3%)"", ""Liquid glucose"", ""Raising agents [INS 500(ii)"", ""INS 503)"", ""INS 450(1)"", ""Maltodextrin"", ""Milk solids"", ""iodized Salt"", ""Emulsifiers (Lecithin Energy(from Soyabean)"", ""Diacetyltartaric and fatty Protein ( acid esters of glycerol (from sunflower oil & palm oil)"", ""Mono - & di-glycerides of fatty acids (from palm oil)]"", ""Malt Extract (0.2%)"", ""Nature identical flavouring substances"", ""Wheat fibre (0.03%)"", ""Flour treatment agent (INS 223) and Artificial flavouring (Vanilla).""]","[""gluten"", ""milk""]",[],,
pink grapefruit spirulina bluwatee,ful-foods,beverages-and-beverages-preparations,0196852523580,,"[""355ml""]","[""dents: CARBONATED WATER"", ""SPIRULINA EXTRACT"", ""ALLULOSE"", ""CONCENTRATED LEMON JUICE"", ""NATURAL FLAVORS"", ""ASCORBIC ACID""]","[""-""]",[],,
Bounce Chocho,sunfest,snacks,8909081001123,,"[""31""]","[""MTL CD-FPB105365 Pkg.Mtrl.Mfd. By Jupiter Laminators Pvt. Ltd. Regn. No. HSPCS Consent 313121821SONCT08497 gredients: Maida (Refined Wheat Flour)"", ""Sugar"", ""Refined Palm Oil"", ""Invert Syrup"", ""Liquid Glucose (1.0%)"", ""Raising A Emulsifiers (Lecithin (from soyabean)"", ""Polyoxyethylene (20) sorbitan monostearate (from palm oil)]"", ""Artificial Fla 503) INS 500(ii)"", ""INS 450(i)]"", ""Colours (INS 150c"", ""INS 150d"", ""INS 122)"", ""Starch"", ""Todized Salt"", ""Cocoa Solid Substres (Vanilla"", ""Milk"", ""Chocolate)"", ""Flour Treatment Agent (INS 223)"", ""Nature Identical Flavouring Substances Con Wheat"", ""Soy"", ""approx. values): Per 100 g (% RDA per serve - 20 g)"", ""Energy""]","[""gluten"", ""milk"", ""soybeans""]",[],,https://images.openfoodfacts.org/images/products/890/908/100/1123/front_en.17.400.jpg
Bingo Cheese Curlz,bi-go,snacks,8901725117481,,"[""16g""]","[""DEGERMED CORN GRITS AND SEASONING {REFINED PALMOLEIN"", ""SUGAR"", ""IODIZED SALT"", ""MILK SOLIDS"", ""ONION POWDER"", ""#SPICES AND CONDIMENTS"", ""CHEESE POWDER"", ""NATURE IDENTICAL FLAVOURING SUBSTANCES"", ""REFINED WHEAT FLOUR (MAIDA)"", ""NATURAL FLAVOURS AND NATURAL FLAVOURING SUBSTANCES"", ""GARLIC POWDER AND FLAVOUR ENHANCER (INS 508)}. *USED AS FLAVOURING AGENTS. CONTAINS MILK"", ""WHEAT | MAY CONTAINS SOY""]","[""gluten"", ""milk"", ""soybeans""]",[],,
Bourbo,mrs-bector-s-cremica,snacks,8906078262178,,"[""500 g""]","[""REFINED WHEAT FLOUR (MAIDA)"", ""SUGAR (30%)"", ""EDIBLE VEGETABLE OIL (PALM)"", ""COCOA SOLDS (1.8%). MILK SOLIDS. MAIZE STARCH"", ""RAISING AGENTS [INS 503 (ii)"", ""INS 500 (ii)]"", ""EMULSIFIER (INS 322)"", ""IODISED SAL NATURE IDENTICAL AND ARTIFICIAL FLAVOURING SUBSTANCES (CHOCOLATE"", ""VANILLA)"", ""NATURAL COLOUR (INS 150a"", ""INS 150d). CONTAINS WHEAT"", ""MILK"", ""SOY. MAY CONTAINS SULPHITE & NUTS.""]","[""gluten"", ""milk"", ""nuts"", ""soybeans""]",[],,
Good Life Jeera,good-life,plant-based-foods-and-beverages,8902901222777,,"[""200g""]","[""Jeera""]","[""-""]",[],,
Dark Fantasy,sunfeast,snacks,8901725015909,,"[""75""]","[""CHOCO CRÈME (38.0%) (SUGAR"", ""FLAVOURING SUBSTANCES (CHOCOLATE)"", ""ARTIFICIAL FLAVOURING SUBSTANCES (VANILLA)}"", ""MAIDA (REFINED WHEAT FLOUR)"", ""HYDROGENATED VEGETABLE OILS"", ""SUGAR"", ""INVERT SYRUP"", ""LIQUID GLUCOSE"", ""RAISING AGENTS (INS 503(ii)"", ""INS 500(ii)"", ""INS 450(i))"", ""COCOA SOLIDS (0.7%)"", ""BUTTER"", ""MILK SOLIDS"", ""IODIZED SALT"", ""&quot"", ""NATURE IDENTICAL FLAVOURING SUBSTANCES (MILK CHOCOLATE)"", ""COLOURS (INS 150c"", ""INS 150d)"", ""EMULSIFIERS (LECITHIN (FROM SOYABEAN)"", ""MONO AND DIGLYCERIDES OF FATTY ACIDS (FROM PALM OIL)]"", ""ARTIFICIAL FLAVOURING SUBSTANCES (MILK"", ""VANILLA). CONTAINS WHEAT"", ""MILK"", ""SOY. MAY CONTAIN NUT"", ""SULPHITE. REFINED PALMOLEIN"", ""REFINED PALM OIL"", ""COCOA SOLIDS"", ""EMULSIFIER (LECITHIN (FROM SOYABEAN)]"", ""NATURE IDENTICAL""]","[""gluten"", ""milk"", ""soybeans""]",[],,https://images.openfoodfacts.org/images/products/890/172/501/5909/front_en.3.400.jpg
Doshi's Lite Chevdo,doshi-s,snacks,11002272,,"[""250 g""]","[""PAUA"", ""PEANUT"", ""GRAMDAL"", ""SEV"", ""BLACK SALT"", ""ASAFETIDA"", ""EDIBLE OIL""]","[""peanuts""]",[],,
Bingo Potato Chips Himalayan Pink Salt,bingo,plant-based-foods-and-beverages,8909081002083,,"[""42g""]","[""POTATO (63.8%)"", ""REFINED PALMOLEIN"", ""HIMALAYAN PINK SALT (1.6%)"", ""AND BEET ROOT POWDER.""]","[""-""]",[],,
Kulfi,the-brooklyn-creamery,desserts,4906400744024,,"[""100 ml""]","[""Water"", ""Milk Solids"", ""Sweetener (Maltitol)"", ""Fructose Oligo Saccharide"", ""Caramel Confectionery"", ""Water"", ""Sweetener (Maltitol)"", ""Milk Solids"", ""Fructose Oligo Saccharide"", ""Stabilizers (440)"", ""Acidity Regulators (331"", ""500)"", ""Pistachio"", ""Cardamom Powder"", ""Stabilizers (410"", ""412)"", ""Emulsifiers (471"", ""477)"", ""CONTAINS PERMITTED NATURAL FOOD COLORS [160(b)"", ""150(c)] AND ADDED ARTIFICIAL FLAVORING SUBSTANCES (KULFI"", ""CONDENSED MILK"", ""ROSE).""]","[""milk"", ""nuts""]",[],,https://images.openfoodfacts.org/images/products/490/640/074/4024/front_en.3.400.jpg
Veg Biriyani Mix,everest,plant-based-foods-and-beverages,8901786940509,,"[""50g""]","[""Dehydrated Orion"", ""Milk Solids"", ""Iodized Salt"", ""Chilli"", ""Green Cardamom"", ""Fennel"", ""Cassia Leaf"", ""Cassia Back (Taj)"", ""Rice Bran Edible Oil"", ""Nutmeg"", ""Anticaking Agent (INS 551).""]","[""milk""]",[],,
Sleep gummies,power-gummies,dietary-supplements,8908010907918,,"[""3.1 g per gummy""]","[""FO.S(fructo-oligosaccharides)"", ""Water"", ""Gelling Agent (Pectin"", ""Carrageenan)"", ""Acidity Regulator (Trisodium Citrate"", ""Citric Acid)"", ""Passiflora Extract"", ""Melatonin"", ""Vitamin B6(as Pyridoxine Hydrochloride)"", ""Flavour Natural Passion Fruit Flavour"", ""Colours (INS133"", ""INS103& INS171)"", ""MCT Oil(Source-Coconut Oil)"", ""Glazing Agent (Carnauba Wax)"", ""Corn Starch vit B6 VITAMIN B6 It may help to support the production of happy hormones like serotonin & dopamine"", ""which may help to cope with daily stress and keeps the brain and neurons healthy. PASSION FRUIT FLAVOUR *This only for brand promotion && does not represent the true nature of the product""]","[""-""]",[],,
RUM-PUM VEG NOODLES,-,plant-based-foods-and-beverages,9506000022659,,"[""75g""]","[""Wheat Flour"", ""Iodised Salt"", ""Chilli"", ""Vegetable Oil"", ""Tomato Ketchup"", ""Chilli Sauce"", ""Soya Sauce"", ""Spices"", ""Monosodium Glutamate"", ""Edible gum and permitted food additives.""]","[""gluten"", ""soybeans""]",[],,https://images.openfoodfacts.org/images/products/950/600/002/2659/front_en.3.400.jpg
Chocolate chip ice cream,havmore,desserts,8904089326643,,"[""110ml""]","[""Added water"", ""milk solids"", ""coca"", ""sugar""]","[""milk""]",[],,
Vita Marie Gold,britannia-industries-ltd,snacks,8901063014145,,"[""150 g""]","[""REFINED WHEAT FLOUR (MAIDA) (66%)"", ""SUGAR"", ""REFINED PALM OIL"", ""MILK PRODUCTS (WHEY POWDER"", ""SWEETENED CONDENSED PARTLY SKIMMED (MILK & EDIBLE LACTOSE]"", ""INVERT SUGAR SYRUP"", ""RAISING AGENTS [503) & 500)]"", ""100ISED SALT"", ""EMULSIFIERS [471&3 ARTIFICIAL (MILK"", ""BUTTER & VANILLA) FLAVOURING SUBSTANCES"", ""VITAMINS"", ""DOUGH CONDITIONER (223) AND MINERALS (Numbers in brackets as per International Numbering System) CONTAINS WHEAT"", ""MILK"", ""SOY AND SULPHITE""]","[""gluten"", ""milk"", ""soybeans"", ""sulphur dioxide and sulphites""]",[],,
ORSL Plus Electrolyte Drink Orange,johnson-johnson,plant-based-foods-and-beverages,8901012350041,,"[""200 ml""]","[""Water"", ""Sugars (Sucrose"", ""Dextrose)"", ""Orange Juice (reconstituted)"", ""Sodium Citrate"", ""Acidity Regulator (INS 330)"", ""Potassium Chloride"", ""Sodium Chloride"", ""Vitamin C"", ""Antioxidant (INS 320)"", ""Taurine"", ""Magnesium Sulphate and Calcium Lactate""]","[""-""]",[],,https://images.openfoodfacts.org/images/products/890/101/235/0041/front_en.17.400.jpg
Golden harvest dates,golden-harvest,plant-based-foods-and-beverages,8901153039874,,"[""500g""]","[""Dates""]","[""-""]",[],,
Mother dairy classic dahi,mother-dairy,dairies,8901648022169,,"[""1 kg""]","[""Toned Milk"", ""Water"", ""Milk Solids"", ""Active lactic culture""]","[""milk""]",[],,
BAT Shamim  Dates,bat,plant-based-foods-and-beverages,8908002506969,,"[""400g""]","[""Iranian Wet Dates""]","[""-""]",[],,https://images.openfoodfacts.org/images/products/890/800/250/6969/front_en.4.400.jpg
Good Day Butter Cookies,britannia,snacks,8901063092617,,"[""68g""]","[""REFINED WHEAT FLOUR (MAIDA)"", ""SUGAR"", ""REFINED PALM OIL"", ""BUTTER (2%)"", ""INVERT SUGAR SYRUP"", ""MILK SOLIDS"", ""RAISING AGENTS (503(ii)"", ""500(ii)]"", ""IODISED SALT"", ""EMULSIFIERS [322(i)"", ""471"", ""472e] AND FLAVOURS [NATURAL"", ""NATURE IDENTICAL & ARTIFICIAL (BUTTER"", ""MILK & VAMILLA) FLAVOURING SUBSTANCES]. (Numbers in brackets as per International Numbering System) CONTAINS WHEAT"", ""MILK AND SOYA.""]","[""gluten"", ""milk"", ""soybeans""]",[],,
maggie masala chuppa noodles,Nestlé,plant-based-foods-and-beverages,8901058890709,,"[""70.5g""]","[""NOODLES: Refined wheat flour (Maida)"", ""Palm oil"", ""lodized salt"", ""Thickeners (412 & 500)"", ""Humectant (451)). Acidity Regulators (501). 500) & 330). TASTEMAKER: Mixed spices (18.42)"", ""Dehydrated vegetables (14) Carrot fakes (7.5). Green peas (6.92). Sugar"", ""Starch"", ""lodized salt"", ""Nature i ical flavouring substances"", ""Tomato paste (5.62)"", ""Toasted onion flakes (4.72)"", ""Red wheat flour Maida)"", ""Roasted garlic flakes"", ""Thickeners (508 & 415)"", ""Onion powder 2.82)"", ""Palm oil Herbs"", ""Natural flavouring substance"", ""Yeast extract powder"", ""Flavour enhancer (639) Tamarind powder"", ""Acidity Regulator (330) and Wheat gluten. Contains Wheat May contains Milk"", ""Oats & Soy. 602 01/00""]","[""gluten""]",[],,
Swing Juicier Drink Yummy Guava,paper-boat,beverages-and-beverages-preparations,8906080601934,,"[""125 ml""]","[""WATER"", ""GUAVA PUREE (14%). SUGAR"", ""IODISED SALT"", ""ACIDITY REGULATOR (330)"", ""FLAVOURS (NATURE-IDENTICAL AND NATURAL FLAVOURING SUBSTANCES)"", ""STABILIZERS (466"", ""412) AND ANTIOXIDANT (300).""]","[""-""]",[],,https://images.openfoodfacts.org/images/products/890/608/060/1934/front_en.23.400.jpg
top ramn,nissin,plant-based-foods-and-beverages,8901014003181,,"[""280 g""]","[""NOODLES (85%): Refined Wheat Flour (Maida)"", ""Edible Vegetable Oil (Palm Oil)"", ""lodised Salt"", ""Acidity Regulators [INS 500(i) & INS 451(i)]"", ""Thickener (INS 412) & Antioxidant (INS 319). \r\n\r\nSEASONING MIX (15%): Corn Starch"", ""Iodised Salt"", ""Sugar"", ""Onion Powder"", ""Mixed Spices 7.9% (Red Chilli"", ""Turmeric"", ""Cumin"", ""Ginger"", ""Cinnamon"", ""Fenugreek"", ""Clove"", ""Asafoetida)"", ""Noodle Powder {Refined Wheat Flour (Maida)"", ""Edible Vegetable Oil (Palm Oil)"", ""lodised Salt"", ""Acidity Regulators [INS 500(i) & INS 451(i)]"", ""Thickener (INS 412) & Antioxidant (INS 319)}"", ""Yeast Extract Powder"", ""Edible Vegetable Oil (Palm Oil)"", ""Garlic Powder"", ""Tomato Powder"", ""Flavour Enhancers (INS 631 & INS 627)"", ""Dehydrated Green Coriander Leaves"", ""Acidity Regulator (INS 330)"", ""Colours [INS 160c(i) & INS 150d]"", ""Nature Identical Flavour & Anticaking Agent (INS 551).""]","[""gluten""]",[],,
Full Bloom Tomato Ketchup,full-bloom,condiments,8905507044620,,"[""450g""]","[""Water"", ""Sugar"", ""Tomato Paste (28%)"", ""Iodized Salt"", ""Acidity Regulator (INS Stabilizers (INS 1422"", ""INS 415)"", ""Preservative (INS 211)"", ""Onion Powder"", ""Garlic Powder"", ""Spices & Condiments CONTAINS PERMITTED CLASS II PRESERVATIVES.""]","[""-""]",[],,
Corn Starch,brown-polson,plant-based-foods-and-beverages,8901030521218,,"[""500g""]","[""Maize Starch.""]","[""-""]",[],,https://images.openfoodfacts.org/images/products/890/103/052/1218/front_en.3.400.jpg
Premium Milk,omfed,dairies,8906043701435,,"[""500ml""]","[""Milk"", ""Vitamin A & Vitamin D""]","[""milk""]",[],,
Healthy Crunchy Muesli,bagrry-s,plant-based-foods-and-beverages,8902710508512,,"[""400g (net quantity)""]","[""Rolled Oats (39.7%)"", ""Whole Wheat Flakes 31.6% (Wheat"", ""Sugar"", ""lodized Salt"", ""CerealExtract and Antioxidants-INS 322&INS 307b)"", ""Invert Syrup"", ""Raisins (4.6%)"", ""Broken Rolled Wheat"", ""Almonds (3%)"", ""Wheat Bran (1.1%)"", ""Oat Bran (1.1%)"", ""Honey (1%) & Antioxidant (INS 307b)""]","[""gluten"", ""nuts""]",[],,
Maggi masala magic,Maggi,plant-based-foods-and-beverages,89080153,,"[""6g""]","[""Mixed spices (38.7%) (Red chilli powder (7%)"", ""Onion powder Cumin powder (5.2%)"", ""Garlic powder Coriander powder"", ""Capsicum extract"", ""Turmeric powder (3.5%)"", ""Aniseed (1.4%)"", ""Black pepper powder (0.9%)"", ""Fenugreek powder (0.7%)"", ""Ginger powder"", ""Clove powder (0.3%)"", ""Green cardamom powder (0.3%)"", ""Nutmeg powder (0.3%). Coriander extract & Cumin extract) Salt Sugar Flavour enhancer (635)"", ""Palm oil"", ""Edible starch"", ""Balm Acidity regulator (330)"", ""Minerals&quot"", ""Caramel salt mix (Salt"", ""Colour (150d) & Palm oil) and Vitamin A.""]","[""-""]",[],,https://images.openfoodfacts.org/images/products/000/008/908/0153/front_en.8.400.jpg
Oats Muesli Fruit & Nut,pepsico,plant-based-foods-and-beverages,8901491002820,,"[""160g""]","[""Multigrain (55%) (Rolled Oat 26%"", ""Rice & Rice Flour 14%"", ""Corn Grit & Flour 7%"", ""Rolled Barley 5%"", ""Wheat 3%"", ""Refined Wheat Flour (Maida) 1.4%)"", ""Candied & Dry Fruit and Nut & Seed (22%) (Raisin 10%"", ""Candied Papaya 5%"", ""Almond 4%"", ""Pumpkin Seed 3%)"", ""Sugar"", ""Palmolein Oil"", ""Maltodextrin"", ""Invert Syrup"", ""Stabiliser (1422"", ""170i"", ""322)"", ""Liquid Glucose"", ""lodised Salt"", ""Cereal Extract. Flavour (Natural and Nature Identical Flavouring Substances)"", ""Colour (150d)"", ""Antioxidant (307b).""]","[""gluten"", ""nuts""]",[],,
Chicken curry cut,fth,meats-and-their-products,8904305600649,,"[""500""]","[""Chicken""]","[""chicken""]",[],,
D-lite Tomato Ketchup,surabhi,condiments,8906006783058,,"[""1kg""]","[""Tomato Puree (57%)"", ""Water"", ""Sugar"", ""Liquid Glucose"", ""lodized Salt"", ""Starch"", ""Emulsifying & Stabilizing Agent (INS 1422"", ""INS 415)"", ""Acidity Regulator (INS 260)"", ""Spices & Condiments"", ""Preservative (INS 211) CONTAINS PERMITTED CLASS II PRESERVATIVE (INS 211) \n\nAllergen Instruction: This product was processed on machinery and in a plant that also processes Wheat"", ""Soya"", ""Milk Solids"", ""Mustard"", ""Tree Nuts and Sesame Seeds.""]","[""milk"", ""mustard"", ""nuts"", ""sesame seeds"", ""soybeans""]",[],,
Ghee,modern-dairy,dairies,8904106400455,,"[""500ml""]","[""Milk fat""]","[""milk""]",[],,https://images.openfoodfacts.org/images/products/890/410/640/0455/front_en.5.400.jpg
Magic Pops,magic-pops,snacks,6923634953136,,"[""5.5g""]","[""SUGAR"", ""GLUCOSE SYRUP"", ""COLOUR (INS110) AND FLAVOUR (ORANGE)"", ""CONTAINS PERMITTED SYNTHETIC FOOD COLOUR AND ADDED FLAVOUR (ARTIFICIAL).""]","[""orange""]",[],,
Raisins,wonderland,plant-based-foods-and-beverages,8908004114445,,"[""500""]","[""Raisins""]","[""-""]",[],,
Evocus,evocus,beverages-and-beverages-preparations,8908022521010,,"[""500 ml""]","[""Purified Water"", ""Nature Identical Flavour (Contains Minerals)""]","[""-""]",[],,https://images.openfoodfacts.org/images/products/890/802/252/1010/front_en.3.400.jpg
Knorr hot & sour veg soup,Knorr,meals,8901030902369,,"[""10""]","[""Starch"", ""Maltodextrin"", ""Sugar"", ""lodited Salt"", ""(Dehydrated Vegetables (Onion (5.9%)"", ""Carrot Flakes (1.4%). Garlic Bits (1.1%) and Leeks (0.4%)) Hydrolyzed Vegetable Protein"", ""Flavours-Nature Identical Flavouring Substances (Soya Sauce) Thickener-415"", ""Spices & Condiments (Chillies (1.5%))"", ""Hydrogenated Palm Oil"", ""Food Colour-Caramel IV"", ""Acidity Regulator-296"", ""Anti caking agent - 551"", ""Flavour Enhancer-627 & 631 Oleoresin Chill""]","[""soybeans""]",[],,
Zoff Clove Whole,zoff,plant-based-foods-and-beverages,8906097402562,,"[""25g""]","[""CLOVE WHOLE""]","[""-""]",[],,
Daily Pour Gold Tea,daily-pour,beverages-and-beverages-preparations,8904293731189,,"[""500g""]","[""Tea""]","[""-""]",[],,https://images.openfoodfacts.org/images/products/890/429/373/1189/front_en.3.400.jpg
6 in 1 Super Seeds And Nuts Mix,happilo,plant-based-foods-and-beverages,8906081127211,,"[""250g""]","[""Dried Cranberries"", ""Soybean"", ""Pumpkin Seeds"", ""Melon Seeds"", ""Flax Seeds"", ""Chia Seeds & Salt""]","[""soybeans""]",[],,
Curd,amul,milk-curds,8901262202428,,"[""1 kg""]","[""Pasteurised toned milk"", ""active culture. Allergen Information: Contains milk.""]","[""milk""]",[],,
Brooke Bond 3 Roses Natural Care,brooke-bond,beverages-and-beverages-preparations,8901030987328,,"[""14g""]","[""TEA"", ""NATURAL FLAVOURING SUBSTANCES""]","[""-""]",[],,https://images.openfoodfacts.org/images/products/890/103/098/7328/front_en.3.400.jpg
Fortune Chana Dal,fortune,plant-based-foods-and-beverages,8906007286039,,"[""500g""]","[""Chana Dal""]","[""-""]",[],,
Happydent Gum,happydent,snacks,8901393019452,,"[""30.6""]","[""Polyols (Maltitol"", ""Xylitol (7%)"", ""Sorbitol)"", ""Gum Base"", ""Humectant (INS 422)"", ""Thickeners (INS 1405"", ""INS 1412"", ""INS 415 & INS 466)"", ""Flavours [Natural"", ""Nature-Identical and Artificial (Mint) Flavouring Substances}"", ""Sweetener (INS 951)"", ""Emulsifiers (INS 322"", ""INS 473)"", ""Glazing Agents (INS 903"", ""INS 901"", ""INS 904)"", ""Antioxidant (INS 321)"", ""Colours (INS 102"", ""INS 133)""]","[""soja""]",[],,
Sprite Lemon Lime flv Coke Brand 2ltr,the-coca-cola-company,beverages-and-beverages-preparations,8901764032400,,"[""9""]","[""CARBONATED WATER"", ""SUGAR"", ""ACIDITY REGULATORS (330"", ""331(i))"", ""PRESERVATIVE (211)"", ""FLAVOURS (NATURAL FLAVORING SUBSTANCES""]","[""-""]",[],,
Lipton Green Tea,pepsico,beverages-and-beverages-preparations,8901030779312,,"[""25N""]","[""FLAVOURED TEA TULSI MAX 2% W/W .CONTAINS ADDED NATURAL FLAVOURS CONTENTS: FLAVOURED TEA Unilever BEVERAGES L ZERO CALORIES: When enjoyed without milk and sugar REDUCE WAIST CIRCUMFERENCE WITH THE POWER OF CATECHINS: Basis literature"", ""having 7-8 cups of Green tea/day (-600 mg catechins) for 8-12 weeks  helps reduce waist circumference. Note: Lipton Green Tea has =20-30 mg caffeine/cup.""]","[""-""]",[],,https://images.openfoodfacts.org/images/products/890/103/077/9312/front_en.22.400.jpg
milky mist yogurt peach,milky-mist,dairies,8904083302094,,"[""100gm""]","[""Milk & Milk Solids"", ""Sugar"", ""Active Lactic Culture [L bacillus delbruecki Subsp bulgaricus"", ""S. thermophilus]"", ""Stabilizing agent NS 440) Fruit Content preparation (Peach dices"", ""Sugar"", ""Water"", ""Stabilizer (INS 440) Acidifying agent (INS 330) Preservative [INS 202] Colors (INS 102"", ""INS 110]"", ""Flavour [Nature identical Flavoring Substances Peach]""]","[""milk"", ""none""]",[],,
Un-junked Dates,open-secret,plant-based-foods-and-beverages,8906166360229,,"[""400 grams""]","[""Dates""]","[""nuts""]",[],,
ACT TT GOlDEN SIZZLE,act-ii,snacks,8901512540201,,"[""35""]","[""Popping Corn (70.8%)"", ""Refined Edible Palmolein Oil (TBHQ)"", ""lodized Salt & Beta Carotene.""]","[""-""]",[],,https://images.openfoodfacts.org/images/products/890/151/254/0201/front_en.34.400.jpg
Swing Coconut Water,paper-boat,beverages-and-beverages-preparations,8906080604690,,"[""270ml""]","[""WATER"", ""SUGAR"", ""COCONUT WATER CONCENTRATE (4.3%)"", ""MINERAL SALT (POTASSIUM CHLORIDE). ACIDITY REGULATOR (CITRIC ACID)"", ""FLAVOURS (NATURAL AND NATURE-IDENTICAL FLAVOURING SUBSTANCES)"", ""PRESERVATIVES (242"", ""202)"", ""IODISED SALT AND  ANTIOXIDANT (224). \n*RECONSTITUTED 55% COCONUT WATER DRINK.""]","[""-""]",[],,
Nuts Delight Muesli,Kellogg's,plant-based-foods-and-beverages,8901499010490,,"[""240g""]","[""MULTIGRAIN MIX (67.6%) (CORN GRITS (21.2%)"", ""WHEAT (16.8%)"", ""ROLLED BARLEY (10.5%)"", ""ROLLED OATS (10.5%)"", ""RICE (8.6% ) )"", ""DRY FRUITS & NUT (20%) (RAISINS (14.5%) [BROWN RAISINS (11.5%)"", ""BLACK RAISINS (3%)]"", ""ALMONDS (5.5%))"", ""SUGAR"", ""CEREAL EXTRACT"", ""OLIGOFRUCTOSE"", ""WHEAT BRAN"", ""IODIZED SALT"", ""COCOA SOLIDS"", ""VITAMINS"", ""FLAVOURS (NATURE IDENTICAL & ARTIFICIAL (COCONUT)"", ""ANTIOXIDANT (INS 307b)"", ""MINERAL AND COLOUR (INS 150d).""]","[""gluten"", ""nuts"", ""sulphur dioxide and sulphites""]",[],,
Mumbai Bhaji,hocco,plant-based-foods-and-beverages,8908014757045,,"[""300g""]","[""Potato (28%)"", ""Tomato (28%)"", ""Water"", ""Capsicum"", ""Cotton Seed Oil"", ""Clarified Butter"", ""Onion"", ""Green Peas"", ""Coriander"", ""Red Chilli"", ""Salt"", ""Garlic"", ""Cabbage"", ""Cumin"", ""Seasoning"", ""(White Pepper"", ""Coriander"", ""Kashmiri Chilli Powder"", ""Cinnamon"", ""Clove"", ""Turmeric)"", ""Black Pepper""]","[""milk""]",[],,https://images.openfoodfacts.org/images/products/890/801/475/7045/front_en.4.400.jpg
Yoga bar,yoga-bar,dietary-supplements,6901045144350,,"[""45g""]","[""Nuts & Seeds 32% (Sunflower. Peanuts. Almonds. Pumpkin. Sesame"", ""Chia"", ""Flax). Whole Grain 26% (Rolled Oats"", ""Brown Rice"", ""Saamai)"", ""Natural Prebiotics Fiber (FOS"", ""Gum Acacia"", ""Apple Fibre). Honey. Rice Crisps"", ""Dried Fruits 14% (Cranberry"", ""Raisins"", ""Strawberry"", ""Blueberry). Himalayan Pink Salt. CONTAINS ADDED NATURAL FLAVOURS (Rosemary Extract. Blueberry Extract).""]","[""nuts"", ""peanuts"", ""sesame seeds""]",[],,
Chocolate Crackle Ice cream,amul,desserts,8901262300117,,"[""540gm""]","[""Amul Real Milk. Real Ice Cream. milk chocolate coated cashew chikki (10%) sugar"", ""cashew pieces"", ""milk solids"", ""cocoa butter"", ""cocoa solids"", ""liquid (322"", ""475)"", ""stabilizer (414) coa solids"", ""cocoa butter"", ""emulsifiers (471"", ""476"", ""322)"", ""stabilizers (407"", ""466"", ""415"", ""412).""]","[""milk"", ""nuts""]",[],,
Homechef tomato ketchup,home-chef,condiments,8903363008763,,"[""1.2 kg""]","[""WATER"", ""SUGAR"", ""TOMATO PASTE (28%)"", ""IODIZED SALT"", ""ACIDITY REGULATOR (INS 260)"", ""STABILIZERS (INS 1422"", ""INS 415)"", ""SPICES AND CONDIMENTS (ONION POWDER"", ""GARLIC POWDER AND MIXED SPICES)"", ""PRESERVATIVE (INS 211) AND PAPRIKA OLEORESIN (INS 160c (i)).""]","[""-""]",[],,https://images.openfoodfacts.org/images/products/890/336/300/8763/front_en.3.400.jpg
Top Ramen Chettinad Chicken Curry,nissin,plant-based-foods-and-beverages,8901014000357,,"[""70g""]","[""NOODLES (85%): Refined Wheat Flour (Maida)"", ""Edible Vegetable oil (Palm Oil)"", ""lodised Salt"", ""Acidity Regulators [INS 500(i) & INS 451(i)]"", ""Thickener (INS 412) & Antioxidant (INS 319). SEASONING MIX (15%): Noodle Powder {Refined Wheat Flour (Maida)"", ""Edible Vegetable Oil (Palm Oil)"", ""lodised Salt"", ""Acidity Regulators [INS 500(i) & INS 451(i)]"", ""Thickener (INS 412) & Antioxidant (INS 319)}"", ""lodised Salt"", ""Com Starch"", ""Mixed Spices 9.94% (Red Chilli"", ""Coriander Turmeric"", ""Fennel"", ""Cumin"", ""Black Pepper"", ""Ginger"", ""Stone Flower"", ""Star Anise"", ""Fenugreek"", ""Cinnamon Green Cardamom & Clove)"", ""Onion Powde Hydrolysed Vegetable Protein Powder (Soya) Flavours (Natural & Nature Identical)"", ""Sugar Coconut Powder"", ""Tomato Powder"", ""Dried Chicken Powder"", ""Milk Solids"", ""Garlic Powder"", ""Edible Vegetable Oil (Palm Oil & Coconut Oil)"", ""Yeast Extract Powder Chicken Bits"", ""Colours [INS 150d & INS 1600 Thickener (INS 412)"", ""Flavour Enhancers (INS 631&/ INS 627)"", ""Curry Leaves"", ""Acidity Regulator (INS 330) ALLERGEN INFORMATION: CONTAINS WHEAT & Green Coriander Leaves. SOY&MILK Mid. by: INDO NISSIN FOODS PVT. LTD. No. 1102"", ""11th Floor"", ""Raheja Towers"", ""West Wing MG Ro Issai 10 0 for 30 seco Stir w N gravy""]","[""gluten"", ""milk"", ""soybeans""]",[],,
Spice Mix for Paneer Butter Masala,mother-s-recipe,plant-based-foods-and-beverages,8906001052005,,"[""75g""]","[""Onion"", ""Tomato Powder"", ""Sugar"", ""Cottonseed Oil"", ""Iodized Salt (7%)"", ""Skimmed Milk Powder"", ""Rice Flakes"", ""Red Chilli Powder"", ""Coriander"", ""Cashew Nut"", ""Dry Garlic"", ""Mixed Spices"", ""Acidity Regulator (INS 330) and Dry Ginger.""]","[""milk"", ""nuts""]",[],,
Thick Shake Chocolate Flavour,godrej-jersey,beverages-and-beverages-preparations,8906016413112,,"[""180 ml""]","[""Milk solids"", ""Sugar"", ""Cocoa solids (1.4%)"", ""Stabilizers and Emulsifiers (INS 407"", ""INS 412 & INS 471)"", ""Sequestrants (INS 331(iii) & INS 339(ii)"", ""lodized Salt"", ""Nature Identical Flavouring Substanca (Chocolate)""]","[""milk""]",[],,
Dairy Milk Silk Ganache,cadbury,snacks,7622201759742,,"[""146 g""]","[""Super"", ""Cocoa Solids"", ""Cocoa Butter"", ""Milk Solids (15%)"", ""Emulsifier (322)"", ""Flavour (Nature Identicsl Flavouring Substance)""]","[""milk""]",[],,https://images.openfoodfacts.org/images/products/762/220/175/9742/front_en.3.400.jpg
Chekku Groundnut Oil,ras,plant-based-foods-and-beverages,8908003473031,,"[""1 l""]","[""Groundnut Oil""]","[""-""]",[],,
Orange Creams,mc-vitie-s,snacks,8906033743155,,"[""61.2g""]","[""Refined Wheat Flour (Maida)"", ""Sugar"", ""Edible Vegetable Oil(Palm Oil)"", ""Hydrogenated Vegetable Oil"", ""Liquid Glucose"", ""Starch"", ""Invert Sugar Syrup Raising Agents [INS 503)"", ""INS 500"", ""Calcium Carbonate (0.6%)"", ""lodised Salt"", ""Emulsifier (INS 322"", ""INS 471"", ""INS 472e). Nature Identical Flavouring Substances And Artificial Flavouring Substances (Milk)"", ""Orange Powder (0.1%). Natural Colour (S) [INS 100(1)"", ""INS 160b] And Synthetic Food Colours (INS 110"", ""INS 102).""]","[""gluten"", ""milk""]",[],,https://images.openfoodfacts.org/images/products/890/603/374/3155/front_en.3.400.jpg
Aloo Bhujia,haldiram-s,snacks,8904063240187,,"[""21.5g""]","[""Potato (44%)"", ""Edible Vegetable Oil (Cotton Seed"", ""Corn"", ""Palmolein"", ""Ground Nut and Rice Bran)"", ""Gram Pulse Flour"", ""Rice Flour"", ""Iodised Salt"", ""Edible starch"", ""Spices & Condiments (Coriander Powder"", ""Cumin Powder"", ""Mango Powder"", ""Garlic Powder"", ""Onion Powder"", ""Lemon Powder"", ""Ginger Powder"", ""Red Chilli Powder"", ""Mace Powder"", ""Nutmeg Powder"", ""Turmeric Powder"", ""Mint Leaves Powder)"", ""Acidity Regulator (INS 330)"", ""Anticaking Agent (INS 551)"", ""Flavour Enhancers (INS 627 & INS 631) and Natural & Nature Identical Flavouring Substances.""]","[""-""]",[],,
Cabbage Red,-,plant-based-foods-and-beverages,8904680079314,,"[""500g""]","[""Cabbage""]","[""-""]",[],,
Cowpea Beans,-,plant-based-foods-and-beverages,8904293705074,,"[""250g""]","[""Beans""]","[""-""]",[],,https://images.openfoodfacts.org/images/products/890/429/370/5074/front_en.3.400.jpg
HERSHEY'S EXOTIC DARK,hershey-s,snacks,8901071702201,,"[""100g""]","[""Sugar"", ""Liquid Glucose"", ""Cocoa Solids (13%)"", ""Cocoa Butter"", ""Fruit Pulp (5.6%) (Papaya (5.35%)"", ""Raspberry (0.14%)"", ""Goji (0.14%))"", ""Stabilizers (440"", ""414"", ""331 (iii)"", ""1400)"", ""Milk Solids"", ""Acidity Regulator (296)"", ""Flavours [Nature Identical & Artificial Flavouring Substances (Raspberry"", ""Vanilla and Green Apple)]"", ""Emulsifier (322(i))"", ""Edible Common Salt"", ""Synthetic Food Colours (122"", ""102"", ""133) and Glazing Agent (904).""]","[""milk""]",[],,
Ginger garlic paste,surabhi,variety-packs,8906006786448,,"[""200 g""]","[""Ginger"", ""Garlic"", ""lodized Salt"", ""Water"", ""Acidity Regulator (INS330"", ""INS260)"", ""Stabilizer (INS415)"", ""Preservative (INS211) CONTAINS PERMITTED CLASS II PRESERVATIVES (INS211) Allergy""]","[""-""]",[],,
Chocolate Peanut Butter Smooth,alpino,plant-based-foods-and-beverages,8906127550126,,"[""400g""]","[""Roasted Peanut (86%)"", ""Chocolate (13%) (Natural Cocoa"", ""Cocoa Butter"", ""Brown Sugar)"", ""Salt"", ""Emulsifier (E471-100% Plant Base)""]","[""peanuts""]",[],,https://images.openfoodfacts.org/images/products/890/612/755/0126/front_en.5.400.jpg
Chhole masala,suhana,masala,1305900863496,,"[""8 g""]","[""Coriander"", ""Chilli"", ""Cumin"", ""Fresh Onion"", ""Dry Mango Powder"", ""Fresh Garlic"", ""Bay Leaf"", ""Pomegranate Seeds"", ""lodised Salt"", ""Black Cardamom"", ""Fresh Ginger"", ""Refined Cottonseed Oil"", ""Black Salt"", ""Clove"", ""CASSIA BARK (TAJ)"", ""Turmeric"", ""Dry Fenugreek Leaves"", ""Ajwain ( Bishop's Seeds)"", ""Mint Leaves. May contain Nuts"", ""Dairy"", ""Wheat or Soy"", ""as the product is manufactured & packed in a facility that processes these allergens.""]","[""-""]",[],,
Real Fruit Power Mango,dabur,beverages-and-beverages-preparations,8901207004391,,"[""1 L""]","[""Water"", ""Blend of Mango Pulp (25%)^"", ""[Including Alphonso Mango Pulp (0.5%)] Sugar"", ""Acidity Regulator (INS 330)"", ""Stabilizer (INS 440)"", ""Antioxidant (INS 300)"", ""Flavour (Nature Identical Flavouring Substances) and Colour [INS 160 a(iii)].\n^THIS CONTAINS 25% MANGO JUICE CONTENT.""]","[""-""]",[],,
Sabudana Papad,dnv,plant-based-foods-and-beverages,8906078183206,,"[""100g""]","[""Tapioca Flour"", ""Edible common Salt""]","[""-""]",[],,https://images.openfoodfacts.org/images/products/890/607/818/3206/front_en.5.400.jpg
PRINGLES ( ORIGINAL ),kellanova,plant-based-foods-and-beverages,8886467122392,,"[""107g""]","[""Dried Potato (48%)"", ""Edible Vegetable Oil (Palm Oil)"", ""Corn Flour"", ""Starch"", ""Emulsifier (INS 471)"", ""Maltodextrin"", ""Salt"", ""Acidity Regulator (INS 330)""]","[""gluten""]",[],,
Peanut Butter,pintola,plant-based-foods-and-beverages,8908010900070,,"[""1 kg""]","[""Peanuts (100%)""]","[""arachides""]",[],,
Swing Mixed Fruit Medley,paper-boat,plant-based-foods-and-beverages,8906080602092,,"[""150ml""]","[""WATER"", ""SUGAR"", ""MANGO PULP (1%)* 0ml serving"", ""APPLE JUICE CONCENTRATE ORANGE JUICE CONCENTRATE (0.6%)* %RDA per ACIDITY REGULATOR (CITRIC ACID)"", ""IODISED SALT FLAVOURS (NATURE-IDENTICAL AND NATURAL)"", ""STABILIZERS (CARBOXY METHYL CELLULOSE AND GUAR GUM) AND ANTIOXIDANT (ASCORBIC ACID) &quot"", ""RECONSTITUTED 13% MIXED FRUIT JUICE 35% 0% 181 no GMOS** **no bio engineered ingredients. FOR MANUFACTURING DATE 2% MRP (INCL. OF ALL TAXES)"", ""energy USE BY DATE AND BATCH NUMBER: SEE BELOW Fi 260209 0""]","[""-""]",[],,https://images.openfoodfacts.org/images/products/890/608/060/2092/front_en.13.400.jpg
Toastea premium rusk,britannia,plant-based-foods-and-beverages,8901063325609,,"[""200g""]","[""REFINED WHEAT FLOUR (MAIDA) (71)"", ""SUGAR REFINED PALM AND PALMOLEIN OIL"", ""SEMOLINA (SUJI) (1.8%)"", ""YEAST"", ""INVERT SUGAR SYRUP"", ""VITAL GLUTEN"", ""1ODISED SALT"", ""IMPROVERS (11000)"", ""1102"", ""11041"", ""SPICES-0.19% (GREEN CARDAMOM SEEDS& ITS OIL)"", ""WHEAT FIBRE"", ""EMULSIFIER BLEND (481()"", ""471"", ""472e] AND ANTIOXIDANT (300).""]","[""gluten"", ""gluten""]",[],,
All Rounder,sunfeast,snacks,8901725116071,,"[""75g""]","[""Refined Wheat Flour (Maida)"", ""Refined Palm Oil"", ""Sugar"", ""Refined Palmolein"", ""Dehydrated Potato tato (4.5 %)"", ""Emulsifier (INS 471)"", ""Stabilizer (INS 450(0))"", ""and Antioxidants (INS 223"", ""INS 330)]"", ""Liquid Glucose"", ""Starch dized Salt"", ""invert Syrup"", ""Milk Solids"", ""Raising Agents [INS 500(1)"", ""INS 503(i)]"", ""Emulsifiers (INS 3220)"", ""INS 471"", ""INS 472e nd Flour Treatment Agents [INS 223"", ""INS1101(0)). ONTAINS ADDED FLAVOUR(S)""]","[""gluten"", ""milk"", ""nature-identical-flavouring-substances-contains-wheat"", ""milk"", ""soya-and-sulphites-10ontact-itc-cares""]",[],,
50-50 Maska Chaska,britannia,snacks,8901063017481,,"[""45.5g""]","[""REFINED WHEAT FLOUR (MAIDA)"", ""REFINED PALM&PALMOLEIN OIL"", ""SUGAR"", ""LIQUID GLUCOSE"", ""RAISING AGENTS ([503(1)"", ""341(1)"", ""500(1) & 450( BUTTER (1.2%)"", ""BLACK SALT"", ""MILK SOLIDS"", ""DEHYDRATED VEGETABLE (CHIVES) (1%)"", ""iodised SALT"", ""NATURE IDENTICAL FLAVOURING SUBSTANCE"", ""DOUGH CONDITIONER (223) AND IMPROVER[1101(0).""]","[""gluten"", ""milk"", ""sulphur dioxide and sulphites"", ""gluten""]",[],,https://images.openfoodfacts.org/images/products/890/106/301/7481/front_en.4.400.jpg
Br Marie gold 10,britannia,snacks,8901063162327,,"[""78g""]","[""wheat""]","[""gluten""]",[],,
Lotte Choco Pie,lotte,snacks,8901123005380,,"[""56g""]","[""REFINED COVERING(21%) [SUGAR"", ""HYDROGENATED VEGETABLE FAT(PALM)"", ""COCOA SOLIDS"", ""MILK SOLIDS"", ""EMULSIFIERS (322"", ""476) AND CONTAINS ADDED FLAVOUR-ARTIFICIAL FLAVOURING SUBSTANCE (VANILLA)]"", ""SUGAR"", ""LIQUID VEGETABLE FAT (PALM)"", ""HUMECTANTS(420"", ""422)"", ""RAISING AGENTS [500(ii)"", ""503(ii)]"", ""1ODISED SALT"", ""DEXTROSE"", ""STABILIZERS (407"", ""406"", ""440"", ""401"", ""461"", ""415)"", ""MILK SOLIDS AND ACIDITY REGULATOR[341(i)]. CONTAINS ADDED FLAVOUR (ARTIFICIAL FLAVOURING SUBSTANCE - MILK) (Numbers indicated in bracket as per International Numbering System)""]","[""milk"", ""allergen-information-contains-wheat-gluten"", ""interesterified-polyols-may-have-laxative-effects-not-to-be-sold-loose"", ""milk-soya-glucose""]",[],,
Mango Pickle,swastiks,plant-based-foods-and-beverages,8904103032017,,"[""100g""]","[""Mango pieces"", ""Common salt"", ""Mixed spices powder"", ""Refined rice bran oil"", ""garlic&citric acid""]","[""contains-permitted-classii-preservative""]",[],,
Savoriz,bauli,plant-based-foods-and-beverages,8908009419774,,"[""52 g""]","[""Puff Roll (~71%) - Refined Wheat Flour (Maida)"", ""Water"", ""Partially Hydrogenated Oil"", ""Refined Palm Oil"", ""Sugar"", ""Bakery Mix [Emulsifier (INS 471)"", ""Wheat Gluten"", ""Enzymes {Flour Improver - INS 1101(i)"", ""1100(i)}"", ""Antioxidant (INS 300)]"", ""Wheat Gluten"", ""Humectant [INS 420 (ii)]"", ""Yeast"", ""Milk Solids"", ""Emulsifier [INS471"", ""477"", ""472b"", ""470(I)]"", ""Edible Common Salt"", ""Preservative (INS 282)"", ""Sourdough Powder"", ""Flavour (Nature identical and Artificial Flavouring substances - Cheese"", ""Butter)\r\nCheesy Jalapeno Pepper Filling (~29% ) [Centre Filling - Refined Soyabean Oil"", ""Water"", ""Sweetener [INS420(i)]"", ""Maltodextrin"", ""Humectant (INS 422)"", ""Milk Solids"", ""Edible Common Salt"", ""Cheese Powder (2.9%)"", ""Jalapeno Pepper(2.5%)"", ""Mixed Spices"", ""Acidity Regulator (INS270)"", ""Preservatives (INS 211 & INS 202)]"", ""Paprika Oleoresin"", ""Flavour (Nature identical and Artificial flavouring substances - Jalapeno)""]","[""gluten"", ""milk"", ""soybeans""]",[],,https://images.openfoodfacts.org/images/products/890/800/941/9774/front_en.4.400.jpg
Classic Cold Coffee,cothas,plant-based-foods-and-beverages,8906002770175,,"[""250 ml""]","[""Toned Milk"", ""Sugar"", ""Coffee Extract (3%) and Acidity Regulator [INS 339 (iii)].""]","[""-""]",[],,
Lahori Zeera,lahori-zeera,beverages-and-beverages-preparations,8908013982646,,"[""160 ml""]","[""CARBONATED WATER"", ""SUGAR"", ""LEMON JUICE CONCENTRATE (0.3%) EQUIVALENT TO 2.5% LEMON JUICE RECONSTITUTED"", ""ACIDITY REGULATOR ONS 300 STABILISER (INS 414)"", ""CONTAINS PERMITTED NATURAL COLOUR (INS-150d) AND FLAVOURS (NATURAL & NATURE-IDENTICAL FLAVOURING SUBSTANCES)"", ""BLACK SALT"", ""IODISED SALT CUMIN SEED"", ""BLACK PEPPER & DRY GINGER POWDER"", ""CLASS II PRESERVATIVE (INS-211). FINS-INTERNATIONAL NUMBERING SYSTEM).""]","[""-""]",[],,
Molsis Zahidi Dates,bolas-agro,snacks,8906021061650,,"[""500g""]","[""Wet Dates (Zahldi)""]","[""contains-nuts""]",[],,https://images.openfoodfacts.org/images/products/890/602/106/1650/front_en.5.400.jpg
Pro clean Plant protein,yoga-bar,dietary-supplements,8904335605201,,"[""500g""]","[""Protein Isolate Blend 73.6% (Pea Protein & Rice Protein)"", ""Cocoa Powder 14%"", ""Coconut Milk Powder"", ""Monk Fruit Powder"", ""Natural Flavor & Flavoring Substances"", ""(Xanthan Gum"", ""Acacia Gum). Digestive Herbal Berc Fennel"", ""Cumin"", ""Fenugreek).""]","[""-""]",[],,
Dream cream 20,sunfest,snacks,8901725012335,,"[""120 g""]","[""Maida (Refined Wheat Flour)"", ""Sugar"", ""Refined Palm Oil"", ""Dextrose"", ""Starch"", ""Invert Syrup"", ""Raising Agents [INS 503(ii)"", ""INS 500(ii)"", ""INS 450(i)]"", ""Milk Solids"", ""Artificial Flavouring Substances (Vanilla"", ""Milk"", ""Strawberry"", ""Raspberry"", ""Mint)"", ""Iodized Salt"", ""Emulsifier [Lecithin (from Soyabean Nature Identical Flavouring Substances"", ""Acidity Regulator (INS 296)"", ""Dehydrated Strawberry (0.02%)"", ""Colours (INS 102"", ""INS 124)""]","[""gluten"", ""milk"", ""soybeans""]",[],,
Nescafe Gold,nescafe,plant-based-foods-and-beverages,89008669,,"[""95g""]","[""Coffee Beans""]","[""-""]",[],,https://images.openfoodfacts.org/images/products/000/008/900/8669/front_en.3.400.jpg
Yippee Noodles,sunfeast,plant-based-foods-and-beverages,8901725005887,,"[""70g""]","[""Refined Wheat Flour (Maida)(78.4%)"", ""Refined Palm Oil"", ""lodized Salt"", ""Wheat Gluten (0.4%)"", ""Thickeners (INS 508"", ""INS 412)"", ""Stabilizers (INS 170(i)"", ""INS 339(ii)"", ""INS 450(iii)"", ""INS 452(i)) and Acidity Regulators (INS 501(i)"", ""INS 500(i)"", ""INS 330). Dehydrated Vegetables [Beans (9.5%)"", ""Carrot (7.1%)"", ""Onion (4.6%) and Cabbage (3.8%)]"", ""Instant Noodle Powder {Refined Wheat Flour (Maida) (15.8%)"", ""Refined Palm Oil"", ""lodized Salt"", ""Wheat Gluten (0.07%)"", ""Spices and Condiments (17.6%) [Garlic"", ""Coriander"", ""Cumin"", ""Ginger"", ""Chilli"", ""Aniseed"", ""Fenugreek"", ""Black Pepper"", ""Cardamom"", ""Nutmeg"", ""Caraway"", ""Cinnamon"", ""Clove and Turmeric]"", ""Sugar"", ""lodized Salt"", ""Hydrolyzed Vegetable Protein"", ""Natural Flavours and Natural Flavouring Substances"", ""Nature Identical Flavouring Substances"", ""Maltodextrin"", ""Yeast Extract"", ""Acidity Regulator (INS 330)"", ""Flavour Enhancers (INS 627"", ""INS 631) and Anticaking Agent (INS 551). Contains Wheat"", ""Soy. May Contains Milk"", ""Nut.""]","[""gluten"", ""milk"", ""nuts"", ""soybeans""]",[],,
Ghee,thirumala,dairies,8906023641010,,"[""1L""]","[""Milk fat""]","[""milk""]",[],,
Too yumm,Too Yumm,snacks,8906090572217,,"[""70 g""]","[""Corn 47% Rice Flour (30%)"", ""Edible Vegetare Oil (Rice Bran Oil)"", ""Seasoning [lodised Salt"", ""Sugar"", ""*Spises & Condiments [Contains Chilli (5%) and Onion]"", ""Acidity Regulator (INS 330)"", ""Anticaking Agent (INS 551)"", ""Dehydrated Herb"", ""Flavour Enhancers (INS 627"", ""INS 631)"", ""Antioxidant (INS 300)"", ""Natural and Nature Identical Flavouring Substances]"", ""Refined Wheat Flour (Maida) (2.5%)"", ""Sugar"", ""Potato Powder (1.5%)"", ""Tomato Powder (0.8%)"", ""Anticaking Agent (INS 170). lodised Salt"", ""Yeast Extract""]","[""gluten""]",[],,https://images.openfoodfacts.org/images/products/890/609/057/2217/front_en.3.400.jpg
Moong Dal,prabhuji-pure-food,snacks,8901721011233,,"[""42g""]","[""Split Green Gram (74%)"", ""Edible Vegetable Oil (Palmolein Oil)"", ""Black Salt and lodised Salt.""]","[""-""]",[],,
INTER ESTERIFIED VEG. FAT,shree-gayatri,fats,8929182736298,,"[""170 GM""]","[""Palm Kernel Oil"", ""Soyabean Oil"", ""Palm Oil"", ""Sesame Oil"", ""Vitamin A & Vitamin D Class II Preservative (100-1) Permitted Colour and Essence""]","[""sesame seeds"", ""soybeans""]",[],,
Super Muesli Fruit & Nut,nourish-you,plant-based-foods-and-beverages,8908005459927,,"[""400g""]","[""Whole Grains 67.5% (Rolled Oats"", ""Millet Flakes (Jowar"", ""Ragi & Bajra)"", ""Brown Rice Flakes"", ""Extruded Quinoa Flakes)"", ""Kakvi"", ""Fruits 8.5% (Green Raisins"", ""Black Raisins"", ""Cranberry"", ""Dates"", ""& Apricot)"", ""Soy Protein Isolate"", ""Nuts 4.5% (Almonds)"", ""Rice Bran Oil"", ""Himalayan Pink Salt"", ""Orange Oil and Natural Antioxidant (Rosemary Extract).""]","[""nuts"", ""soybeans""]",[],,https://images.openfoodfacts.org/images/products/890/800/545/9927/front_en.3.400.jpg
Aloo Sev,balaji,food,8906010500344,,"[""48g""]","[""EDIBLE VEGETABLE OIL (CONTAINS ONE OR MORE OF THE FOLLOWINGS: PALMOLEIN"", ""RICE BRAN"", ""CORN"", ""COTTONSEED)"", ""CHICKPEA FLOUR"", ""POTATO FLAKES (21%)"", ""**SEASONING MALTODEXTRIN"", ""EDIBLE COMMON SALT"", ""SPICES & CONDIMENTS (DRY MANGO"", ""CUMIN"", ""FENNEL"", ""CHILLI"", ""CORIANDER"", ""CLOVE"", ""TURMERIC"", ""PEPPER"", ""CARDAMOM"", ""GINGER)"", ""DEHYDRATED VEGETABLE POWDER (MINT 0.2%"", ""GARLIC"", ""TAMARIND)"", ""FLAVOUR (NATURAL& NATURE IDENTICAL FLAVOURING SUBSTANCES)"", ""ACIDITY REGULATOR (INS 330"", ""INS 296)"", ""FLAVOUR ENHANCER (INS 635)"", ""ANTICAKING AGENT (INS 551"", ""INS 341 (1)"", ""RICE FLOUR"", ""AS FLAVOURING & SEASONING AGENT NAMKEEN READY-TO-EAT SAVOURIES | PROPRIETARY FOOD INDIAN SNACKS & SAVOURIES PRODUCT OF INDIA""]","[""-""]",[],,
Aachi Mixed Masala Powder,aachi,plant-based-foods-and-beverages,8904209322067,,"[""7g""]","[""Spice Content: 74% Coriander"", ""Garlic Flakes"", ""Red Chilli Powder"", ""Fennel"", ""Cumin"", ""Onion Flakes"", ""Cassia Bark (Taj)"", ""Dry Fenugreek Leaves"", ""Turmeric Powder"", ""Bay Leaves"", ""Cardamom"", ""Black Pepper"", ""Cloves) Salt-16% & Gram Dhal.""]","[""-""]",[],,
Fortune Xpert,fortune,oils,8906008811933,,"[""850g""]","[""Refined Soyabean Oil (60%)"", ""Physically Refined Rice Bran Oil (35%)"", ""Filtered Flax Seed Oil (5%) Permitted Antioxidants - TBHQ (E-319) & Citric acid (E-330)"", ""Permitted Antifoaming agent - DMPS (E-900a)"", ""Vitamins A&D""]","[""soybeans""]",[],,https://images.openfoodfacts.org/images/products/890/600/881/1933/front_en.9.400.jpg
Cadbury Chocobakes 17gm,cadbury,snacks,7622202216916,,"[""17g""]","[""Cake (45%*)-Refined Wheat Flour (Maida)"", ""Sugar"", ""Humectants (420 (ii)"", ""422"", ""1520)"", ""Palm Olein"", ""Liquid Glucose"", ""Milk Solids"", ""Cocoa Solids"", ""Starch"", ""Emulsifiers (322"", ""475"", ""471"", ""491)"", ""Raising Agent (500 (i)"", ""450 (i)"", ""341 (i)"", ""lodised Salt"", ""Flavours (Natural Flavour"", ""Nature Identical Flavouring Substances)"", ""Preservative (202)"", ""Stabilizer (415))"", ""Chocolayer (29%*) - Sugar"", ""Hydrogenated Vegetable Oils"", ""Milk Solids"", ""Cocoa Solids"", ""Emulsifiers (442"", ""476))"", ""Flavours (Nature Identical"", ""Artificial (Vanilla and Caramel) Flavouring Substances)"", ""Filling (26%*) - (Sugar"", ""Fractionated Fat"", ""Liquid Glucose"", ""Humectant (422"", ""1520)"", ""Water"", ""Emulsifiers (322"", ""475"", ""471"", ""491)"", ""Cocoa Solids"", ""Flavours (Natural flavour"", ""Nature Identical Flavouring Substances)"", ""lodised Salt"", ""Preservative (202)). Allergen Information: Contains Milk"", ""Wheat"", ""Sulphites and Soy. Private Limited"", ""Serving size:17 g*"", ""No of serving per package: 1* P-Mfd By: Parson and Survey No.225 Area"", ""Harohalli"", ""Kar Ramanagara"", ""Kan Doe lo""]","[""gluten"", ""milk"", ""soybeans"", ""sulphur dioxide and sulphites""]",[],,
INTER ESTERIFIED VEG. FAT,shree-gayatri,fats,8929182736274,,"[""4 KG""]","[""Palm Kernel Oil"", ""Soyabean Oil"", ""Palm Oil"", ""Sesame Oil"", ""Vitamin A & Vitamin D Class II Preservative (100-1) Permitted Colour and Essence""]","[""sesame seeds"", ""soybeans""]",[],,
Jersey Curd,-,dairies,8906016413259,,"[""500 g""]","[""Homogenized Pasteurized Toned Milk"", ""Milk solids & Active Culture""]","[""milk""]",[],,
Digestive mcvities,McVitie's,snacks,8906033741441,,"[""200""]","[""Refined Wheat Flour (Maida) (50.5%)"", ""Wheat Flour(Atta) (18.3%)"", ""Edible Vegetable Oil Palm Oil)"", ""Sugar"", ""Wheat Bran (3.1%)"", ""Invert Sugar Syrup"", ""Raising Agents [INS 500. INS 503(6)"", ""INS 450]"", ""lodised Salt"", ""Malt Extract"", ""Emulsifiers (INS 322"", ""INS 472e)"", ""Acidity Regulator INS 296)"", ""Dough Conditioner (INS 223).""]","[""gluten""]",[],,https://images.openfoodfacts.org/images/products/890/603/374/1441/front_en.7.400.jpg
Greek Yogurt,milky-mist,dairies,8904083302292,,"[""100g""]","[""Pasteurised double toned milk"", ""Milk Solids"", ""Active Lactic Cultures (L.bacillus delbrueckii subsp. bulgaricus"", ""S.thermophilus)""]","[""milk"", ""milk""]",[],,
Electral Orange,electral,beverages-and-beverages-preparations,8902346012414,,"[""4.40g""]","[""Sodium Chloride"", ""Potassium Chloride"", ""Sodium Citrate"", ""Dextrose Anhydrous"", ""Excipients""]","[""-""]",[],,
Diet Poha Chivda,chheda-s,snacks,8904071700871,,"[""170 g""]","[""Rice Flakes"", ""Gram Flour"", ""Palm Oil"", ""Sugar"", ""Salt.""]","[""-""]",[],,https://images.openfoodfacts.org/images/products/890/407/170/0871/front_en.4.400.jpg
Banana chips,beyond-snack,snacks,0794712831693,,"[""25g""]","[""Raw Banana (72%) Refined Vegetable Oil (Palmolein)"", ""Iodised Salt"", ""Anticaking agent (E551) and Antioxidant (E319) Contains permitted natural colors & added natural and natural identical flavoring substances.""]","[""mustard""]",[],,
Panchratan mix,-,snacks,8904004402827,,"[""25""]","[""Potato"", ""Refined Palmolein Oil"", ""Almond. Refined Sugar"", ""Raisins (7%)"", ""Cashew Nuts (7%)"", ""Curry Leaves"", ""Sesame Seed"", ""Rock Salt"", ""Red Chilli Powder"", ""Poppy Seed"", ""Acidity Regulator NS 330)"", ""Cumin Powder & Black Salt. ergen: Contains Cashews"", ""Almonds & Sesame Seeds. May Contains Peanuts"", ""Other Tree Nuts"", ""Milk & Sulphite. 8904004 4028271 Please call consumer care executive no. +91-9209109999 For any questions"", ""comments or complainis on quality +91-7507090300"", ""write to us at the office address or ema a customercare@haldirams.com and for enquires re sales & marketing"", ""please call at +91-703078166 fssai Manufactured By: c. No. 10012022000574 HALDIRAM FOODS INTERNATIONAL P Bhandara Road"", ""Nagpur"", ""M 20 Km Stone"", ""Kh. No. CPCB Regn. No BO Office: Plot No. 14 An ISO 220 Road"", ""Nagp W onal Information (approx. values ch-1.25 20 a te (g) Per 1009 526 52.61 gars la 10.3 iber (g) 4.6 32.13 teu Fat (g) 7.13 Fat (g) (mg) 480 (%) contribution on the basis JANTITY: CH NO.: AFG. DATE: BY: 10.00 all taxes 25 Per Serving % Contribution 526""]","[""none"", ""nuts"", ""peanuts"", ""sesame seeds""]",[],,
Ready Tamarind,ready,plant-based-foods-and-beverages,8906016790046,,"[""1kg""]","[""Tamarind""]","[""-""]",[],,https://images.openfoodfacts.org/images/products/890/601/679/0046/front_en.4.400.jpg
Granny's Tamarind,granny-s,plant-based-foods-and-beverages,8908002783353,,"[""1kg""]","[""Tamarind""]","[""-""]",[],,
Masala sticks,kentys,kurkure,8906049780052,,"[""16g""]","[""Rice Grits"", ""maize Grits"", ""Edible Vegetable oil(Palmolein Oil)"", ""Garlic powder"", ""Onion Powder"", ""Iodized Salt"", ""Spices & Condiments. CONTAINS ADDED FLAVOUR-NATURAL & NATURE IDENTICAL FLAVORING SUBSTANCES 1 R KUTCH AGRO Kutch Agro Foods At Village Dhamne"", ""Talegaon-Khed"", ""Dist. Pune-410 505. For feedback or queries Contact: Customer Care No.: 8108800600 E-mail: contact@kutchagro.com If you find fault regarding quality quantity in this packet plean we will replace it""]","[""-""]",[],,
Aashirvaad Iodized Crystal Salt,Aashirvaad,condiments,8901725110611,,"[""1kg""]","[""EDIBLE COMMON SALT AND POTASSIUM IODATE""]","[""-""]",[],,https://images.openfoodfacts.org/images/products/890/172/511/0611/front_en.3.400.jpg
Nutraj long Raisins,nutraj,plant-based-foods-and-beverages,8906019770243,,"[""500gm""]","[""Raisins""]","[""-""]",[],,
Kunjall Jaggery,kunjall,sweeteners,8908006734153,,"[""900g""]","[""Concentrated Sugarcane juice.""]","[""sulphur dioxide and sulphites""]",[],,
Kitchen King Imli,kitchen-king,plant-based-foods-and-beverages,8901552005296,,"[""1kg""]","[""Tamarind""]","[""-""]",[],,https://images.openfoodfacts.org/images/products/890/155/200/5296/front_en.3.400.jpg
Tamarind,-,plant-based-foods-and-beverages,8908003636146,,"[""500g""]","[""Tamarind""]","[""-""]",[],,
Kelloggs Corn Flakes,Kellogg's,plant-based-foods-and-beverages,8901499008176,,"[""100g""]","[""Corn Grits (87.7%)"", ""Sugar"", ""Cereal Extract"", ""lodized Salt"", ""Vitamins"", ""Minerals and Antioxidant (INS 320).""]","[""gluten""]",[],,
Krack Jack,parle,dairies,8901719120732,,"[""250g""]","[""REFINED WHEAT FLOUR (MAIDA)"", ""REFINED OILS (PALMOLEIN AND PALM)"", ""SUGAR (19.1%)"", ""RAISING AGENTS [503( ii )"", ""500(ii)"", ""341(1)"", ""INVERT SUGAR SYRUP"", ""IODISED SALT(0.9%)"", ""YEAST"", ""ACIDITY REGULATORS [ 270"", ""296 1"", ""FLOUR TREATMENT AGENTS [223"", ""1101(ii)"", ""1100(1)1"", ""EMULSIFIER OF VEGETABLE ORIGIN [472e]""]","[""gluten"", ""butter-contains-wheat"", ""contains-added-flavours-artificial-flavouring-substance-vanilla"", ""sulphite-ut-honths-from-packaging""]",[],,https://images.openfoodfacts.org/images/products/890/171/912/0732/front_en.7.400.jpg
kissan mixed fruit jam,kissan,plant-based-foods-and-beverages,8901030831690,,"[""200g""]","[""SUGAR"", ""MIXED FRUIT PULP BLEND - 60% (PAPAYA PULP"", ""PEAR PULP"", ""APPLE JUICE"", ""BANANA PULP"", ""PINEAPPLE JUICE"", ""ORANGE JUICE"", ""MANGO PULP"", ""GRAPE JUICE)"", ""ACIDITY REGULATOR E330"", ""THICKENER E440"", ""IODISED SALT"", ""VITAMINS & MINERAL"", ""PRESERVATIVE-E202"", ""NATURAL FLAVOURING SUBSTANCES"", ""FOOD COLOUR-E122.""]","[""-""]",[],,
Marie Gold,britannia,snacks,8901063023901,,"[""250""]","[""REFINED WHEAT FLOUR (MAIDA)(73%)"", ""SUGAR"", ""REFINED PALM OIL"", ""INVERT SUGAR SYRUP"", ""MILK SOLIDS"", ""RAISING AGENTS [503(ii) & 500 (ii)]"", ""IODIZED SALT"", ""EMULSIFIER(472e)"", ""CALCIUM SALT"", ""DOUGH CONDITIONER(223)"", ""VITAMINS*"", ""FERROUS SALT AND POTASSIUM IODATE. CONTAINS PERMITTED NATURAL COLOUR (150d) AND ADDED FLAVOURS NATURE IDENTICAL & ARTIFICIAL (MILK & VANILLA) FLAVOURING SUBSTANCES] (Numbers in brackets as per International Numbering System) CONTAINS WHEAT"", ""MILK AND SULPHITE.""]","[""gluten"", ""milk"", ""sulphur dioxide and sulphites""]",[],,
Peanut Butter Regular Creamy,sundrop,plant-based-foods-and-beverages,8901512144706,,"[""924g""]","[""Roasted Peanuts (90%)"", ""Sugar"", ""Stabilizer (Mono and Diglycerides of Fatty Acids)"", ""Refined Edible Groundnut Oil (TBHQ) & lodized Salt.""]","[""peanuts""]",[],,https://images.openfoodfacts.org/images/products/890/151/214/4706/front_en.13.400.jpg
Coke Brand Coca Cola 2ltr,coca-cola,beverages-and-beverages-preparations,8901764012501,,"[""18""]","[""CARBONATED WATER"", ""SUGAR"", ""ACIDITY REGULATOR (338)"", ""CAFFEINE (8.7 mg/100 g)"", ""COLOUR (150d)"", ""FLAVOURS (NATURAL FLAVOURING SUBSTANCES).""]","[""-""]",[],,
Frooti,parle,beverages-and-beverages-preparations,8902579103057,,"[""300ml""]","[""water"", ""mango pulp (19.5%)"", ""sugar"", ""acidity regulators [ins330"", ""ins 331(iii)]"", ""preservatives (ins211"", ""insi ins202)"", ""antioxidant (ins300)"", ""nature-identical flavouring substances (mango) and synthetic food colour (ins110)""]","[""-""]",[],,
20-20 Nice - sugar sprinkled coconut biscuits,parle,snacks,8901719124754,,"[""5 x 100g""]","[""REFINED WHEAT FLOUR"", ""SUGAR"", ""REFINED PALM OIL"", ""INVERT SUGAR SYRUP"", ""DESICCATED COCONUT POWDER (2.9%)"", ""RAISING AGENTS [503(ii)"", ""500(ii)]"", ""IODISED SALT AND EMULSIFIERS OF VEGETABLE ORIGIN (322(i)"", ""472e) CONTAINS ADDED FLAVOURS (ARTIFICIAL FLAVOURING SUBSTANCES - COCONUT AND MILK). CONTAINS: WHEAT AND SOY""]","[""gluten"", ""milk"", ""soybeans""]",[],,https://images.openfoodfacts.org/images/products/890/171/912/4754/front_en.3.400.jpg
Kuppies Dark Choco Chip Brownie,Dr. Oetker,snacks,8906002006922,,"[""37 g""]","[""r"", ""oet pvt"", ""ltd c-24 sect galam bu lidar prades contact cons sugar (4"", ""8%) (sugar chips (4"", ""8%)"", ""pies) oil edible ngredie waterefined soyabeamaida)"", ""humectants (ins420(1)"", ""ins422]"", ""cocoa solids (4"", ""8%) (acidity regulator [ins501(0))"", ""dark vegetable fat (hydrogenated)"", ""cocoa solids palm oil glucose syrup"", ""stabilizers (ins142 dextrose"", ""emulsifier [ins322(0)])"", ""milk solids compound chips ins415"", ""ins340(1)"", ""lodised starch"", ""preservatives salt (ins261 edible ins284 ins202"", ""ins200)"", ""baking powder"", ""n nature-identical flavouring substa emulsifiers (ins471"", ""ins481(1)"", ""ins acidity regulator (ins330)"", ""flour treat agent [ins1100(i)]"", ""antioxidants (ins3 ins1102)"", ""flavour enhancer (ins1104) contains wheat"", ""soy and milk"", ""serve size-37g nutritional information hplace pack contains 1 serve per 1% rda 37g per serve energy (kcal) 154"", ""1 7"", ""7% protein (g) 2"", ""1 3"", ""8% carbohydrate (g) 22"", ""4 - total sugars (g) 10"", ""9 -  added sugars (g) 9"", ""6 19"", ""2% total fat (g) 6"", ""3 9"", ""3% - saturated fat (g) 1"", ""9 8"", ""7% trans fat (g) 0"", ""0 0"", ""0% - cholesterol (mg) 0"", ""0 sodium (mg) 95"", ""0 4"", ""8% per serve recommended dietary allowances (rda) basis""]","[""gluten"", ""milk"", ""soybeans""]",[],,
Mango Ginger Pickle,aachi,plant-based-foods-and-beverages,8906021128735,,"[""300g""]","[""Mango Ginger"", ""Red Chilli Powder"", ""Edible Vegetable Oil - Refined Rice bran oil"", ""Mustard"", ""Fenugreek Powder"", ""Compounded Asafoetida"", ""Salt"", ""Acidity Regulator (E260) - Acetic Acid and Contains Permitted Class II Preservative (E211)-Sodium Benzoate. ALLERGEN ADVICE: CONTAIN MUSTARD AND GLUTEN. &quot"", ""THIS PRODUCT IS PROCESSED IN A FACILITY THAT ALSO PROCESSES PRODUCTS THAT CONTAIN SESAME"", ""CELERY"", ""PEANUTS"", ""TREENUTS"", ""SOYA"", ""MILK AND SULPHITE&quot"", "".""]","[""celery"", ""gluten"", ""milk"", ""mustard"", ""nuts"", ""peanuts"", ""soybeans"", ""sulphur dioxide and sulphites""]",[],,
Tata soulfull millet muesli,tata,plant-based-foods-and-beverages,8908002984958,,"[""700g""]","[""Rolled Oats (26.1%)"", ""Millets (20.2%) [Jowar (10.2%)"", ""Ragi Wheat Fl (17.62%)"", ""Corn Flakes (6%)"", ""Sweetened Dried Cranberry (4.98%)"", ""Black Raisins (4.7%)"", ""Refined Sugar"", ""Rice Flour (4.2%)"", ""Dehydrated Papaya (3.2%)"", ""Almonds (3%)"", ""Invert Syrup Honey"", ""Malt Extract"", ""Refined Rice Bran Oil"", ""Emulsifier [INS 322]"", ""Strawberry Powder"", ""Colo [INS 162]"", ""Anticaking Agent [INS 170(i)]"", ""Antioxidants [INS 307b]""]","[""nuts""]",[],,
Nourish+ High Protein Paneer,heritage,dairies,8904089995498,,"[""240g""]","[""Milk Solids"", ""Vinegar & Glucono Delta Lactone (INS 575)""]","[""milk""]",[],,https://images.openfoodfacts.org/images/products/890/408/999/5498/front_en.3.400.jpg
bhujia sev,haldiram-s,fried-foods,8904004400021,,"[""35g""]","[""Jjkk""]","[""-""]",[],,
Nestle KitKat,Nestlé,snacks,8901058015171,,"[""22.1""]","[""Sugar"", ""Milk solids (16.2%)"", ""Fractionated vegetable fat"", ""Hydrogenated vegetable fats. Refined Wheat flour (Maida)"", ""Cocoa solids (4.5%)"", ""Emulsifier (Soya lecithin)"", ""Yeast"", ""Raising agent (500(i)). Artificial (Vanilla) flavouring substance"", ""Iodised salt"", ""Flour treatment agent (516) and Nature identical flavouring substance.""]","[""gluten"", ""milk"", ""sesame seeds"", ""soybeans""]",[],,
Fish Oil 1000 Mg,gnc,dietary-supplements,0048107237547,,"[""60 N""]","[""Omega-3 Fatty Acids"", ""Gelatin Food Grade"", ""Purified Water"", ""Humectant [INS 422 & INS 420(ii)]"", ""Preservative [INS 218] and Artificial Flavouring Substance - Ethyl Vanillin. Allergen: Contains Fish.""]","[""fish""]",[],,https://images.openfoodfacts.org/images/products/004/810/723/7547/front_en.24.400.jpg
Triple Chocolate Ice-cream Cake,get-a-way,desserts,8908025188043,,"[""750ml""]","[""Triple Chocolate Ice Cream Cake Water"", ""Dark Compound Chocolate (Sugar. Hydrogenated Vegetable Fat. Cocoa Solids"", ""Hydrogenated Vegetable Oil Maltodextrin Emulsifiers (INS 492 INS 322"", ""INS 478). lodized Salt) Premix (Chocolate Sponge): Refined Wheat Flour"", ""Sugar"", ""Milk Solids. Cocoa Solids"", ""Refined Vegetable Oil (Sunflower)"", ""Baking Powder. Starch"", ""Sall. Emulsifiers and Stabilizers (INS 471. INS 475. INS 477 & INS 415) Non Dairy Whipping Cream: Water"", ""Sugar"", ""Hydrogenated Paim Kernel Oil Cocoa Butter Substitute"", ""Stabilizers (INS 475. INS 471. INS 461. INS 491. Soy Protein"", ""Sodium Caseinate. INS 415. INS 412. INS 339(0)"", ""lodized Salt). Dextrose"", ""Sorbitol"", ""Emulsifier (INS 433) Non Dairy Cooking Cream Water. Hydrogenated Palm Kernel OIL. Liquid Glucose"", ""Milk Solids. Stabilizers (INS 471"", ""INS 481"", ""INS 1450 INS 415. INS 412)"", ""Sodium Caseinate. Acidity Regulators (INS 331 (ii). INS 3390)"", ""Methocel K4M. Xanthum Gurn Milk Solids"", ""Fructooligosaccharides. Coes Solids"", ""Refined Sugar. Erythritol (INS 968)"", ""Maltodextrin (INS 1400)"", ""Butter. Stabilisers and Emulsifiers (INS 471 INS 412. INS 466"", ""INS 407) Crystal Ace Rapeseed Oil. Emulsifiers (E477"", ""E471"", ""E322)"", ""Antioxidant (E304(i)) Edible Golden Balls Dextrose Corn Starch"", ""Sugar"", ""Confectioners Glaze Gum Arabic. Carnauba Wax"", ""Synthetic Foods Colours (INS 102"", ""INS 171). Propylene Glycol Esters of Fatty Acids(INS 477). CONTAINS PERMITTED NATURAL COLOUR(S) AND ADDED FLAVOUR (VANILLA)""]","[""gluten"", ""milk"", ""soybeans""]",[],,
Fortune Physically Refined Rice Bran Oil,fortune,plant-based-foods-and-beverages,8906007280259,,"[""1L""]","[""Physically Refined Rice Bran Oil"", ""Permitted Antioxidants - TBHQ (E-319) & Citric Acid (E-330)"", ""Permitted antifoaming Agent-DMPS (E-900a)"", ""Vitamins A&D""]","[""-""]",[],,
Orbit mixed fruit chewing gum,orbit,snacks,89006627,,"[""22g""]","[""sorbitol"", ""mannitol"", ""maltitol"", ""isomalt"", ""gum base"", ""natural nature identical and artificial mint vanilla flavouring"", ""sweeteners"", ""aspartame"", ""acesulfame K"", ""contains soybean lecithin"", ""contains milk"", ""anticaking agent"", ""magnesium stearate""]","[""milk""]",[],,https://images.openfoodfacts.org/images/products/000/008/900/6627/front_en.3.400.jpg
IHP Iyengar Puliogare Masala,iyengar,condiments,8908020889112,,"[""210g""]","[""Tamarind"", ""Jaggery"", ""Black Till"", ""Dry Coconut"", ""Pepper"", ""Jeera"", ""Ground nut"", ""Dry Chilli"", ""Mustard"", ""Methi"", ""Coriander seed"", ""Gram Dhal"", ""Urid Dhal"", ""Om seed"", ""Asafoetida"", ""Curry leaf"", ""Turmeric"", ""Vegetable oil & Salt""]","[""mustard""]",[],,
Daily Pour Instant Coffee,daily-pour,beverages-and-beverages-preparations,8904293731158,,"[""200g""]","[""Instant Coffee & Chicory""]","[""-""]",[],,
Orange Nagpur Small,-,plant-based-foods-and-beverages,8904377652288,,"[""1kg""]","[""Orange""]","[""orange""]",[],,https://images.openfoodfacts.org/images/products/890/437/765/2288/front_en.3.400.jpg
Potato Fresh New Crop,-,plant-based-foods-and-beverages,8904970597004,,"[""1kg""]","[""Potato""]","[""-""]",[],,
Peanut Butter Dark Chocolate Creamy,pintos,plant-based-foods-and-beverages,8908010900223,,"[""1 kg""]","[""Peanuts (68%)"", ""Dark Chocolate (30%) {Sugar Cocoa Solids Cocoa butter"", ""Emulsifier (INS 322))"", ""Stabilizer (INS471) Instructions Allergen Information: Contains Nuts & Milk""]","[""peanuts""]",[],,
Potato waffers,let-s-try,plant-based-foods-and-beverages,8906161390580,,"[""60g""]","[""Potato"", ""Edible Vegetable oil"", ""groundnut oil"", ""rock salt""]","[""-""]",[],,
Pazzta Masala Penne,Maggi,plant-based-foods-and-beverages,8901058890020,,"[""65 g""]","[""MACARONI (PASTA) Semolina (Wheat (100% MASALA &quot"", ""TASTEMAKER Mik solids. Mixad sprcas D55 Cehydated onion"", ""Coniander powder"", ""Roasted garic f Cumin powder Aniseed powder"", ""Garic powrer"", ""Black penner powder"", ""Fenugreek powder"", ""Ginger powder"", ""Capsicum powder"", ""Nutmeg powder"", ""Coriander extract Cumin extract"", ""Hydrolysed ground Thickener (508)"", ""Nature identical flavouring substances Favour enhancer (635)"", ""Dehycrated conander leaves and Contains Wheat"", ""Milk"", ""Nut & Soy. May contains Mustard. STORE IN A COOL"", ""DRY & HYGIENIC PLACE. Alnspired from popular Italian cuisine +Source: as available on public domain nut protein"", ""Starch"", ""Sugar Dehydra NET QUANTI MFD-USE BY: JAN/22 V/22-9""]","[""gluten"", ""milk"", ""mustard""]",[],,https://images.openfoodfacts.org/images/products/890/105/889/0020/front_en.11.400.jpg
Boost,unilever,beverages-and-beverages-preparations,8901030824227,,"[""17g""]","[""Cereal Extract (50%) (Barley"", ""Wheat"", ""Millet)"", ""Malted Barley (21%). Sugar"", ""Wheat Flour (Atta)"", ""Milk Solids (6%)"", ""Minerals"", ""Natural Colour (INS 150c)"", ""Wheat Gluten"", ""Acidity Regulators [INS 501(ii)"", ""INS 500 (ii))"", ""Edible lodised Salt"", ""Cocoa Powder"", ""Vitamins"", ""Nature Identical Flavouring Substances"", ""Soy Protein Isolate. Allergen Information: Contains Wheat"", ""Barley Milk and Soy""]","[""gluten"", ""milk"", ""soybeans""]",[],,
KitKat win gold,Nestlé,snacks,8901058903164,,"[""38.5 gm""]","[""Sugar"", ""Milk solids (16.2%)"", ""Fractionated vegetable fat"", ""Hydrogenated vegetable fats"", ""Refined Wheat flour (Maida)"", ""Cocoa solids (4.5%)"", ""Emulsifier (Soya lecithin)"", ""Yeast"", ""Raising agent (500(ii))Artificial (Vanilla)flavouring substance"", ""lodized salt"", ""Flour treatment agent (516)"", ""and Nature-Identical flavouring substances Contains Wheat"", ""Milk"", ""Sesame and Soy. May Contains Nut.""]","[""gluten"", ""milk"", ""nuts"", ""sesame seeds"", ""soybeans""]",[],,
Amul kool elaichi 180ml,amul,beverages,8901262152228,,"[""180 ml""]","[""Toned milk"", ""milk solids"", ""sugar"", ""synthetic food colours (102"", ""133)"", ""artificial flavouring substances (elachi). Allergen Information: Contains milk.""]","[""milk""]",[],,https://images.openfoodfacts.org/images/products/890/126/215/2228/front_en.15.400.jpg
Nandini GoodLife Toned Milk,nandini,dairies,8906036673596,,"[""500ml""]","[""Milk Solids"", ""Vitamin A & Vitamin D""]","[""milk""]",[],,
real apple juice,real,beverages-and-beverages-preparations,8901207021220,,"[""1l""]","[""Water"", ""Sugar"", ""Liquid Glucose"", ""Apple Juice Concentrate (3.85%)^"", ""Acidity Regulator (INS 296)"", ""Antioxidant (INS 300) and Flavours (Nature Identical Flavouring Substances). THIS CONTAINS 23 % APPLE JUICE CONTENT. Refrigerate""]","[""-""]",[],,
"Sunfeast Dark Fantasy Bourbon, Classic Biscuit",sunfeast,snacks,8901725133979,,"[""50g""]","[""MARKETED BY ITC LTD"", ""37"", ""J. L. NEHRU ROAD"", ""KOLKATA - 700 07 MFD. BY: •06) ITC LTD.-ITCLID COODS DIVISION DLOT NO. 1"", ""S 0312 Pkg.Mtrl.Mfd. By Jupiter Laminators Pvt. Ltd. Regn. No. HSPCB/Consent/:3131218215ONCTO8497192 REFINED WHEAT FLOUR (MAIDA)"", ""SUGAR (32.5%)"", ""REFINED PALM OIL"", ""COLOURS (150a"", ""INS 150C"", ""INS 150d"", ""INS 129)"", ""SI COCO OHEN MILIOLIDS"", ""RAISING AGENTS [INS 503(ii)"", ""INS 500(ii)"", ""INS 450(i)]"", ""ARTIFICIAL FLAVOURING SUBSTANCES (VANILLA"", ""CHOCOLATE)"", ""SIFIERS) HINERIDES OF FATTY ACIDS (FROM PALM OIL)"", ""LECITHIN (FROM SOYABEAN)]"", ""PLAIN CHOCOLATE (0.1%) {SUGAR"", ""C0COA SOLI"", ""COCOA AES LECITHIN (FROM SOYABEAN)"", ""POLYGLYCEROL ESTERS OF INTERESTERIFIED RICINOLEIC ACID (FROM CASTOR BEAN)] ANDANKIAL FLA MES VANILLA)"", ""IODIZED SALT AND NATURE IDENTICAL FLAVOURING SUBSTANCES (CHOCOLATE) SWHEAT"", ""MILK"", ""SOY. MAY CONTAINS NUTS"", ""SULPHITES NOTMAL INFORMATION (APPROX. VALUES): PER 100 g (% RDA PER SERVE)"", ""ENERGY""]","[""gluten"", ""milk"", ""nuts"", ""soybeans""]",[],,https://images.openfoodfacts.org/images/products/890/172/513/3979/front_en.7.400.jpg
Navratan mixture,bikano,snacks,8901414000827,,"[""500g""]","[""Edible Vegetable Oil (Refined Palmolein Oil"", ""Refined Ricebran Oil"", ""Refined Cottonseed Oil)"", ""Split Bengal Gram (19.4%)"", ""Lentils (18.496)"", ""Maize Flour"", ""Peanuts (5.29)"", ""Rice Flakes"", ""Spices and Condiments (Red Chilli Powder"", ""Dried Mango Powder"", ""Cumin Powder"", ""Dried Ginger Powder"", ""Black Pepper Powder"", ""Clove Powder"", ""Asafoetida Powder"", ""Cinnamon Powder"", ""Coriander Powder"", ""Green Chilli Powder"", ""Carom Seeds Powder"", ""Nutmeg Powder"", ""Cardamom Powder"", ""Mace Powder"", ""Bay Leaves Powder)"", ""Green Peas (2.6%)"", ""Cornflakes"", ""Chickpea Flour"", ""Potato Chips"", ""Rice Flour"", ""Chickpeas"", ""lodized Salt"", ""Turmeric Powder"", ""Spinach Powder"", ""Black Salt"", ""Acidity Regulator (E 296)"", ""Contains Permitted Natural [E 100 and E141(ii)] and Synthetic Food Colour (E 133/FD&C Blue No.1) and Added Flavour (Nature Identical Flavouring Substances).""]","[""peanuts""]",[],,
Soya Drink Vanilla Flavour,sofit,plant-based-foods-and-beverages,8901071359023,,"[""200 ml""]","[""WATER"", ""SOYABEANS(13.6%)"", ""SUGAR"", ""MINERAL (TRICALCIUM PHOSPHATE)"", ""EMULSIFIER (460 (i)"", ""466)"", ""OLIGOFRUCTOSE (DIETARY FIBRE) (0.25%). ACIDITY REGULATOR (500 (ii)"", ""FLAVOURS (NATURE IDENTICAL FLAVORING SUBSTANCES)"", ""EDIBLE COMMON SALT"", ""VITAMIN E (ACETATE)"", ""VITAMIN A (ACETATE)"", ""VITAMIN B1 (THIAMINE MONONITRATE)"", ""VITAMIN B2 (RIBOFLAVIN) AND VITAMIN B12 (CYANOCOBALAMIN).""]","[""-""]",[],,
sunfeast yippe,itc,meals,8901725135218,,"[""70""]","[""PASTA: WHEAT SEMOLINA (SUJI) (100%). MASALA PASTA SAUCEMAKER: DAIRY WHITENER (MILK SOLIDS"", ""SUGAR)"", ""IODIZED SALT"", ""INSTANT NOODLE POWDER INT? [REFINED WHEAT FLOUR (MAIDA)"", ""REFINED PALM OIL"", ""IODIZED SALT AND WHEAT GLUTEN]"", ""#SPICES AND CONDIMENTS"", ""HYDROLYZED VEGETABLE PROTEIN"", ""SUGAR"", ""ONION POWDER"", ""HYDROGENATED VEGETABLE OIL"", ""DEHYDRATED GARLIC BITS (2.5%)"", ""NATURAL FLAVOURS AND NATURAL FLAVOURING SUBSTANCES"", ""FLAVOUR ENHANCERS (INS 627"", ""INS 631)"", ""ACIDITY REGULATOR (INS 330) AND DEHYDRATED FENUGREEK LEAVES (0.04%). USED AS FAVOURING AGENTS. CONTAINS WHEAT"", ""SOY"", ""MILK"", ""NUT. the OR Nutritiona (Appro Energy (kcal Carbohydrate Total Suga Added Total fat (g) Trans fat naturally occ Saturated Cholestero Sodium (mg""]","[""gluten"", ""milk"", ""nuts"", ""soybeans""]",[],,
Chat Masala,bharat-masala,condiments,8904075603550,,"[""50g""]","[""Common Salt"", ""Dry Mango Powder"", ""Black Salt"", ""Roasted Cumin Seed"", ""Black Pepper"", ""Pomegranate Seeds"", ""Roasted Coriander Seed"", ""Ginger Flakes"", ""Roasted Chilly Flakes"", ""Nutmeg"", ""Clove"", ""Bishop's Weed"", ""Asafoetida. المكونات: الملح المشتركة، مسحوق المانجو الجاف، أسود ملح، محمص بذور الكمون، الفلفل الأسود، بذور الرمان، محمص بذور الكزبرة، الزنجبیل رقائق، محمص بارد رقائق، جوزة الطيب، القرنفل، الأعشاب المطران، حلتيت.""]","[""-""]",[],,https://images.openfoodfacts.org/images/products/890/407/560/3550/front_en.17.400.jpg
99% Cacao Ultimate Dark Chocolate,amul,snacks,8901262071864,,"[""125 g""]","[""Cocoa solids"", ""emulsifiers (322"", ""476).""]","[""-""]",[],,
Mountain Dew,pepsico,beverages,8902080364022,,"[""250 ml""]","[""CARBONATED WATER"", ""SUGAR"", ""ACIDITY REGULATORS (330"", ""331)"", ""FLAVOUR (NATURAL FLAVOURING SUBSTANCES)"", ""PRESERVATIVE (211)"", ""CAFFEINE (13 mg/100 g)"", ""STABILIZER (445)"", ""COLOUR (102).""]","[""-""]",[],,
Lay's - India's Magic Masala,inc,plant-based-foods-and-beverages,8901491502023,,"[""11g""]","[""Potato"", ""Edible Vegetable Oil (Palmolein Oil)"", ""*Seasoning (&quot"", ""Spices & Condiments"", ""Iodised Salt"", ""Maltodextrin"", ""Black Salt"", ""Sugar"", ""Tomato Powder"", ""Acidity Regulators (330"", ""296"", ""334)"", ""Flavour (Natural and Nature Identical Flavouring Substances)"", ""Anticaking Agent (551)"", ""Colour (160c)). *As flavouring agent. ~Contains Onion and Garlic""]","[""-""]",[],,https://images.openfoodfacts.org/images/products/890/149/150/2023/front_en.6.400.jpg
Sting Energy,pepsi,beverages-and-beverages-preparations,8934588232114,,"[""320ml""]","[""Nước bão hòa CO₂"", ""đường HFCS"", ""đường"", ""chất điều chỉnh độ axit (330"", ""331())"", ""hương dâu giống tự nhiên"", ""hỗn hợp premix (Taurine"", ""Caffeine (145 - 255 mgll)"", ""Inositol"", ""các Vitamin: B3"", ""B6"", ""B12)"", ""chất chống oxy hóa (452(j)"", ""385)"", ""chất bảo quản (202"", ""211)"", ""màu tổng hợp (Allura red AC 129)"", ""bột chiết xuất hồng sâm (40 mg/L).""]","[""-""]",[],,
Pro Muesli,Kellogg's,plant-based-foods-and-beverages,8901499011596,,"[""500g""]","[""Multigrain (62.9%) Mix {Wheat (24.9%)"", ""Corn Grits (13.1%)"", ""Rice (8.4%)"", ""Rolled Barley (5%)"", ""Rolled Oats (5%)"", ""Ragi Millet Flour (2.6%)"", ""Moon Dal Flour (2%)"", ""Rice Flour"", ""Corn Meal"", ""Refined Wheat Flour (Maida)}"", ""Seeds (8%)"", ""Pumpkin Seeds (4%)"", ""Flax Seeds (3%)"", ""Chia Seeds (8%)"", ""Candied & Dry Fruits (11%) {Candied Papaya (3%)"", ""Candied Cranberry (3%)"", ""Raisin (5%)}"", ""Sugar"", ""Soy Protein Isolate (6%)"", ""Cereal Extract"", ""Wheat Bran"", ""Iodized Salt"", ""Viatmins"", ""Colour (INS 140)"", ""Flavour {Artifical (Coconut)}"", ""Antioxidants (INS 320"", ""INS 307b) And Minerals.""]","[""gluten"", ""soybeans""]",[],,
Good day cashew cookies,britannia,snacks,8901063093393,,"[""200""]","[""NUTRITION INFORMATION Serving Size: 15g (approx"", ""2 Beguns) No of Servings per pack - About 17 Approx Values per 100 g Energy Protein Carbohydrate of which Total Sugars Added Sugars Total Fat Saturated fatty acids Meno unsaturated fatty acids Poly unsaturated fatty acids Trans fatty acids Cholestorol Sodia 508 kcal 66 g 677 211 208 234 115 g 91 g 24 g 0 g 32 mg 221 m Serve %) ROA 2""]","[""-""]",[],,https://images.openfoodfacts.org/images/products/890/106/309/3393/front_en.3.400.jpg
Kabuli Chana,24mantra,plant-based-foods-and-beverages,8904083505396,,"[""500g""]","[""Chickpeas (Kabuli Chana)""]","[""-""]",[],,
Fuse,cadbury,snacks,7622202023545,,"[""45g""]","[""Centre Filling 72% - Peanuts (25%)"", ""Sugar"", ""Interesterified Vegetable Fat"", ""Liquid Glucose"", ""Milk Solids"", ""Hydrogenated Vegetable Oil"", ""Cocoa Solids"", ""Invert Sugar"", ""Humectant (422)"", ""lodised Salt"", ""Emulsifiers (322"", ""471)"", ""Flavours (Nature Identical and Artificial (Vanilla) Flavouring Substances)"", ""Milk Chocolate 28%-Sugar"", ""Cocoa Butter"", ""Milk Solids (4%)"", ""Lactose"", ""Cocoa Solids"", ""Fractionated Fat"", ""Emulsifiers (442"", ""476)"", ""Flavours (Natural"", ""Nature Identical and Artificial (Vanilla and Caramel) Flavouring Substances).""]","[""milk"", ""peanuts""]",[],,
Dark Fantasy Choco Fills,sunfeast,snacks,8901725015879,,"[""300g""]","[""CHOCO CRÈME (40%) {SUGAR"", ""REFINED PALMOLEIN"", ""REFINED PALM OIL"", ""COCOA SOLIDS"", ""NATURE IDENTICAL FLAVOURING SUBSTANCES (CHOCOLATE) AND ARTIFICIAL FLAVOURING SUBSTANCES (VANILLA)}"", ""REFINED WHEAT FLOUR (MAIDA)"", ""HYDROGENATED VEGETABLE OILS"", ""SUGAR"", ""INVERT SYRUP"", ""LIQUID GLUCOSE"", ""RAISING AGENTS [INS 503(ii)"", ""INS 500(ii)"", ""INS 450(i)]"", ""COCOA SOLIDS (0.7%)"", ""BUTTER"", ""MILK SOLIDS"", ""IODIZED SALT"", ""*NATURE IDENTICAL FLAVOURING SUBSTANCES (MILK CHOCOLATE)"", ""COLOURS (INS 150c"", ""INS 150d)"", ""EMULSIFIERS [LECITHIN (FROM SOYABEAN)"", ""MONO - AND DI-GLYCERIDES OF FATTY ACIDS (FROM PALM OIL)] AND ARTIFICIAL FLAVOURING SUBSTANCES (MILK"", ""VANILLA). CONTAINS WHEAT"", ""MILK"", ""SOY. MAY CONTAIN NUT"", ""SULPHITE.""]","[""gluten"", ""milk"", ""soybeans""]",[],,
Tamarind Whole,zoff,plant-based-foods-and-beverages,8906093217047,,"[""500g""]","[""Tamarind""]","[""-""]",[],,https://images.openfoodfacts.org/images/products/890/609/321/7047/front_en.3.400.jpg
Bitter gourd,-,plant-based-foods-and-beverages,8904849250925,,"[""500 g""]","[""Bitter gourd""]","[""-""]",[],,
Dark Fantasy,sunfeast-is-sold-by-itc-limited,snacks,8901725015275,,"[""69 g""]","[""CHOCO CRÈME (38.0%) (SUGAR"", ""REFINED PALMOLEIN"", ""REFINED PALM OIL"", ""COCOA SOLIDS"", ""EMULSIFIER [LECITHIN (FROM SOYABEAN)]"", ""NATURE IDENTICAL FLAVOURING SUBSTANCES (CHOCOLATE)"", ""ARTIFICIAL FLAVOURING SUBSTANCES (VANILLA))"", ""MAIDA (REFINED WHEAT FLOUR)"", ""HYDROGENATED VEGETABLE OIL"", ""SUGAR"", ""INVERT SYRUP"", ""LIQUID GLUCOSE"", ""RAISING AGENTS [INS 503(ii)"", ""INS 500(ii)"", ""INS 450(i)]"", ""COCOA SOLIDS (0.7%)"", ""BUTTER"", ""MILK SOLIDS"", ""IODIZED SALT"", ""NATURE IDENTICAL FLAVOURING SUBSTANCES (MILK CHOCOLATE)"", ""COLOURS (INS 150c"", ""INS 150d)"", ""EMULSIFIERS [LECITHIN (FROM SOYABEAN)"", ""MONO AND DIGLYCERIDES OF FATTY ACIDS (FROM PALM OIL)]"", ""ARTIFICIAL FLAVOURING SUBSTANCES (MILK"", ""VANILLA). CONTAINS WHEAT"", ""MILK"", ""SOY. MAY CONTAIN NUT"", ""SULPHITE.""]","[""gluten"", ""milk"", ""soybeans""]",[],,
moong whole unpolished,goodlife,plant-based-foods-and-beverages,8904132933033,,"[""1 kg""]","[""Green Gram Beans(Moong)""]","[""-""]",[],,https://images.openfoodfacts.org/images/products/890/413/293/3033/front_en.3.400.jpg
sweet corn soup,inchi,meals,8906108530802,,"[""15 g""]","[""Potato Starch"", ""Sugar"", ""Dried Glucose Syrup"", ""Edible Comman Salt"", ""Dehydrated Vegetables 9.0% (Corn 5%"", ""Carrot 2%"", ""Cabbage 1.5%. Parsley 0.5%)"", ""Flavour Enhancer (INS 635)"", ""Soy Sauce Powder (soybean"", ""wheat"", ""salt)"", ""Dehydrated Vegetable Powders (onion"", ""garlic)"", ""Acidity Regulator (INS 330)"", ""Chilli Powder"", ""Turmeric Powder"", ""Pepper Powder"", ""Sunflower Oil"", ""Anticaking Agent (INS 551)"", ""Thickener (INS 415)"", ""Flavours-Natural Identical Flavouring Substance (Sweetcorn).""]","[""gluten"", ""soybeans""]",[],,
Sultan Dates,nature-s-choice,plant-based-foods-and-beverages,8906140203870,,"[""500g""]","[""Wet Dates""]","[""-""]",[],,
Vita,dabur,beverages-and-beverages-preparations,8901207041723,,"[""750g""]","[""Anter pack"", ""ado Anak (Emblica otica) Dried fruit pericarp 3.89g"", ""Brahmi (Bacopa monnieri) Whole Plant 1.93g"", ""Shankha puspi (Convolvulus Pluricaulis) Whole Plant 1.70g"", ""Jyotisamati (Celastrus paniculatus) Seed 1.70g"", ""Yashti (Glycyrrhiza glabra) Stolon and Root 0.66g"", ""Ashvagandha Rost 0 18 Shetava Paragus racemosus) Root 0.13g"", ""Varahi (Dioscorea bulbifera) Rhizome 0.13g"", ""Sukshmalla (Elettaria cardamomum) Fruit 0.13g"", ""Bilva (Aegle marmelos) Root 0.13g"", ""Agnimantha (Clerodendrum phlomidis) Root/Stem bark 0.13g"", ""Syonaka (Oroxylum indicu Peresspermum suaves Root/stem bark 0.13g"", ""Gambhari (Gmelina arborea) RootStem bark 0.13g"", ""Shalaparni (Desmodium gangeticum) Whole Plant 0.13g"", ""Prishniparni (Uraria picta) Whole Plant 0.139"", ""Pippali (Piper longum) Fruit 0.130"", ""Brihati (Solanum indicum) Whole Plant Stensratense) Plan Gokshura (Tribulus terrestris) Fruit 0.13g"", ""Draksha (Vitis vinifera) Dried Fruit 0.13g"", ""Guduchi (Tinospora cordifolia) Stem 0.13g"", ""Bala (Sida cordifolia) Root 0.13g"", ""Pushkaramula (Inula racemosa) Root 0.13g"", ""Mudgaparni (Phaseolus trilobus) Whole Plant us Pun Sandi (Ledenia reticlata) Root 0.13g"", ""Utpala (Nymphaea stellata) Flower 0.13g"", ""Vasa (Adhatoda yasica) Leaves 0.13g"", ""Kakanashika (Martynia annua) Fruit 0.13g"", ""Vidarikand (Pueraria tuberosa) Root tuber 0.065g"", ""Kshira Vidari/Bedarikand (Ipomea digitata) Sub. Re Teams labialis) WhPant 0.13 Karkatshringi (Pistacia integerrima) Galls 0.13g"", ""Tamalak (Phyllanthus niruri) Whole Plant 0.13g"", ""Haritaki (Terminalia chebula) Pericarp 0.13g"", ""Karchura (Curcuma zedoaria) Rhizome 0.13g"", ""Musta (Cyperus rotundus) Rhizome 0.13g"", ""Punara Cour-Carine"", ""Preservative Sodium benzoate""]","[""-""]",[],,https://images.openfoodfacts.org/images/products/890/120/704/1723/front_en.3.400.jpg
Chocolate Spread Hazelnut,amul,breakfasts,8901262152938,,"[""300 g""]","[""Sugar"", ""hazelnut paste (13%)"", ""butter oil"", ""milk solids"", ""cocoa powder"", ""emulsifier (322).""]","[""milk"", ""nuts""]",[],,
Ragi Bites,tata-soulfull,plant-based-foods-and-beverages,5900114490627,,"[""375g""]","[""Ragi (25%)"", ""Refined Sugar"", ""Rice (19.5%)"", ""Wheat (11%)"", ""Maize (7.8%)"", ""Bengal Gram Dal (4.7%)"", ""Cocoa Solids (2.4%)"", ""Jowar (2.3%)"", ""Oats (1.5%)"", ""Palmolein Oil"", ""Nature-Identical Flavouring Substance"", ""lodised Salt"", ""Stabilizer (170)"", ""Malt Extract"", ""Natural Colour (150d)"", ""Natural Flavour"", ""Antioxidant (320). ALLERGENS: Contains Wheat"", ""Oats"", ""Soy.""]","[""gluten"", ""soybeans""]",[],,
Baker's Loaf High Protein Bread,baker-s-loaf,plant-based-foods-and-beverages,8904043501017,,"[""350g""]","[""Whole Wheat Flour (Atta) (51.2%)"", ""Protein Mix (7.7%)&quot"", ""(Wheat gluten"", ""Milk powder"", ""Soya protein isolate"", ""Brown Rice Protein"", ""Pea Protein"", ""Emulsifiers (481(1)"", ""472e)"", ""Antioxidant (300)"", ""Stabilizers (412))"", ""Gluten"", ""Sugar"", ""Yeast"", ""Edible Vegetable Oil (Refined Soyabean Oil)"", ""lodized Salt"", ""Milk Solid (0.51%)"", ""Preservatives (282"", ""200)"", ""Acidity Regulators (270"", ""330"", ""297)"", ""Emulsifier (471)"", ""Malt Product"", ""Natural Flavouring substances"", ""Antioxidant (300). *Edible Protein (flour basis): ≥15% (Numbers referred above are as per International Numbering System) CONTAINS WHEAT"", ""BARLEY"", ""MILK AND SOY INGREDIENTS Nutritional Typical Value Information per 100g Serving size (Approx.) #RDA%/50 g Energy (kcal) 241.64 6.04 Protein (g) 15.19 Carbohydrate (g) 39.12 Total Sugars (g) 4.04 Added Sugars (g) 3.46 3.46 Dietary Fibre (g) 6.20 2.71 2.02""]","[""gluten"", ""milk"", ""soybeans""]",[],,
Royal plum cake,modern-products,snacks,8904043550305,,"[""650 g""]","[""Sugar"", ""Refined Wheat Flour (Maida)"", ""Edible Vegetable Fat (Margarine)"", ""Egg"", ""Dry Fruits (17.92%) Raisin (12.6%)"", ""Cashew Nuts (3.65%)"", ""Dates (2.1%)"", ""Glazed Fruit (8.16%)"", ""Papaya"", ""Sugar"", ""Acidity Regulator (330)"", ""Preservative (211)"", ""Food Colours (102"", ""110 & 129)"", ""Humectants (422"", ""420(ii)}"", ""Mixed Fruit Jam"", ""Sugar"", ""Mixed Fruit Pulp"", ""Gelling Agent (440)"", ""Acidity Regulator (296)"", ""Preservative (211"", ""282)"", ""Food Colours (122)"", ""Nature Identical Flavouring Substances"", ""Candied Orange Peel Preservatives (211"", ""224)"", ""Golden Syrup"", ""Food Colour (150a)"", ""Candied Ginger"", ""Preservatives (211"", ""224))"", ""Cake Gel"", ""Emulsifiers (471)"", ""(477)"", ""{470"", ""Humectants (422"", ""420(ii)""]","[""eggs"", ""gluten"", ""nuts""]",[],,https://images.openfoodfacts.org/images/products/890/404/355/0305/front_en.3.400.jpg
Milk Bikis,britannia,snacks,8901063012622,,"[""67 g""]","[""WHEAT FLOUR (ATTA) (63%)"", ""SUGAR"", ""REFINED PALM OIL"", ""MILK PRODUCTS (3.4%) [SWEETENED CONDENSED PARTLY SKIMMED MILK & MILK SOLIDS)"", ""INVERT SUGAR SYRUP"", ""RAISING AGENTS [503(ii) & 500(ii)]"", ""IODISED SALT"", ""EMULSIFIERS [322(i)"", ""471 & 481(i)]"", ""MINERALS**"", ""NATURE IDENTICAL & ARTIFICIAL (MILK) FLAVOURING SUBSTANCES AND VITAMINS*.""]","[""gluten"", ""milk""]",[],,
Rich Tomato Sauce No Onion No Garlic,Maggi,condiments,8901058000597,,"[""500 g""]","[""Water"", ""Sugar"", ""Tomato paste (24.2%)"", ""lodized salt"", ""Acidity regulator (260)"", ""Starch"", ""Thickeners (415)"", ""Preservative (211) and Mixed spices.""]","[""-""]",[],,
Sunflower seeds,jewel-farmer,plant-based-foods-and-beverages,8906069413305,,"[""200 g""]","[""Sunflower kernels""]","[""-""]",[],,https://images.openfoodfacts.org/images/products/890/606/941/3305/front_en.3.400.jpg
Sunfeast mango smoothie btl,sunfeast,plant-based-foods-and-beverages,8901725001230,,"[""300ml""]","[""Water"", ""Milk Solids (33.5%)"", ""Sugar"", ""Diced Totapari Mango (4.06%)"", ""Mandarine Pulp (4.06%)"", ""Alphonso Mango Pulp (2.18%)"", ""Totapari Mango Pulp (2.18%)"", ""Nata De Coco"", ""Stabilizers (INS 466"", ""INS 418)"", ""Acidity Regulator (INS 330)"", ""Nature Identical Flavouring Substances"", ""Artificial Flavouring Substances (Mango)"", ""Antioxidant (INS 300)"", ""Colours (INS 110"", ""INS 102) and Vitamins. Contains Milk"", ""Nut. May Contain Soy.""]","[""milk"", ""nuts""]",[],,
Chilli Chatka,10,plant-based-foods-and-beverages,8901491363020,,"[""10rs""]","[""Cereal Products (66%) (Rice Meal (43%)"", ""Com Meal (23%))"", ""Edible Vegetable Oil (Rice Bran Oil)"", ""*Seasoning (Sugar"", ""&quot"", ""Spices & Condiments"", ""lodised Salt"", ""Rice Flour"", ""Flavour (Natural & Nature Identical Flavouring Substances)"", ""Acidity Regulators (330"", ""196)"", ""Black Salt"", ""Flavour Enhancers (627"", ""631)"", ""Colours (160c 150d))"", ""Gram Meal (0.5%). As Flavouring Agent. Contains Onion and Garlic Serve Size 20 g** MARK Per 100g %RDA Per Serve Pepsi""]","[""-""]",[],,
Bikaneri Bhujia,bikaji,snacks,8906005500090,,"[""1 kg""]","[""cts (Approx.) 25 Servings Per Container Serving Size Amount per serving Calories 1/3 cup (40g) 244 % Daily Value/% Valeur Quotidien* Total Fat / Gras Total 18g 23% Saturated Fat / Gras Saturé Fat 6g 28% Trans Fat/Acide Gras Trans Og Cholesterol/Cholestérol Omg Sodium/Sodium 319mg Total Carbohydrate / Glucides 15g Dietary Fiber/Fibres Diététiques 2g Total Sugars / Sucres Totaux Og Includes Added Sugars 0g Protein / Protéine 6g Vitamin/Vitamine D 0mcg Calcium/Calcium 2mg Iron/ De Fer 2mg Potassium/Potassium 180mg 0% 14% 5% 9% 0% 12% 0% &lt"", ""1% 9% 4% The % Daily Value (DV) tells you how much a nutrient in a serving of food contributes to a daily diet. 2000-calories a day is used for general nutrition advice.""]","[""-""]",[],,
Chocos Moons and Stars,Kellogg's,plant-based-foods-and-beverages,8901499010773,,"[""350 g""]","[""Wheat Solids (54.2%) (Wheat Flour (Atta) (29.6%)"", ""Refined Wheat Flour (Maida) (24.6%))"", ""Sugar"", ""Corn Flour"", ""Cocoa Solids (5.6%)"", ""Minerals"", ""Cereal Extract"", ""Edible Vegetable Oil (Palmolein)"", ""lodized Salt"", ""Colour (INS 150d)"", ""Vitamins"", ""Antioxidant (INS 320). CONTAINS PERMITTED NATURAL COLOUR & ADDED FLAVOURS (NATURE IDENTICAL & ARTIFICIAL CREAM FLAVOURING SUBSTANCES) CONTAINS GLUTEN. MAY CONTAIN TRACES OF TREENUT.""]","[""gluten""]",[],,https://images.openfoodfacts.org/images/products/890/149/901/0773/front_en.4.400.jpg
Cadbury Crackle,hindustan-unilever-limited,desserts,8901030846304,,"[""420g""]","[""Chocolate"", ""Liquid Glucose"", ""Cocoa Solids"", ""Paim Oil"", ""Milk Solids"", ""Maltodextrin"", ""Emulsifier E Stabilizers (E412"", ""E410). CONTAINS PERMITTED NATURAL COLOUR-E150d AND SYNTHETIC FOOD ADDED FLAVOUR (NATURAL"", ""NATURE IDENTICAL AND ARTIFICIAL (VANILLA) FLAVOURING NGREDIENTS: Water"", ""Chocolate Confectionery (14.6%) [Water"", ""Sugar"", ""Condensed mik"", ""Dhucolate Coated Butterscotch Confectionery (10.1%) [Outer Layer (Milk Chocolate): Cadbury Dairy Sugar"", ""Milk Solids"", ""Cocoa Butter"", ""Cocoa Solids"", ""Emulsifiers (E442"", ""E476). CONTAINS COLOURS-E122"", ""E133"", ""E102 AND ADDED ARTIFICIAL VANILLA FLAVOURING SUBSTANCE Su IESTANCES) (Allergen information: Contains Milk.)"", ""Cocoa Butter"", ""Glazing Agent E Sabilizers (E1400"", ""E414)"", ""Emulsifier (E476) & Preservative (E202)"", ""Inner Layer (Buttersenten Confectionery): Sugar"", ""Salted Butter"", ""Cashew Nuts"", ""lodised Salt]"", ""Palm Oil"", ""Milk Solids. Linud Gucose"", ""Cocoa Solids"", ""Emulsifier (E471)"", ""Vegetable Protein (Soy)"", ""Stabilisers - E412. E410"", ""EAIT. Contains Milk Solids"", ""Soy & Cashew Nuts. May Contain Traces of Other Treenuts. NTANS PERMITTED NATURAL COLOUR - E150d AND SYNTHETIC FOOD COLOURS-E122"", ""E102. E133 AND ADED PLAVOUR-NLATURE IDENTICAL (CHOCOLATE) AND ARTIFICIAL (VANILLA & MILK) FLAVOURING SUBSTARIDCES CONTAINS 10.2% EDIBLE VEGETABLE OIL AND VEGETABLE PROTEIN PRODUCT ForTe presentative puurposes onty CRACKLE are trademarks of Mondeléz International""]","[""milk"", ""nuts"", ""soybeans""]",[],,
West Indies Hot & Sweet Chilli,Lay's,chips,8901491504782,,"[""50gm""]","[""Potato"", ""Edible Vegetable Oil (Palmolein"", ""Sunflower Oil)"", ""Sugar"", ""Maltodextrin"", ""Iodised Salt"", ""Natural and Nature Identical Flavouring Substances"", ""Spices"", ""Condiments"", ""Flavour Enhancers (627"", ""631)"", ""Edible Vegetable Oil (Palm"", ""Sunflower"", ""Peanut)"", ""Hydrolysed Vegetable Protein"", ""Anticaking Agent (551)"", ""Cocoa Solids"", ""Lactose""]","[""lait"", ""arachides""]",[],,
Instant Bhel,haldiram-s,puffed-rice-blend,8904004409222,,"[""44 g""]","[""Refined Palmolein Oil"", ""Puffed Rice (22%)"", ""Bengal Gram Lentils (14%)"", ""Bengal Gram Flour (Besan) (11%)"", ""Refined Sugar"", ""Refined Wheat Flour (Maida)"", ""Groundnut (Peanuts) (3%)"", ""Edible Common Salt"", ""Red Chilli Powder"", ""Tomato Powder"", ""Dried Mango Powder"", ""Tamarind Powder"", ""Dried Ginger Powder"", ""Black Salt"", ""Coriander Powder"", ""Turmeric Powder"", ""Date Powder"", ""Onion Powder"", ""Green Chilli Powder"", ""Cumin Powder"", ""Cardamom"", ""Cinnamon"", ""Clove Powder"", ""Ajwain"", ""Acidity Regulator (INS 330)"", ""Nutmeg"", ""Bay Leaves"", ""Black Cumin & Colour (Paprika INS 160 c)""]","[""gluten"", ""peanuts""]",[],,https://images.openfoodfacts.org/images/products/890/400/440/9222/front_en.4.400.jpg
Dal Makhani,kohinoor,condiments,8901047816208,,"[""300g""]","[""Water"", ""Black Gram Lentils (33.3%)"", ""Tomato (8.4%)"", ""Red Kidney Beans (4%)"", ""Sunflower Oil"", ""Garlic"", ""Salt"", ""Ginger (0.6%)"", ""Cumin Powder"", ""Garam Masala"", ""Red Chilli powder"", ""Fenugreek Leaves"", ""Cinnamon"", ""Cardamom"", ""Bay leaf"", ""Nutmeg Powder"", ""Mace Powder""]","[""-""]",[],,
Cup Noodles Mazedaar Masala,nissin,plant-based-foods-and-beverages,8901014004744,,"[""1 Qty & Weight 45g""]","[""Refined Wheat Flour (Maida)"", ""Edible Vegetable Oil (Palm Oil)"", ""Dehydrated Pieces 4.26% (Corn"", ""Green Pea"", ""Carrot"", ""French Beans & Curry Leaves)"", ""lodised Salt"", ""Mixed Spices 1.55% (Red Chilli"", ""Turmeric"", ""Coriander"", ""Black Pepper"", ""Cumin"", ""Fenugreek"", ""Ginger"", ""Clove"", ""Nutmeg & Green Cardamom)"", ""Hydrolysed Vegetable Protein Powder (Soya)"", ""Onion Powder"", ""Corn Starch"", ""Sugar"", ""Maltodextrin"", ""Yeast Extract Powder Flavour Enhancers (INS 631"", ""INS 627 & INS 620)"", ""Acidity Regulators [INS 500(1)"", ""INS 451 & INS 330]"", ""Thickener (INS 415) & Antioxidant (INS 319). ALLERGEN INFORMATION: CONTAINS WHEAT & SOY. MAY CONTAIN MILK.""]","[""gluten"", ""soybeans""]",[],,
Maaza,coca-cola-company,beverages-and-beverages-preparations,8901764092800,,"[""250ml""]","[""water"", ""sugar"", ""acidity regulator (330)"", ""salt"", ""antioxidant (300)"", ""preservative (211)"", ""added flavours (natural and nature identical flavouring substances)"", ""artificial flavouring substances""]","[""-""]",[],,https://images.openfoodfacts.org/images/products/890/176/409/2800/front_en.4.400.jpg
2-minutes masala noodles,nestle-nutrition,plant-based-foods-and-beverages,8901058891430,,"[""280g""]","[""Instant Noodles with Seasoning* GE KGREDIENTS: loodle Refined Wheat Flour (Maida)"", ""Palm Oil"", ""lodized Salt"", ""Wheat Guten"", ""Thio ners (508 & 412)"", ""Acidity Regulators (5010) & 500 (1)) and N Humectant (457 (0). Masala &quot"", ""Testemaker:thydrolysed Groundnut Protein"", ""Refined Wheat Flor Maidal"", ""Mixed Spices (13.1%)"", ""Sugar"", ""Onion Powder"", ""Starch"", ""Palm Powder"", ""lodised Salt"", ""Thickener (508)"", ""Acidity Regulators (330 & Mineral"", ""Flavour Enhancer (635)"", ""Colour (150d) and Wheat Gluten. W Comtains Wheat And Nut. ay Contains Milk"", ""Mustard"", ""0atc And Soy. 18""]","[""gluten"", ""milk"", ""mustard"", ""nuts"", ""soybeans""]",[],,
Farmland frozen green peas,farmland,plant-based-foods-and-beverages,8906065166007,,"[""1kg""]","[""Farmland Ewhering labe FROZEN GREEN PEAS No Added Colours or Preservati""]","[""-""]",[],,
Snac tac Mango Jam,snac-tac,plant-based-foods-and-beverages,8904132913264,,"[""100g""]","[""SUGAR"", ""FRUIT PULP [MANGO (45%)"", ""PRESERVATIVE 224]"", ""THICKENER"", ""ACIDITY REGULATOR (330)"", ""ARTIFICIAL FLAVOURING SUBSTANCES (MANGO)"", ""SYNTHETIC FOOD COLOUR (110)"", ""PRESERVATIVE (211)""]","[""-""]",[],,
Limca,pepsi,beverages-and-beverages-preparations,8901764052910,,"[""100 ml""]","[""CARBONATED WATER"", ""SUGAR ACIDITY REGULATORS (330"", ""33W STABILIZERS (414"", ""471)"", ""PRESERVATIVE (211) FLAVOURS (NATURAL"", ""NATURE-IDENTICAL & ARTIFICIAL (LEMON) FLAVOURING SUBSTANCES).""]","[""-""]",[],,https://images.openfoodfacts.org/images/products/890/176/405/2910/front_en.24.400.jpg
Aloevera pulp & juice,yoga-pulp,plant-based-foods-and-beverages,8908005573203,,"[""200ml""]","[""Aloevera Pulp & Juice (12%)"", ""Lichi Pulp (7%)"", ""Cane Sugar (11.50%)"", ""Water"", ""Flavor"", ""Acidity Regulator (INS 330)"", ""Stabilizer"", ""Class II Preservative (INS 440"", ""INS 224).""]","[""-""]",[],,
Cheesy Sauce,wingreens-farms,dairies,8906064651474,,"[""180 g""]","[""Refined Sunflower Oil"", ""Water"", ""Sugar"", ""Cheese Powder (3%)"", ""Liquid Glucose"", ""Milk Solids"", ""lodized Salt"", ""Thickeners (INS 415 & INS 1442)"", ""Acidity Regulators (INS 260 & INS 330)"", ""Yeast Powder"", ""Preservatives (INS 200 & INS 211)"", ""Antioxidant (INS 386)"", ""Nature-Identical Flavouring Substances.""]","[""milk""]",[],,
Veg Mayonnaise,Dr. Oetker,condiments,8906002003242,,"[""250g""]","[""Water"", ""Olive Oil (24%)"", ""Sugar"", ""E Mustard Powder"", ""Preservatives (INS211"", ""INSZO CONTAINS ADDED FLAVOUR Serve Size 15 Nutritional FLAVOURING SUBSTANCES)""]","[""-""]",[],,https://images.openfoodfacts.org/images/products/890/600/200/3242/front_en.4.400.jpg
CASHEWS,vittal-balaji,plant-based-foods-and-beverages,0710859306108,,"[""500g""]","[""Cashew nuts""]","[""nuts""]",[],,
Fruit Yoghurt Mango,mother-diary,dairies,8901648014843,,"[""100g""]","[""Milk"", ""Sugar (12%)"", ""Milk Solids"", ""Mango Pulp-4%"", ""Active Lactic Culture Thickening Agent TINS 1442)"", ""Dried Citrus Pulp"", ""Nature-Identical Flavouring Substances and Synthetic Food Colours (INS 102 & INS 118)""]","[""milk""]",[],,
100% Pure Coconut Oil,parachute,plant-based-foods-and-beverages,8901088136945,,"[""300mo""]","[""Coconut Oil""]","[""-""]",[],,
Super T Milk,mother-dairy,dairies,8901648923039,,"[""1L""]","[""Standardised Milk"", ""Vitamin A"", ""Vitamin D2 (Ergocalciferol)""]","[""-""]",[],,https://images.openfoodfacts.org/images/products/890/164/892/3039/front_en.3.400.jpg
Mini Nut & Seed Mix,prov,plant-based-foods-and-beverages,8908011491447,,"[""18 g""]","[""Almond Kernels (28%)"", ""Cashew Kernels (20%)"", ""Pistachio Kernels (20%)"", ""Pumpkin Seeds (16%) & Black Raisins (16%).""]","[""nuts""]",[],,
Brown Hing Powder,premia,plant-based-foods-and-beverages,8903363002563,,"[""100g""]","[""WHEAT FLOUR (60% APPROX)"", ""GUM ARABICA"", ""ASAFOETIDA""]","[""gluten""]",[],,
Lemon Juice,fruitaco,plant-based-foods-and-beverages,8564324165644,,"[""250ml""]","[""Lemon Juice (99%)"", ""Water (1%)"", ""Class II Preservative (INS 224)""]","[""-""]",[],,https://images.openfoodfacts.org/images/products/856/432/416/5644/front_en.7.400.jpg
Kaju Khajoor Cookies,cremica,snacks,8906001385295,,"[""100g""]","[""WHEAT FLOUR"", ""SUGAR"", ""EDIBLE VEGETABLE OILS (PALM)"", ""INVERT SYRUP"", ""CASHEW NUTS (1.6%)"", ""BUTTER"", ""RAISING AGENTS [INS-503 (ii)"", ""INS-500 (ii)]"", ""MAIZE STARCH"", ""EDIBLE COMMON SALT"", ""DATES (0.3%)"", ""MILK SOLIDS"", ""PERMITTED EMULSIFIERS (INS-322"", ""INS - 471)"", ""STABILISING AGENT [INS-450(i)]"", ""DOUGH CONDITIONER (INS-223). \nCONTAINS PERMITTED NATURAL COLOUR (INS-160b) AND ADDED FLAVOURS (ARTIFICIAL FLAVOURING SUBSTANCES - BUTTER"", ""MILK VANILLA AND NATURE IDENTICAL FLAVOURING SUBSTANCE-BUTTER). \nCONTAINS WHEAT"", ""MILK"", ""SOYA & SULPHITE AS HYPERSENSITIVE INGREDIENTS.""]","[""gluten"", ""milk"", ""nuts"", ""soybeans""]",[],,
maggi,Nestlé,plant-based-foods-and-beverages,8901058000290,,"[""70""]","[""NOODLES: Refined wheat flour (Maida)"", ""Palm oil"", ""lodized salt"", ""Wheat gluten"", ""Thickeners (508 & 412). Acidity regulators (501(i) & 500(i)) and Humectant (451(i)). MASALA TASTEMAKER®: Mixed spices (25.6%) (Onion powder"", ""Coriander powder"", ""Turmeric powder"", ""Red chilli powder"", ""Garlic powder"", ""Cumin powder"", ""Aniseed powder"", ""Ginger powder"", ""Fenugreek powder"", ""Black pepper powder"", ""Clove powder"", ""Green cardamom powder & Nutmeg powder)"", ""Refined wheat flour (Maida)"", ""Hydrolysed groundnut protein"", ""Sugar"", ""Palm oil"", ""Starch"", ""lodized salt"", ""Thickener (508)"", ""Flavour enhancer (635)"", ""Toasted onion flakes"", ""Acidity regulator (330). Colour (150d)"", ""Mineral and Wheat gluten. Allergen Note: Contains Wheat & Nut. May contain Milk"", ""Mustard"", ""Oats And Soy.""]","[""gluten""]",[],,
Rice Bran Oil,energymax,plant-based-foods-and-beverages,8908001749190,,"[""1L""]","[""Rice Bran Oil"", ""ADD-03 (Permitted Antioxidant E-319"", ""E-330"", ""Permitted Antifoaming Agent E-900a)"", ""Vitamin A & Vitamin D.""]","[""-""]",[],,https://images.openfoodfacts.org/images/products/890/800/174/9190/front_en.3.400.jpg
Idli Podi Chutney,daishik,condiments,8908021903114,,"[""80 g""]","[""Bengal Gram"", ""Black Gram Splits"", ""Sesame Seeds"", ""Red Chilli Powder & Iodized Salt.""]","[""sesame seeds""]",[],,
White Peas/Matar,flipkart,plant-based-foods-and-beverages,8904293723504,,"[""1kg""]","[""White Peas""]","[""-""]",[],,
Nescafe Classic Instant coffee,nescafe,beverages-and-beverages-preparations,8901058007169,,"[""4g""]","[""Coffee beans""]","[""-""]",[],,
Twilight Tryst Single Origin Dark Chocolate,amul,snacks,8901262071703,,"[""125""]","[""Cocoa solids"", ""sugar"", ""cocoa butter"", ""emulsifiers (322"", ""476)"", ""artificial flavouring substances (cocoa"", ""vanilla).""]","[""-""]",[],,https://images.openfoodfacts.org/images/products/890/126/207/1703/front_en.3.400.jpg
Whey Protein,food-strong,dietary-supplements,8906128673527,,"[""1 kg""]","[""Whey Protein Concentrate"", ""Whey Protein Isolate"", ""Cocoa Powder (5%)"", ""Almonds (3%)"", ""Nature Identical Flavour (Chocolate)"", ""Himalayan Pink Salt"", ""Curcumin (Turmeric Extract)"", ""Bromelain (From Pineapples Stems)"", ""Papain (From Papaya)"", ""Sucralose"", ""Stevia (Less than 0.5%) Sunflower Lecithin""]","[""milk"", ""nuts""]",[],,
Chicken Masala,priya,plant-based-foods-and-beverages,8904246930331,,"[""100g""]","[""Coriander"", ""Red Chillies"", ""Turmeric"", ""lodized Salt"", ""Dry Curry Leaves"", ""Black Pepper"", ""Dry Garlic"", ""Dry Ginger"", ""Dry Onion"", ""Mace"", ""Fennel"", ""Cassia Bark (Taj)"", ""Large Cardamom and Clove.""]","[""-""]",[],,
Vinegar white,tops,condiments,8904288601275,,"[""610ml""]","[""Water"", ""Acetic Acid (Acidity Regulator - 260).""]","[""-""]",[],,https://images.openfoodfacts.org/images/products/890/428/860/1275/front_en.3.400.jpg
Lay's West Indies' Hot 'n' Sweet Chilli,Lay's,plant-based-foods-and-beverages,8901491502054,,"[""11g(8.6g + 2.4g extra)""]","[""Potato"", ""Edible Vegetable Oil (Palmolein"", ""Sunflower Oil)"", ""*Seasoning (Sugar"", ""Maltodextrin"", ""lodised Salt"", ""Flavour (Natural and Nature Identical Flavouring Substances)"", ""^Spices & Condiments"", ""Flavour Enhancers (E627 & E631)"", ""Edible Vegetable Oil (Palm"", ""Sunflower"", ""Peanut)"", ""Hydrolysed Vegetable Protein"", ""Anticaking Agent (551)"", ""Cocoa Solids"", ""Lactose). *As flavouring agent. ^Contains _Onion_ and _Garlic_ ALLERGEN ADVICE: Contains _Nut_"", ""_Milk_"", ""_Wheat_ May Contain _Sulphite_""]","[""gluten"", ""milk"", ""nuts"", ""peanuts"", ""garlic"", ""onion""]",[],,
Malkist Cappuccino,mayora,snacks,8996001312667,,"[""144g""]","[""Refined Wheat Flour"", ""Edible Vegetable Oil (Palmolein Oil) contains Antioxidant (BHA)"", ""Sugar (11.1%)"", ""Maltodextrin"", ""Glucose Syrup"", ""Lactose"", ""Non-Dairy Creamer (Glucose"", ""Hydrogenated Vegetable Fat (Coconut/Palm Kernel)"", ""Edible Sodium Caseinate"", ""Stabilizer (INS 340(ii))"", ""Stabilizer (INS 452(ii))"", ""Emulsifier (INS 481)"", ""Tapioca Starch"", ""Raising Agents (INS 503(ii))"", ""INS 500(iii)"", ""Cocoa Powder (1.16%)"", ""Iodized salt"", ""Baker's Yeast"", ""Milk Solids (0.53% SMP) Malt Extract (0.45%)"", ""Butter (0.55%)"", ""Emulsifier(INS 322(i))Artificial flavouring substance (Coffee) (0.054%)"", ""Vitamin Premix (Thiamine Mononitrate"", ""Riboflavin"", ""Pyridoxine Hydrochloride"", ""Cyanocobalamin). Allergen information: Contains Wheat"", ""Milk"", ""Soy.""]","[""gluten"", ""milk"", ""soybeans""]",[],,
more Blueberries,more,plant-based-foods-and-beverages,8903023011102,,"[""200 g""]","[""Blueberries""]","[""-""]",[],,https://images.openfoodfacts.org/images/products/890/302/301/1102/front_en.3.400.jpg
Vedaka Raw Peanuts - Pink,vedaka,plant-based-foods-and-beverages,8903023001608,,"[""1kg""]","[""Peanuts""]","[""peanuts""]",[],,
Micronised Creatine Powder,optimum-nutrition,dietary-supplements,0748927068818,,"[""100 g""]","[""Creatine Monohydrate (100%).""]","[""-""]",[],,
Ghee,mother-dairy,fats,8901648019725,,"[""200ml""]","[""Milk Fat""]","[""milk""]",[],,
Rajhans Sweet Lassi,rajhans,beverages-and-beverages-preparations,8908000716148,,"[""200ml""]","[""Toned Milk Dahi"", ""Water and Sugar""]","[""milk""]",[],,https://images.openfoodfacts.org/images/products/890/800/071/6148/front_en.5.400.jpg
Whey protein,nutrabay,dairies,8906045140843,,"[""500g""]","[""MANUFACTURED IN INDU""]","[""-""]",[],,
Amul Pizza Margherita,amul,meals,8901262220965,,"[""210 g""]","[""Toppings (54%): Cheese (milk solids"", ""iodized salt"", ""microbial rennet"", ""active culture)"", ""pizza sauce [water"", ""tomato paste"", ""sugar"", ""spices & condiments (2%)"", ""milk solids"", ""iodized salt"", ""acidity regulator (260) and stabilizer (401)]. Base (46%): Bread [refined wheat flour"", ""water"", ""yeast"", ""palm oil"", ""milk solids"", ""sugar"", ""iodized salt"", ""preservative (282)"", ""improver (soya flour"", ""corn starch"", ""anticaking agent (170)"", ""antioxidant (300)"", ""flour treatment agent (1100)}"", ""emulsifier (481)). Allergen Information: Contains milk"", ""wheat"", ""soy. Contains one sachet each of Oregano Seasonings (1g) & Crushed Chilli Flakes (1g). KEEP FROZEN AT-18°C OR BELOW IN DEEP-FREEZER OF YOUR REFRIGERATOR. DO NOT BUY THE PACKET IF FOUND OPENED OR DAMAGED. METHOD OF PREPARATION: Before baking the pizza"", ""ensure that the pizza is thawed properly by any of the two methods: A P S Ca #R A 1. Put the deep frozen pizza in the lower compartment of the fridge (above the veg. basket) overnight. 2. Keep the deep frozen In both the above cases"", ""check whether the pizza has softened completely by piercing with a knife or a clean toothpick which go Once thawed bake immediately"", ""do not re-freeze. Do not microwave. A. Electric Oven 1. Preheat the oven to 250°C. 2. Place the pizza in the oven and cook for 8-10 minutes"", ""until the crust becomes golden brown. C. Tava (Frying Pan) 1. Preheat the tava for 2 minutes on a low flame. 2. Place the pizza on the grill and cover with a lid. 3. Cook for 8-10 minutes on a low flame until the crust becomes golden brown. B. Gas Oven 1. Preheat the oven to 250°C. 2. Place the pizza in the oven Suggested garnishing: To garnish the pizza"", ""use ingred red capsicum slices"", ""yellow caps marinated paneer dices"", ""fresh co Sprinkle Oregano/Chilli Seasoning as per the taste & cut into slices and serv Marketed by: Gujarat Co-operative Milk Marketing Federation Ltd."", ""Anand - 388 001"", ""India. Website: www.amul.com We appreciate your feedback. Contact our Customer Care Executive at: 1800 258 3333 (Toll free) [6 AM - 9 PM]""]","[""gluten"", ""milk"", ""soybeans""]",[],,
SUPER MUESLI Chocolate,alpino,plant-based-foods-and-beverages,8906127551161,,"[""750 g""]","[""Wheat Flakes (29.1%)"", ""Rice Flakes (15.8%)"", ""Chocolate Peanut Butter Oats (14.9%)"", ""Corn Flakes(14.32%)"", ""Cocoa Cookie (9%) (Maida"", ""Sugar"", ""Cocoa Solids (16.5%)"", ""Milk Solids"", ""Hydrogenated Vegetable Oil"", ""Palm Kernel Oil"", ""Water"", ""Raising Agent (Baking Powder)"", ""Edible Common Salt"", ""Preservatives (INS 282))"", ""Cocoa Powder (5%)"", ""Sugar Milk Solids"", ""Almonds (4.8%)"", ""Ragi Flakes (1.07%)"", ""Sugar"", ""Edible Common Salt"", ""Nature Identical' Flavouring Substances"", ""Antioxidants (Tocopherol).""]","[""gluten"", ""milk"", ""nuts"", ""sulphur dioxide and sulphites"", ""nuts-almond-peanuts""]",[],,https://images.openfoodfacts.org/images/products/890/612/755/1161/front_en.12.400.jpg
Pizza and pasta sauce,Del Monte,condiments,8901246006189,,"[""100g""]","[""Tomato Paste (41%)"", ""Water"", ""Onions"", ""Liquid Glucose"", ""Sugar"", ""Edible Vegetable Oil (Soyabean Oil)"", ""lodized Salt"", ""Spices & Condiments (Garlic Powder (0.97%)"", ""Mixed Spices"", ""Red Chilli Flakes (0.25%) and Red Paprika (0.19%))"", ""Acidity Regulators (INS 260"", ""INS 330)"", ""Milk Solids"", ""Thickeners (INS 1422"", ""INS 415) and Preservative (INS 211).""]","[""milk"", ""soybeans""]",[],,
the Only Pizza mix 28g,jayanti,plant-based-foods-and-beverages,8908001105415,,"[""28g""]","[""Oregano (21%)"", ""White Onion (19%)"", ""Red Bell Pepper (12%)"", ""Garlic"", ""Salt"", ""Chilli"", ""Black Pepper"", ""Basil"", ""Thyme""]","[""-""]",[],,
Orange Burfee,haldiram-s,sweets-desserts,8904004410617,,"[""250g""]","[""Refined Sugar"", ""Ash Gourd"", ""Milk Solids (Khoa)"", ""Orange Pulp (2%)"", ""Preservative (INS 202)"", ""Colours [Sunset Yellow (INS 110)"", ""Carmoisine (INS 122)]"", ""Silver Leaf (0.035%) & Natural Flavouring Substances & Nature Identical Flavouring Substances""]","[""milk""]",[],,
Oats Multigrain,quaker,plant-based-foods-and-beverages,8901491702546,,"[""600g""]","[""Oat flakes""]","[""-""]",[],,https://images.openfoodfacts.org/images/products/890/149/170/2546/front_fr.3.400.jpg
Minute Maid Apple,Minute Maid,plant-based-foods-and-beverages,8901764385155,,"[""150 ml""]","[""water"", ""sugar"", ""apple juice (15.3%) (reconstituted from apple juice concentrate)"", ""acidity regulators (296"", ""330) antioxidant (300)"", ""sweetener (960)"", ""contains permitted natural colour (150d) and added apple flavours (nature identical flavouring substances.""]","[""-""]",[],,
Rose Lassi,cavin-s,beverages-and-beverages-preparations,8902979051071,,"[""180 ml""]","[""Standardized Milk Curd"", ""Water"", ""Sugar"", ""Emulsifier (INS 460(i) & INS 466)"", ""Flavour (Nature Identical Flavouring Substance)"", ""Mineral & vitamin Premix(Zinc"", ""Vitamin A & D)""]","[""-""]",[],,
Bevzilla 100% Arabica Classic Strong Coffee,bevzilla,beverages-and-beverages-preparations,8906161170397,,"[""200g""]","[""100% Arabica Coffee""]","[""-""]",[],,https://images.openfoodfacts.org/images/products/890/616/117/0397/front_en.3.400.jpg
Flipkart Grocery White Peas,flipkart-grocery,plant-based-foods-and-beverages,8904293723443,,"[""500g""]","[""White Peas""]","[""-""]",[],,
Mother Dairy Toned Milk,mother-dairy,dairies,8901648921325,,"[""500ml""]","[""Milk Solids"", ""Vitamin A"", ""Vitamin D2 (Ergocalciferol)""]","[""milk""]",[],,
Supreme Ice Cream Belgian Chocolate,supreme,desserts,8906024487747,,"[""125ml""]","[""Milk Solids"", ""Sugar"", ""Water"", ""Liquid Glucose"", ""Cocoa Solids"", ""Emulsifier (INS 471 & INS 322) and Stabilizers (INS 407"", ""INS 410"", ""INS 412"", ""INS 460 & INS 466) and Choco chips (3%) CONTAINS PERMITTED SYNTHETIC FOOD COLOUR (INS 1500) AND ADDED NATURE IDENTICAL FLAVOUR (CHOCOLATE)""]","[""milk""]",[],,https://images.openfoodfacts.org/images/products/890/602/448/7747/front_en.3.400.jpg
Paneer,thirumala,dairies,8906023648637,,"[""400g""]","[""Milk solids & Preservative (Naturally sourced food protectant)-INS 234.""]","[""milk""]",[],,
KLF Nirmal Cold Pressed Virgin Coconut Oil,klf,oil,8906002661404,,"[""250ml""]","[""Cold pressed Virgin Coconut Oil""]","[""-""]",[],,
Dark Chocolate Peanut Spread - Crunchy,the-whole-truth,plant-based-foods-and-beverages,8906143890152,,"[""325g""]","[""Peanuts"", ""date powder"", ""cocoa""]","[""peanuts""]",[],,
Continental Xtra 200g Jar | Instant Coffee | South Indian Blend with Chicory,ccl-products-india-limited,beverages-and-beverages-preparations,8901036173459,,"[""100g""]","[""Coffee beans 70%"", ""Chicory 30%""]","[""-""]",[],,https://images.openfoodfacts.org/images/products/890/103/617/3459/front_en.3.400.jpg
Miliet noodles,miliet-bank,plant-based-foods-and-beverages,8908017693265,,"[""130GMS""]","[""Wheat Flour"", ""Little Millet Flour"", ""Cluster Bean Powder (Natural Gum) and Salt. Spice Mix: Coriander Seeds"", ""Red Chillies"", ""Onion powder"", ""Garlic powder"", ""Ginger powder"", ""Turmeric"", ""Curry leaves"", ""Fennel seeds"", ""Black pepper"", ""Cassia"", ""Fenugreek"", ""Star anise"", ""Clove"", ""Nutmeg"", ""Salt"", ""Unrefined cane sugar and Citric acid (INS330)""]","[""gluten""]",[],,
Cow Milk,dodla,dairies,8906024480878,,"[""500ml""]","[""Milk solids"", ""Vitamin A (Retinyl Palmitate) and Vitamin D (Ergocalciferol) Allergens: Contains Milk FAT 3.5%"", ""SNF 8.5%""]","[""milk""]",[],,
More Daily Sugar,more,sweeteners,8903023003633,,"[""1 kg""]","[""Sugar""]","[""-""]",[],,https://images.openfoodfacts.org/images/products/890/302/300/3633/front_en.3.400.jpg
Flipkart Grocery Black Salt Powder,flipkart-grocery,condiments,8904293729384,,"[""100g""]","[""Black Salt Powder""]","[""-""]",[],,
Ene bohut jolokia sauce 210 g,ene,condiments,8906078160085,,"[""200g""]","[""Sugar"", ""Water"", ""Garlic Bits"", ""Carrot Bits"", ""Bhutjolokia Chilli Puree (4.5%)"", ""Salt"", ""Acidity Regulator (Ins 260)"", ""Chilli Powder"", ""Thickeners (Ins 1442"", ""Ins 440& Ins 415). Contains Permitted Class II Preservative – (Ins 211). Contains Added Natural Flavouring Substances""]","[""-""]",[],,
Cadbury Bournvita Shakti 75g pp,bourn-vita,beverages-and-beverages-preparations,7622202026683,,"[""75g""]","[""Cereal Extract 56%*(Barley"", ""Millets"", ""Wheat)"", ""Sugar"", ""Cocoa Solids"", ""Maltodextrin"", ""Colour (150c)"", ""Minerals"", ""Wheat Gluten"", ""Liquid Glucose"", ""Emulsifiers (322"", ""471)"", ""Milk Solids"", ""Vitamins"", ""Raising Agent (500(ii))"", ""Flavours (Natural"", ""Nature Identical and Artificial (Vanilla) Flavouring Substances)"", ""lodised Salt. Allergen Information: Contains Milk"", ""Wheat"", ""Barley"", ""Sulphites"", ""Soy.""]","[""gluten"", ""milk"", ""soybeans"", ""sulphur dioxide and sulphites""]",[],,
Real mayonnaise,Hellmann's,condiments,8901030872693,,"[""800 g""]","[""Refined Soybean Oil (Fortified with Vitamin A & D)"", ""Water"", ""Sugar"", ""Thickeners-E 1442"", ""E 1450"", ""Natural Vinegar"", ""lodised Salt"", ""Spices & Condiments"", ""Lemon Juice Concentrate"", ""Preservative-E 202"", ""Nature Identical and Natural Flavouring Substances"", ""Sequestrant-E 385. May contain traces of Soya. Number of serves per pack: Approx. 53 &quot"", ""Source: Euromonitor"", ""Cooking Ing retail value RSP"", ""(includes Hellmann's a sales)"", ""2022 data. Store in cool"", ""dry & hygienic place away from dire""]","[""soybeans""]",[],,https://images.openfoodfacts.org/images/products/890/103/087/2693/front_en.3.400.jpg
DesertKing Dates,lion,plant-based-foods-and-beverages,8906006720183,,"[""250 g""]","[""Dates""]","[""-""]",[],,
veeba white pasta dressing,veeba,pasta-dressing,8906069400619,,"[""285g""]","[""Water"", ""Refined Soyabean Oil (20.0%)"", ""Synthetic Vinegar [Water"", ""Acetic Acid (INS260)]"", ""Milk Solids"", ""Permitted Emulsifiers and Stabilizers (INS1442"", ""INS1450"", ""INS415)"", ""Sugar"", ""lodised Salt"", ""Cheese (2.0%)"", ""Spices and Condiments"", ""Herbs"", ""Permitted Preservatives (INS211"", ""INS202)"", ""Permitted Acidity Regulator (INS330)"", ""Permitted Antioxidant (INS319) and Permitted Sequestrant (INS385) CONTAINS ADDED FLAVOUR (NATURE-IDENTICAL Lic. FLAVOURING SUBSTANCES)""]","[""milk"", ""soybeans""]",[],,
Nice Sugar sprinkled coconut biscuits,dukes,snacks,8901972006040,,"[""150g""]","[""REFINED WHEAT FLOUR (MAIDA)"", ""SUGAR"", ""REFINED PALM OIL"", ""SPRINKLED SUGAR (4.7 %)"", ""DESICCATED COCONUT (3.8 %)"", ""INVERT SYRUP"", ""MILK SOLIDS"", ""RAISING AGENTS [INS 503 (ii)"", ""INS 500 (ii)]"", ""IODIZED SALT"", ""EMULSIFIERS [INS 471"", ""INS 322(i)] AND ARTIFICIAL FLAVOURING SUBSTANCES (COCONUT"", ""MILK).""]","[""gluten"", ""milk""]",[],,https://images.openfoodfacts.org/images/products/890/197/200/6040/front_en.20.400.jpg
Magnum Chocolate Truffle,unilever,desserts,8901030739019,,"[""62 g, 80 ml""]","[""ICE CREAM: WATER"", ""CHOCOLATE FLAVOURED CONFECTIONERY (18.41%) (WATER"", ""SUGAR"", ""LIQUID GLUCOSE"", ""COCOA POWDER"", ""MILK SOLIDS EDIBLE VEGETABLE FAT"", ""CHOCOLATE"", ""EMULSIFIER - E471"", ""STABILISER - E410)"", ""MILK SOLIDS"", ""SUGAR"", ""COCOA SOLIDS"", ""LIQUID GLUCOSE"", ""EMULSIFIER - E471"", ""STABILISERS - E410"", ""E412 AND E407"", ""NATURE IDENTICAL (CHOCOLATE) FLAVOURING SUBSTANCE"", ""OUTER LAYER: MILK COMPOUND COATING (23.39%): SUGAR"", ""COCOA BUTTER"", ""MILK SOLIDS"", ""COCOA SOLIDS"", ""COCONUT OIL"", ""EMULSIFIER E322 VANILLIN"", ""MILK COVERING CHOCOLATE (7.80%): SUGAR"", ""COCOA BUTTER"", ""MILK SOLIDS"", ""COCOA SOLIDS"", ""EMULSIFIER-E322"", ""VANILLIN""]","[""milk""]",[],,
Bisleri Limonata,bisleri,beverages-and-beverages-preparations,8906017290965,,"[""600 ml""]","[""Water"", ""Sugar"", ""Clear Lemon Juice Concentrate 0.83% (EQUIVALENT TO 5.2% CLEAR LEMON JUICE RECONSTITUTED)"", ""Carbon dioxide (INS 290)"", ""Sodium Benzoate (INS 211)"", ""Malic acid (INS 296)"", ""Sodium Citrate (INS 331 (ii)).""]","[""-""]",[],,
Boost,Boost,beverages-and-beverages-preparations,8901030817182,,"[""200 g""]","[""Cereal Extract (50%) (Barley"", ""Wheat"", ""Millet)"", ""Malted Barley (21%)"", ""Sugar"", ""Wheat Flour (Atta)"", ""Milk Solids (6%)"", ""Minerals"", ""Natural Colour (INS 150c)"", ""Wheat Gluten"", ""Acidity Regulators [INS 501 (ii)"", ""INS 500(ii)]"", ""Edible lodised Salt"", ""Cocoa Powder"", ""Vitamins"", ""Nature Identical Flavouring Substances"", ""Soy Protein Isolate. Allergen Information: Contains Wheat"", ""Barley"", ""Milk and Soy""]","[""gluten"", ""milk"", ""soybeans""]",[],,https://images.openfoodfacts.org/images/products/890/103/081/7182/front_en.9.400.jpg
Bfizz,fizz,beverages,8902579000653,,"[""160ml""]","[""water"", ""sugar"", ""Apple juice concentrate (1.5%) CO2""]","[""-""]",[],,
Sunfeast Yippee! noodles Magic Masala,itc,plant-based-foods-and-beverages,8901725116729,,"[""405 g""]","[""Instant Noodles: Refined Wheat Flour (Maida) (78.4%)"", ""Refined Palm Oil"", ""lodized Salt"", ""Wheat Gluten (0.4%)"", ""Thickeners (INS 508 INS 412)"", ""Stabilizers [INS 170(i)"", ""INS 339(ii)"", ""INS 450(iii)"", ""INS 452(i)] and Acidity Regulators [INS 501(i)"", ""INS 500(i)"", ""INS 330]\r\nSeasoning: Masala Mix: Dehydrated Vegetables [Beans (9.5%)"", ""Carrot (7.1%)"", ""Onion (4.6%) and Cabbage (3.8%)]"", ""Instant Noodle Powder {Refined Wheat Flour (Maida) (15.5%)"", ""Refined Palm Oil"", ""lodized Salt and Wheat Gluten (0.08%)}"", ""Spices and Condiments (17.6%) [Garlic"", ""Coriander"", ""Cumin"", ""Ginger"", ""Chilli"", ""Aniseed"", ""Fenugreek"", ""Black Pepper"", ""Cardamom"", ""Nutmeg"", ""Caraway"", ""Cinnamon"", ""Clove and Turmeric]"", ""Sugar"", ""lodized Salt"", ""Hydrolyzed Vegetable Protein"", ""Natural Flavours and Natural Flavouring Substances"", ""Nature Identical Flavouring Substances"", ""Maltodextrin"", ""Yeast Extract"", ""Acidity Regulator (INS 330)"", ""Flavour Enhancers (INS 627"", ""INS 631)"", ""Anticaking Agent (INS 551)"", ""Mineral"", ""Vitamins and Starch.""]","[""gluten""]",[],,
Farm Fresh Sahi Plain Yoghurt,milky-mist,dairies,8904083303077,,"[""1kg""]","[""Pasteurized Toned Milk & Active Lactic Culture""]","[""-""]",[],,
Good Day Harmony,britannia,plant-based-foods-and-beverages,8901063091023,,"[""120 g""]","[""REFINED WHEAT FLOUR (MAIDA)"", ""SUGAR"", ""REFINED PALM OIL"", ""NUTS AND NUT PRODUCT (8%) [CASHEWS"", ""ALMONDS"", ""PISTACHIO & HAZELNUT PASTE)"", ""INVERT SUGAR SYRUP"", ""MILK SOLIDS"", ""BUTTER"", ""RAISING AGENTS [503(ii) & 500 (ii))]"", ""IODISED SALT"", ""EMULSIFIERS [322(1)"", ""471"", ""472e) AND FLAVOURS [NATURE IDENTICAL AND ARTIFICIAL (MILK & VANILLA) FLAVOURING SUBSTANCES]@.""]","[""gluten"", ""milk"", ""nuts""]",[],,https://images.openfoodfacts.org/images/products/890/106/309/1023/front_en.4.400.jpg
Muesli dark chocolate cranberry,yoga-bar,plant-based-foods-and-beverages,8908005144632,,"[""400""]","[""Whole Grains 66% {Rolled Oats"", ""Rice Flakes"", ""Quinoa Flakes)"", ""Dark Chocolate Paste 12% (Sugar"", ""Edible Vegetable Fat"", ""Cocoa Solids"", ""Soy Lecithi &Natural Flavours)"", ""Seeds & Nuts 10.8% (Chia. Flax. Almond"", ""Pumpkin). Dehydrated Fruits 6.5% (Raisins. Cranberry 2.5%). Dates Syrup. Cocoa Powder. Rice Br Oil"", ""Natural Flavours"", ""Jaggery Syrup. Cocoa Mass. Himalayan""]","[""nuts""]",[],,
Digestive Wheat Bread,id,plant-based-foods-and-beverages,8906020589032,,"[""300g""]","[""WHOLE WHEAT FLOUR (ATTA) (55%)"", ""REFINED WHEAT FLOUR (MAIDA)(45%)"", ""RO-PURIFIED WATER"", ""SUGAR"", ""GLUTEN"", ""SUNFLOWER OIL"", ""WHEAT BRAN (3%)"", ""COMPRESSED YEAST"", ""IODISED SALT"", ""FERMENTED WHEAT FLOUR"", ""MALT"", ""NATURAL IMPROVER"", ""GLUTEN AND APPLE CIDER VINEGAR.""]","[""gluten""]",[],,
Bambino Vermicelli,bambino,plant-based-foods-and-beverages,8901242176107,,"[""90g""]","[""Durum Wheat Semolina""]","[""gluten""]",[],,https://images.openfoodfacts.org/images/products/890/124/217/6107/front_en.14.400.jpg
Muesli+ (Fruits + Nuts & Seeds),yoga-bar,plant-based-foods-and-beverages,8908005144649,,"[""400g""]","[""60% Whole Grains (Rolled Oats"", ""Brown Rice Flakes"", ""Quinoa Flakes)"", ""17% Dried Fruits (Raisins"", ""Apricots"", ""Cranberry"", ""Blackcurrants)"", ""14% Seeds & Nuts (Pumpkin"", ""Almonds"", ""Chia"", ""Flax)"", ""Strawberry Powder"", ""Date Syrup"", ""Jaggery"", ""Rice Bran Oil"", ""Himalayan Pink Salt. \nCONTAINS ADDED NATURAL FLAVOUR""]","[""nuts""]",[],,
Yoga Bar Super Muesli 0% Added Sugar,yoga-bar,plant-based-foods-and-beverages,8908005144618,,"[""400g""]","[""Whole Grains 50% (Rolled Oats"", ""Brown Rice Flakes"", ""Jowar Flakes)"", ""Seeds 24% (Pumpkin"", ""Sesame"", ""Watermelon"", ""Chia"", ""Flax)"", ""Natural Plant Based Dietary Fibre (Fructo-oligo Saccharides)"", ""Almonds 8%"", ""Whole Milk Powder"", ""Rice Bran Oil"", ""Probiotics (Bacillus coagulans SNZ1969*).\n*500 million cfu per serving\n\nCONTAINS ADDED NATURAL FLAVOUR (ROSEMARY EXTRACT"", ""CARAMEL)""]","[""milk"", ""nuts"", ""sesame seeds""]",[],,
Center Fresh GUM,center-fresh,snacks,8901393019049,,"[""7.2g""]","[""Sugar"", ""Gum base"", ""Liquid Glucose"", ""Thickeners (INS 1405"", ""INS 415)"", ""Dextrose"", ""Flavours (Natural and Artificial (Mint))"", ""Humectant (INS 422)"", ""Sweetener: Aspartame (INS 951)"", ""Emulsifier (INS 322)"", ""Antioxidant (INS 321)"", ""Colour (INS 133) This contains Aspartame sal""]","[""-""]",[],,https://images.openfoodfacts.org/images/products/890/139/301/9049/front_en.4.400.jpg
CAKE 100% VEG Gobbles fruity fun,britannia,snacks,8901063363748,,"[""64g""]","[""REFINED WHEAT FLOUR (MAIDA)"", ""SUGAR"", ""HYDROGENATED VEGETABLE OIL & REFINED SUNFLOWER OIL"", ""FRUIT PRODUCTS (5.3%) (GLAZED FRUITS (PAPAYA CUTS"", ""COLOUR (124)"", ""PINEAPPLE CUTS) & ORANGE PULP)"", ""HUMECTANT (422)"", ""MILK SOLIDS"", ""HIGH MALTOSE SYRUP"", ""EMULSIFIERS (475& 471)"", ""RAISING ACTS00 450(i) & 341()]"", ""10 JISED SALT INVERT SUGAR SYBUP"", ""NATURE IDENTICAL FLAVOURING SUBSTANCES"", ""PRESERVATIVES (202 & 282)"", ""WHEAT FIBRE"", ""ACIDITY REGULATOR (330)"", ""STABILIZER (415) AND COLOUR (102).""]","[""gluten"", ""milk""]",[],,
Refined Wheat Flour,shri-neelkamal,plant-based-foods-and-beverages,8908008806094,,"[""500g""]","[""Wheat""]","[""en:gluten""]",[],,
Papacream X Rhea Kapoor Hazelnut Cold Coffee,papacream-x-rhea-kapoor,desserts,5727282581328,,"[""450ml""]","[""Millsolie tank"", ""Cream"", ""Skim mill powder)"", ""sugar"", ""hazelnut (10%)"", ""glucose coopermitted emulsifier (477"", ""471) and stabilizers (412"", ""410). CONTAINS ADDED NATURAL FLAVOURING SUNSTANCES BEST BEFORE 18 MONTHS OF MANUFACTURE WHEN STORED AT - 18°C OR BELOW (see lid for MFD date"", ""batohit to MRP) MFD BY: Prabha Dairy Industries. 1"", ""Khetany distoal Estate"", ""Sonapur Lane"", ""Kurla West"", ""Mumbai 400070 Issat Lic. No. 11518007000184 MKTD BY: LSC Enterprises Pvt Ltd"", ""Gala No 22 Khetani Industrial Estate LBS Marg"", ""Kurla West"", ""Mumbai 400070 Issat Lic. No. 11518007000048 INCASE OF SUGGESTIONS: CALL US AT +918591092160 | Visit us at www.papacream.com PLEASE WRITE TO US ON marketing@papacream.co""]","[""milk"", ""nuts""]",[],,
Aloo Bhujia,haldiram-s,plant-based-foods-and-beverages,8904004400694,,"[""42 g""]","[""Potato"", ""Refined Palmolein Oil"", ""Bengal Gram Flour (Besan)"", ""Potato Flakes"", ""Potato Starch"", ""Tapioca Starch"", ""Tepary Beans (Moth Dal) Flour"", ""lodised Salt"", ""Red Chilli Powder"", ""Black Salt"", ""Acidity Regulator (INS 330)"", ""Black Pepper"", ""Clove"", ""Cardamom"", ""Dried Ginger Powder"", ""Dried Garlic Powder"", ""Refined Sugar"", ""Cumin Powder"", ""Bay Leaves"", ""Nutmeg"", ""Cinnamon & Mint Leaves.""]","[""-""]",[],,https://images.openfoodfacts.org/images/products/890/400/440/0694/front_en.4.400.jpg
Kwality x Wall's Desi Twist Creamy Kulfi,kwality-x-wall-s,desserts,8901030834820,,"[""700ml""]","[""Water"", ""Milk Solids"", ""Rose Flavoured Confectionery (14.6%) (Water"", ""Sugar"", ""Liquid Glucose"", ""Stabilizers (E410"", ""E412)"", ""CONTAINS PERMITTO SYNTHETIC FOOD COLOUR-E122 AND ADDED FLAVOUR - NATURE IDENTICAL ROSE FLAVOURING SUBSTANCE)"", ""Sugar"", ""Almond (5.1%)"", ""Condensed Milk Liquid Glucose"", ""Emulsifier E471"", ""Stabilizers (E412"", ""E410"", ""E407) Contains Milk Solids and Almonds. May contain traces of other tree nuts. CONTAINS PERMITTED NATURAL COLOUR-E150d AND SYNTHETIC FOOD COLOURS-E102"", ""E122"", ""E133 AND ADDED FLAVOURS NATURAL (CARDAMOM & ARTIFICIAL KULFI FLAVOURING SUBSTANCES Per Serve % GDA* (~100 ml/58 g) serve""]","[""milk"", ""nuts""]",[],,
Sunfeast Yippee noodles,sunfeast,plant-based-foods-and-beverages,8901725119256,,"[""67.5 g""]","[""Refined Wheat Flour (Maida) (78.4%)"", ""Refined Palm Oil"", ""lodized Salt"", ""Wheat Gluten (0.4%)"", ""Thickeners (INS 508"", ""INS 412)"", ""Stabilizers [INS 170(i)"", ""INS 339(ii)"", ""INS 450(iii)"", ""INS 452(i)] and Acidity Regulators [INS 501(i)"", ""INS 500(i)"", ""INS 330]. Seasoning: Dehydrated Vegetables [Beans (9.5%)"", ""Carrot (7.1%)"", ""Onion (4.6%) and Cabbage (3.8%)]"", ""Instant Noodle Powder (Refined Wheat Flour (Maida) (15.5%)"", ""Refined Palm Oil"", ""lodized Salt and Wheat Gluten (0.08%)}"", ""Spices and Condiments (17.6%) [Garlic"", ""Coriander"", ""Cumin"", ""Ginger"", ""Chilli"", ""Aniseed"", ""Fenugreek"", ""Black Pepper"", ""Cardamom"", ""Nutmeg"", ""Caraway"", ""Cinnamon"", ""Clove and Turmeric]"", ""Sugar"", ""lodized Salt"", ""Hydrolyzed Vegetable Protein"", ""Natural Flavours and Natural Flavouring Substances"", ""Nature Identical Flavouring Substances"", ""Maltodextrin"", ""Yeast Extract"", ""Acidity Regulator (INS 330)"", ""Flavour Enhancers (INS 627"", ""INS 631)"", ""Anticaking Agent (INS 551)"", ""Mineral"", ""Vitamins and Starch. Contains Wheat"", ""Soy. May Contains Milk"", ""Nut.)""]","[""gluten"", ""milk"", ""nuts"", ""soybeans""]",[],,
Marie Light,sunfeast,snacks,8901725013042,,"[""200g""]","[""Refined wheat flour (Maida) (66.6%)"", ""Sugar"", ""Refined palm oil"", ""Invert syrup"", ""Milk solids"", ""Raising agents [INS 503 (ii)"", ""INS 500(i)"", ""lodized salt"", ""Nature identical flavouring substances"", ""Flour treatment agent (INS 223)"", ""Emulsifier [Diacetyſtartaric and fatty acid esters of glycerol (from refined sunflower oil and palm oil)]"", ""Artificial flavouring substances (Milk"", ""Vanilla)"", ""Mineral"", ""Colour (INS 150d) and Vitamins.""]","[""gluten"", ""milk""]",[],,https://images.openfoodfacts.org/images/products/890/172/501/3042/front_en.5.400.jpg
Electrolyte Apple drink,onel,beverages-and-beverages-preparations,0676360440093,,"[""200 ml""]","[""Purified water"", ""Sugars (Sucrose"", ""Glucose)"", ""Apple Juice (reconstituted) 10%"", ""Coconut water concentrate"", ""Added Flavours (Natural"", ""Nature - Identical & artificial flavouring substances [Apple])"", ""Sodium citrate"", ""Acidity regulator (INS 330)"", ""Potassium chloride"", ""Sodium chloride"", ""Magnesium sulphate"", ""Calcium lactate"", ""Vitamin C (Ascorbic acid)"", ""Zinc sulphate"", ""Sodium selenate.""]","[""apple""]",[],,
Moong Dal,himalayan-natives,plant-based-foods-and-beverages,8906115983097,,"[""1 kg""]","[""Moong Dal""]","[""-""]",[],,
Sunrise,Nestlé,plant-based-foods-and-beverages,8901058904192,,"[""95g""]","[""Coffee beans (70%) & Chicory (30%)""]","[""-""]",[],,
Garlic,-,plant-based-foods-and-beverages,8904293703292,,"[""100g""]","[""Garlic""]","[""-""]",[],,
3 Roses Tea,brooke-bond,plant-based-foods-and-beverages,8901030985812,,"[""100 g""]","[""Tea""]","[""-""]",[],,
Horlicks Classic Malt,Horlicks,beverages-and-beverages-preparations,8901030976179,,"[""750g""]","[""Malt (66.7%) [Barley (32%)"", ""Wheat Flour (Atta)"", ""Wheat"", ""Millet]"", ""Milk Solids (14%)"", ""Sugar"", ""Wheat Gluten"", ""Minerals"", ""Edible Iodized Salt"", ""Soy Protein Isolate"", ""Acidity Regulators [INS 501(ii)"", ""INS 500(ii)]"", ""Vitamins.""]","[""gluten"", ""milk"", ""soybeans""]",[],,
Funfoods Classic Egg Mayonnaise,Dr. Oetker,condiments,8906002000012,,"[""245""]","[""Water"", ""Tomato Paste (26%)"", ""Sugar"", ""Refined Soyabean Oil"", ""Milk Solids"", ""Onions"", ""lodised Salt"", ""Vegetables (2.9%)"", ""Mixed Spices"", ""Cheese (1%)"", ""Acidity Regulators (NS260"", ""INS330)"", ""Herb"", ""Antioxidant (INS319).""]","[""milk"", ""soybeans""]",[],,https://images.openfoodfacts.org/images/products/890/600/200/0012/front_en.7.400.jpg
Milky bar,Nestlé,snacks,8901058861921,,"[""42 g""]","[""Milk solids (35%)"", ""Sugar"", ""Hydrogenated vegetable fats"", ""Fractionated vegetable fat"", ""Emulsifier (Soya lecithin) and Nature-Identical flavouring substance.""]","[""milk"", ""sesame seeds"", ""soybeans""]",[],,
Hot & Sour Veg Cup a Soup,Knorr,meals,8901030555442,,"[""11 g""]","[""Potato Starch"", ""Maltodextrin"", ""Dehydrated Vegetables (Onion (4.5%)"", ""Carrot Flakes (2.7%)"", ""Garlic Bits (2.2%) and Leeks (0.4%))"", ""Sugar"", ""lodised Salt"", ""Hydrolyzed Vegetable Protein"", ""Nature Identical Flavouring Substances (Soya Sauce)"", ""Thickener - 415"", ""Spices & Condiments (Chillies (1.5%))"", ""Hydrogenated Palm Oil"", ""Food Colour-Caramel IV"", ""Acidity Regulator-296"", ""Anti caking agent - 551"", ""Flavour Enhancer-627 & 631"", ""Oleoresin Chilli.""]","[""soybeans""]",[],,
Regular Peanui Butter,sundrop,plant-based-foods-and-beverages,8901512141705,,"[""924 g""]","[""Roasted Peanuts"", ""Sugar"", ""Stabilizer (Mono and Diglycerides of Fatty Acids)"", ""Peanut Oil &  Salt.""]","[""peanuts""]",[],,https://images.openfoodfacts.org/images/products/890/151/214/1705/front_en.28.400.jpg
maggi Pichkoo tomato ketchup,Nestlé,condiments,8901058895766,,"[""90g""]","[""Water"", ""Sugar"", ""Tomato paste (23.7%)"", ""lodised salt"", ""Acidity Regulator (260)"", ""Thickeners (1422 & 415)"", ""Dehydrated onion"", ""Dried garlic"", ""Preservative (211) and Mixed spices. May contains Milk & Nut""]","[""-""]",[],,
kachi ghani mustard oil,nature-fresh,plant-based-foods-and-beverages,8906006331112,,"[""455g""]","[""Edible Vegetable Oil (Mustard Oil)""]","[""-""]",[],,
Ginger Garlic paste,bambind,condiments,8901242604709,,"[""20g""]","[""Ginger"", ""Garlic"", ""Salt"", ""Citric acid (INS 330)"", ""Acetic acid (INS 260)"", ""Stabilizer (INS 415) and Preservative (INS 211) CONTAINS PERMITTED CLASS II PRESERVATIVE""]","[""-""]",[],,
refined sunflower oil,fortune,plant-based-foods-and-beverages,8906007280242,,"[""1 l""]","[""Refined Sunflower Oil. Permitted Antioxidant TBHQ (E-319)"", ""Vitamin A and Vitamin D.""]","[""-""]",[],,https://images.openfoodfacts.org/images/products/890/600/728/0242/front_en.18.400.jpg
Peanut Butter All Natural Creamy Unsweetened,pintola,plant-based-foods-and-beverages,8908010900063,,"[""1 kg""]","[""100% TURAL D""]","[""-""]",[],,
Chocolate Chunk Nuts,yoga-bar,snacks,8908005144090,,"[""1pc, 38 g per serving""]","[""Whole Grains 26% (Brown Rice"", ""Millets (Saamai. Foxtail)"", ""Rolled Oats 15X). Honey 20%"", ""Almonds 12%"", ""Dates"", ""Seeds 9X(Sunflower"", ""Chia)"", ""Rice Crispies"", ""Belgian Dark Chocolate 5% (Cocoa"", ""Brown Sugar"", ""Cocoa Butter"", ""Soya Lecithin). Peanut Protein Powder. CONTAINS ADDED NATURAL FLAVOUR (Rosemary Extract"", ""Vanilla Extract).""]","[""nuts"", ""soybeans""]",[],,
Vedica Zen,bisleri,beverages,8906017290941,,"[""500 ml""]","[""Water""]","[""-""]",[],,https://images.openfoodfacts.org/images/products/890/601/729/0941/front_en.3.400.jpg
Amul Cheese Slices,amul,dairies,2000000136641,,"[""100 g""]","[""Cheese"", ""milk solids"", ""emulsifying salts (452"", ""339"", ""341"", ""331)"", ""iodized salt"", ""class Il preservatives (200"", ""234)""]","[""milk""]",[],,
Modern 100% Whole Wheat Bread,modern,plant-based-foods-and-beverages,8904043551548,,"[""400 g""]","[""Whole Wheat Flour (Atta) (57.3%)"", ""Sugar"", ""Gluten"", ""Yeast"", ""Edible Vegetable Oil (Refined Sunflower Oil)"", ""lodized Salt"", ""Milk Solids"", ""Oat Flour"", ""Soya Flour"", ""Preservatives (282"", ""200)"", ""Malt Product"", ""Flour Treatment Agents (510"", ""1100(i))"", ""Acidity Regulators (341(1)"", ""260)"", ""Emulsifier (471) and Antioxidant (300).""]","[""gluten"", ""milk"", ""soybeans""]",[],,
Chocobakes,cadbury,snacks,7622201442828,,"[""126 g""]","[""Cake (45%*) - (Refined Wheat Flour (Maida)"", ""Sugar"", ""Humectants (420 (ii)"", ""422"", ""1520)"", ""Palmolein"", ""Liquid Glucose"", ""Milk Solids"", ""Cocoa Solids"", ""Starch"", ""Emulsifiers (322"", ""475"", ""471"", ""491)"", ""Raising Agent (500(i)"", ""450(1)"", ""341())"", ""lodised Salt"", ""Flavours (Natural Flavour"", ""Nature Identical Flavouring Substances)"", ""Preservative (202)"", ""Stabilizer (415))"", ""Chocolayer (29%*)-(Sugar"", ""Hydrogenated Vegetable Oils"", ""Lactose-Rich Deproteinized Whey Permeate Powder"", ""Cocoa Solids"", ""Emulsifiers (442"", ""476))"", ""Flavours (Nature Identical"", ""Artificial (Vanilla and Caramel) Flavouring Substances)"", ""Filling (26%*) - (Sugar"", ""Fractionated Fat"", ""Liquid Glucose"", ""Humectant (422"", ""1520)"", ""Water"", ""Emulsifiers (322"", ""475"", ""471"", ""491)"", ""Cocoa Solids"", ""Flavours (Natural flavour"", ""Nature Identical Flavouring Substances)"", ""lodised Salt"", ""Preservative (202)).""]","[""gluten"", ""milk""]",[],,https://images.openfoodfacts.org/images/products/762/220/144/2828/front_en.15.400.jpg
Peanut Butter,pintola,plant-based-foods-and-beverages,8908010900179,,"[""1 kg""]","[""Roasted Peanuts"", ""Sugar"", ""Iodised Salt"", ""Stabilizer (INS471)""]","[""peanuts""]",[],,
Chilli Vinegar,ching-s,condiments,8901595852321,,"[""170 ml""]","[""Water"", ""Chilli (6%)"", ""Acetic Acid (4%)""]","[""gluten"", ""milk"", ""mustard"", ""nuts"", ""sesame seeds"", ""soybeans""]",[],,
Super Soft Paneer,godrej,dairies,8906016411453,,"[""200 g""]","[""Milk solids & Glucono Delta Lactone (INS 575)""]","[""milk""]",[],,
Puff,priyagold,beverages,8901652140620,,"[""40g""]","[""REFINED WHEAT FLOUR (MAIDA)"", ""SUGAR"", ""EDIBLE VEGETABLE OILS (PALM)"", ""LEAVENING AGENTS AMMONIUM BICARBONATE (E 503(1)"", ""SODIUM BICARBONATE (E500 (i)]"", ""LIQUID GLUCOSE MILK SOLIDS (1.5%)"", ""IODISED SALT"", ""PERMITTED EMULSIFIERS (LECITHIN (E 322(i))"", ""DIACETYLTARTARIC AND FATTY ACID ESTERS OF GLYCEROL [E472(e)]"", ""ACIDITY REGULATOR [CITRIC ACID (E 330)]"", ""DOUGH CONDITIONER [SODIUM METABISULPHITE (E 223). CONTAINS ADDED PERMITTED SYNTHETIC FOOD COLOURS [ERYTHROSINE (E127)"", ""CARMOISINE (E122)"", ""(FD&C YELLOW-5 TARTRAZINE (E 102)"", ""PONCEAU 4R (E-124)] & ADDED ARTIFICIAL FAVOUR (STRAWBERRY) (NUMBERS IN BRACKETS AS PER INTERNATIONAL NUMBERING SYSTEM) THIS BISCUIT CONTAINS WHEAT"", ""MILK"", ""SOY &IORE Si nu""]","[""gluten"", ""milk"", ""soybeans""]",[],,https://images.openfoodfacts.org/images/products/890/165/214/0620/front_en.4.400.jpg
Room freshner,-,non-food-products,8903664054100,,"[""140g""]","[""office""]","[""-""]",[],,
Barley,goodlife,plant-based-foods-and-beverages,8902901062281,,"[""200g""]","[""Barley""]","[""gluten""]",[],,
DESI GHEE,madhusudan,fats,8906017815038,,"[""1 Litre""]","[""MILK FAT""]","[""milk""]",[],,https://images.openfoodfacts.org/images/products/890/601/781/5038/front_en.5.400.jpg
White Label Sugar,parry-s,sweeteners,8906009011301,,"[""1 kg""]","[""Sugar""]","[""-""]",[],,
Black Pepper,zoff,plant-based-foods-and-beverages,8906097402180,,"[""50g""]","[""Black Pepper""]","[""-""]",[],,
Tropicana CRANBERRY,Tropicana,plant-based-foods-and-beverages,8902080013845,,"[""1 L""]","[""WATER"", ""SUGAR"", ""&quot"", ""CONCENTRATED JUICES (CRANBERRY (1.6%)"", ""APPLE (1.5% )"", ""RED GRAPE (1.1%)"", ""POMEGRANATE)"", ""FLAVOUR (NATURAL AND NATURE IDENTICAL FLAVOURING SUBSTANCES)"", ""IODISED SALT ACIDITY REGULATOR (296)"", ""SWEETENER (960a). 31% FRUIT JUICE OF CRANBERRY"", ""APPLE"", ""RED GRAPE & POMEGRANATE IN RECONSTITUTED BEVERAGE""]","[""apple""]",[],,https://images.openfoodfacts.org/images/products/890/208/001/3845/front_en.16.400.jpg
Mini Swiss Roll,winkies,snacks,8906005618634,,"[""25g""]","[""CAKE (68%): REFINED WHEAT FLOUR (MAIDA)"", ""EGGS"", ""SUGAR"", ""WATER"", ""INVERT SYRUP"", ""LIQUID GLUCOSE"", ""DEXTROSE"", ""CAKE GEL(INS 471"", ""INS 477"", ""INS 1520"", ""INS 422)"", ""HUMECTANT (INS 422)"", ""PALMOLEIN"", ""MILK SOLIDS"", ""EMULSIFIERS (INS 477"", ""INS 471"", ""INS 322"", ""INS 304 (ii))"", ""RAISING AGENTS {INS 450 (i)"", ""INS 500 (ii))"", ""PALM OIL"", ""EDIBLE COMMON SALT"", ""FLAVOUR (ARTIFICIAL FLAVOURING SUBSTANCES - VANILLA)"", ""ACIDITY REGULATOR (INS 260)"", ""PRESERVATIVES (INS 200"", ""INS 282)"", ""STABILIZER(INS 412)"", ""CORN FLOUR. FILLING (32%): RED FRUIT PREPARATION (50%) [GLUCOSE-FRUCTOSE SYRUP"", ""SUGAR"", ""STRAWBERRY PUREE (16%)"", ""RASPBERRY PUREE (7%)"", ""RED CURRANT PUREE (7%)"", ""GELLING AGENT(INS 440(11))"", ""ACIDITY REGULATOR(INS 330)"", ""CONCENTRATED BLACK CARROT JUICE]"", ""BAKERY SHORTENING"", ""LIQUID GLUCOSE"", ""DEXTROSE"", ""SUGAR"", ""INVERT SYRUP"", ""HUMECTANT (INS 422)"", ""CAKE GEL(INS 471"", ""INS 477"", ""INS 1520"", ""INS 422)"", ""EDIBLE COMMON SALT"", ""PRESERVATIVE (INS 282"", ""INS 200)"", ""ACIDITY REGULATOR(INS 296)"", ""FLAVOUR (ARTIFICIAL FLAVOURING SUBSTANCES - VANILLA)"", ""COLOUR (INS 150c). (Numbers in brackets as per International Numbering System). CONTAINS WHEAT"", ""MILK"", ""SOY AND EGG INGREDIENTS.""]","[""eggs"", ""gluten"", ""milk"", ""soybeans""]",[],,
Pepsi,pepsi-cola,beverages-and-beverages-preparations,8902080104581,,"[""400ml""]","[""CARBONATED WATER"", ""SUGAR"", ""COLOUR (150d)"", ""ACIDITY REGULATOR (338)"", ""CAFFEINE (10 mg/100g)"", ""FLAVOUR (NATURAL FLAVOURING SUBSTANCES)"", ""STABILIZER (436). CONTAINS CAFFEINE""]","[""-""]",[],,
Lite Chiwda,babu,snacks,8908018963206,,"[""250g""]","[""Riceflakes"", ""Refined Groundnut Oil"", ""Sugar"", ""Vanaspati"", ""Gram Flour"", ""Asafoetida"", ""Dry Mango Powder"", ""Iodised Salt.""]","[""-""]",[],,
Snacks Dressing,funtrip,condiments,8906133800147,,"[""8g""]","[""Water"", ""Vegetable Pulp"", ""Sugar"", ""Tomato Paste"", ""Emulsifiers and Stabilizers (INS 1422"", ""INS415)"", ""lodized Salt"", ""Acidity Regulator (INS260)"", ""Onion Powder"", ""Garlic Powder"", ""Red Chilli Powder"", ""Spices and Condiments CONTAINS PERMITTED CLASS II PRESERVATIVE (INS211) CONTAINS ADDED FLAVOURS (NATURE-IDENTICAL FLAVOURING SUBSTANCES)""]","[""-""]",[],,https://images.openfoodfacts.org/images/products/890/613/380/0147/front_en.3.400.jpg
Ensure Diabetes Care Vanilla Delight flavour,abbott,beverages-and-beverages-preparations,8904145912315,,"[""400g""]","[""Maltodextrin"", ""calcium caseinate"", ""edible vegetable oils (high oleic sunflower oil"", ""soy oil)"", ""fructose"", ""MINERALS** fructo-oligosaccharide (FOS) (4.12%)"", ""soy polysaccharide"", ""flavorings (Artificial Flavoring Substances - Vanilla)"", ""VITAMINS***"", ""m-inositol"", ""antioxidants (soy lecithin"", ""mixed tocopherols)"", ""taurine"", ""L-carnitine"", ""sucralose.""]","[""milk"", ""soybeans""]",[],,
Revital H,revital,dietary-supplements,8901296041246,,"[""60 cspsules""]","[""VEHICLE (PEANUT OIL)"", ""MINERALS"", ""GELATIN FOOD GRADE"", ""BULKING AGENT [460(0)]. HUMECTANT (422)"", ""VITAMINS"", ""GINSENG ROOT EXTRACT"", ""EMULSIFIER (322) LUBRICANT (HYDROGENATED VEGETABLE OIL)"", ""THICKNER (BEESWAX WHITE)"", ""PRESERVATIVE (211)"", ""COLOURS (110"", ""124"", ""135) AND ANTIOXIDANT (320). RECOMMENDED USAGE LEVEL: FOR ADULT MEN"", ""ONE CAPSULE DAILY AFTER MEAL. NOT TO EXCEED THE RECOMMENDED DAILY USAGE. NOT FOR MEDICINAL USE. DECLARATION % RDA PER SERVE PER SERVE 1500 IU 45 Img 43.5 THE RECOMMENDED DALY USAGE NOT FOR 14mg 43.8 INSTRUCTIONS OF USE: 10 mg 43.5 ONE CAPSULE TO BE TAKEN WITH ONE GLASS OF DRINKING WATER/MILK/JUICE. IN CASE OF ACCIDENTAL OVERDOSE"", ""CONSULT A PHYSICIAN. SYMPTOMS OF OVERDOSE MAY INCLUDE GASTRIC UPSET"", ""HEADACHE AND INCREASED HEART RATE. 0.8 mg 25.8 TM TRADEMARK ssaí fs ic No. 10015022004549 Natural ginseng"", ""Vitamin B1"", ""B2"", ""B6"", ""B12 Vitamin C and 0.8 mcg 36.4 PRODUCT IS REQUIRED TO BE STORED OUT OF REACH OF CHILDREN.""]","[""milk"", ""peanuts""]",[],,
Amul Cheese Spread Yummy Plain,amul,dairies,0360869060011,,"[""200gm""]","[""Cheese"", ""milk solids"", ""emulsifying salts (452"", ""339"", ""331"", ""471)"", ""iodized salt"", ""preservatives (200"", ""234).""]","[""milk""]",[],,https://images.openfoodfacts.org/images/products/036/086/906/0011/front_en.3.400.jpg
VILLAGE FARMER - EGGS - 6 PIECES,village-farmer,farming-products,8915907675003,,"[""VILLAGE FARMER - EGGS - 6 PIECES""]","[""Eggs""]","[""eggs""]",[],,
Low Fat Paneer,desi-farms,dairies,8906084521597,,"[""200g""]","[""Milk & Milk Solids"", ""Citric Acid""]","[""milk""]",[],,
VILLAGE FARMER - EGGS - 12 PIECES,village-farmer,farming-products,8915907675010,,"[""12 PIECES""]","[""Eggs""]","[""eggs""]",[],,https://images.openfoodfacts.org/images/products/891/590/767/5010/front_en.3.400.jpg
VILLAGE FARMER - EGGS - 30 PIECES,village-farmer,farming-products,8915907675027,,"[""30 PIECES""]","[""Eggs""]","[""eggs""]",[],,
Wood Cold Pressed Groundnut Oil,gramiyaa,oils,8906012556244,,"[""100ml""]","[""Groundnut Oil""]","[""-""]",[],,
DoodhShakti,nutralite,dairies,8901548310403,,"[""500gms""]","[""Butter (82.5%)"", ""Water"", ""Common Salt"", ""Emulsifiers (INS 471"", ""INS 322)"", ""Preservatives (INS 202"", ""INS 200)"", ""Acidity Regulator (INS 330)"", ""Nature Identical (Butter) Flavouring Substances"", ""Probiotics (L. rhamnosus UALr-06"", ""L. reuteri UALre-16)"", ""Starch"", ""Vitamins"", ""Sequestering Agent (INS 385)"", ""Antioxidant (INS 319)"", ""Natural Colour (INS 160a (ii)). ALLERGENS: CONTAINS MILK AND SOY. Contains probiotics* 10 CFU/g""]","[""milk"", ""soybeans""]",[],,
Vijaya Ghee,vijaya-telangana,fats,8907848000280,,"[""1000ml""]","[""Milk Fat""]","[""milk""]",[],,https://images.openfoodfacts.org/images/products/890/784/800/0280/front_en.3.400.jpg
Kailas Bhel Dry Bhel,kailas-bhel,snacks,8908008109003,,"[""200g""]","[""Puffed Rice"", ""Gram flour"", ""Palmolein Oil"", ""Flattened Rice"", ""Red lentils"", ""Spices"", ""Salt"", ""Curry leaves.""]","[""-""]",[],,
The Good Vibe Green Apple Orange,the-good-vibe,beverages-and-beverages-preparations,8908024552029,,"[""250g""]","[""Carbonated Water"", ""Sugar"", ""Acidity Regulators (E330"", ""E296"", ""E300)"", ""Permitted Class II Preservative (E 211"", ""202)"", ""Cloudifier"", ""Permitted Food Grade Colour (E142)"", ""Added Flavours (Natural"", ""Nature Identical Flavouring substances)""]","[""-""]",[],,
Wheels Chatpata Masala Flavour,yellow-diamond,chips-and-fries,8906004561900,,"[""20g""]","[""Refined Wheat Flour {Maida (53.5%)}"", ""Edible Vegetable Oil (Palmolein Oil)"", ""Starch (7.8%)"", ""Suga lodised Salt"", ""Dehydrated Vegetable Powder (Onion Powder Garlic Powder"", ""Tamarind Powder)"", ""*Spice & Condiments {Dry Mango Powder"", ""Cumin Powder"", ""Ginger Powder (0.35%)"", ""Chilli Powder (0.3%)"", ""Black Pepper Powder (0.05%)}"", ""Acidity Regulator (INS 330"", ""INS 296"", ""INS 334) Colour (INS 160c)"", ""Flavour (Natural & Nature Identical Flavouring Substances) & Anti Caking Agent (INS 551) *Used as natural flavouring agent. Contains: Wheat May Contains Soy"", ""Nut & Milk.""]","[""gluten""]",[],,https://images.openfoodfacts.org/images/products/890/600/456/1900/front_en.3.400.jpg
Supreme Refined Oil,supreme,oils,8906022212037,,"[""1l""]","[""Refined Cottonseed Oil"", ""Permitted Antioxidant TBHQ (E-319).""]","[""-""]",[],,
Dark chocolate peanut butter creamy,pintola,plant-based-foods-and-beverages,8908010900209,,"[""350 g""]","[""Peanuts (68%)"", ""Dark Chocolate (30%) (Sugar Cocoa Solids"", ""Cocoa butter"", ""Emulsifier (INS 322)}"", ""Stabilizer (INS471)""]","[""peanuts""]",[],,
Mapro Mazaana Milk Chocolate,mapro,snacks,8901044059325,,"[""50g""]","[""Milk Chocolate (Sugar"", ""Cocoa liquor"", ""Milk Solids"", ""Emulsifiers (INS 322 (i)"", ""INS-476). Contains natural and nature identical flavouring substances (vanilla))""]","[""milk"", ""nuts"", ""soybeans""]",[],,
SIP Blue Berry Flavour,sip,beverages-and-beverages-preparations,8906121410082,,"[""700ml""]","[""Sugar"", ""Water"", ""Acidity Regulator (E-330) Permitted Synthetic Food Colours (E-133)"", ""Added permitted flavours (BLUE BERRY) (Natural"", ""Nature Identical"", ""Artificial Flavouring Substances)"", ""Thickner (E-440)""]","[""-""]",[],,https://images.openfoodfacts.org/images/products/890/612/141/0082/front_en.5.400.jpg
Punjabi Khichdi,fortune,plant-based-foods-and-beverages,8906008811766,,"[""60g""]","[""Rice (54%)"", ""Moong Dal (27%)"", ""Bajra (4%)"", ""Jowar (4%)"", ""lodized Salt"", ""Spices and Condiments (3%)"", ""Edible Vegetable Oil (Rice Bran Oil)"", ""Sugar"", ""Ragi (1%)"", ""Sesame Seeds (0.45%)"", ""Flax Seeds (0.45%)"", ""Milk Solids"", ""and Edible Vegetable Fat (Palm)""]","[""milk"", ""sesame seeds""]",[],,
Delista macaroni,haldiram-s,plant-based-foods-and-beverages,8904063208101,,"[""200g""]","[""Semolina""]","[""gluten""]",[],,
Nextar Soft Brownies,nabati,snacks,8993175549387,,"[""36 g""]","[""Cookies (77.8%) (Refined Wheat Flour (Maida)"", ""Glucose Syrup"", ""Edible Vegetable Fat ((Hydrogenated Palm Olein) (contains Antioxidant (INS 319)))"", ""Sugar"", ""Cocoa Powder (4.50% )"", ""Edible Vegetable Oil ((Palm Olein) (contains Antioxidant (INS 319)))"", ""Humectant (INS 422)"", ""Palm Sugar"", ""Emulsifier (INS 322(i))"", ""Leavening Agent (INS 500(ii))"", ""Edible Common Salt"", ""Artificial Vanilla Flavour"", ""Preservative (INS 202)"", ""Antioxidant (INS 307a)"", ""Acidity Regulator (INS 330)). Cocoa Cream Filling (22.2%) (Sugar"", ""Edible Vegetable Fat ((Hydrogenated Palm Olein) (contains Antioxidant (INS 319)))"", ""Cocoa Powder (1.89%)"", ""Maltodextrin"", ""Emulsifier (INS 322(i))"", ""Edible Common Salt).""]","[""gluten"", ""soybeans""]",[],,https://images.openfoodfacts.org/images/products/899/317/554/9387/front_en.3.400.jpg
PHALHARI CHIWDA,haldiram,snacks,8904004402261,,"[""45g""]","[""Potato"", ""(Peanuts)"", ""Refined Palmolein Oil"", ""Refined Sugar"", ""Rock Salt"", ""Red Chilli"", ""Black Pepper"", ""Poppy Seed"", ""Dried Ginger Powder"", ""Clove Powder"", ""Cumin"", ""Nutmeg"", ""Cardamom & Cinnamon. Groundnut""]","[""peanuts""]",[],,
Potato Lite,haldiram-snacks-pvt-ltd,plant-based-foods-and-beverages,8904004409253,,"[""15g""]","[""Potato Starch"", ""Potato Flakes"", ""Refined Palmolein Oil"", ""lodised Salt"", ""Maltodextrin"", ""Black Pepper & Black Salt &quot"", ""I""]","[""-""]",[],,
Chokissimo Choco Brownie,Cornetto,desserts,8901030837616,,"[""72 g, 110 ml""]","[""FROZEN DESSERT INGREDIENTS: WATER"", ""COMPOUND COATING (20.6%) (SUGAR"", ""SOYABEAN OIL"", ""PALM OIL"", ""COCOA SOLIDS"", ""COCONUT OIL"", ""COCOA BUTTER"", ""EMULSIFIER - E322"", ""ARTIFICIAL VANILLIN FLAVOURING SUBSTANCE)"", ""WAFER BISCUIT CONE(16.1%) (REFINED WHEAT FLOUR (MAIDA)"", ""SUGAR"", ""COCOA POWDER"", ""PALM OIL"", ""EMULSIFIER - E322"", ""IODISED SALT"", ""FOOD COLOUR E150d)"", ""SUGAR"", ""CHOCOLATE FLAVOURED CONFECTIONERY (5.4%) (WATER"", ""SUGAR"", ""CONDENSED MILK"", ""COCOA SOLIDS"", ""PALM OIL"", ""LIQUID GLUCOSE"", ""MILK SOLIDS"", ""MALTODEXTRIN"", ""EMULSIFIER-E471"", ""STABILISERS (E412"", ""E410)"", ""ARTIFICIAL (VANILLIN) FLAVOURING SUBSTANCE)"", ""DRIED BROWNIE PIECES (5.4%) (REFINED WHEAT FLOUR (MAIDA)"", ""SUGAR"", ""PALM OIL"", ""LIQUID GLUCOSE"", ""COCOA SOLIDS"", ""MILK SOLIDS"", ""MODIFIED STARCH-E1442"", ""LEAVENING AGENT E500(ii)"", ""EMULSIFIER-E322"", ""ARTIFICIAL (VANILLA & CHOCOLATE) FLAVOURING SUBSTANCES)"", ""EDIBLE PALM OIL"", ""MILK SOLIDS"", ""LIQUID GLUCOSE"", ""COCOA SOLIDS"", ""SALTED ALMOND PRALINE (1.4%)(ALMOND"", ""SUGAR"", ""IODISED SALT"", ""FOOD COLOUR-NATURAL (E150d))"", ""EMULSIFIER-E471"", ""VEGETABLE PROTEIN (SOY)"", ""STABILISERS (E412"", ""E417"", ""E407"", ""E410)"", ""NATURE IDENTICAL FLAVOURING SUBSTANCE"", ""FOOD COLOURS-NATURAL (E150d)"", ""E122"", ""E133"", ""E102""]","[""gluten"", ""milk"", ""nuts"", ""soybeans""]",[],,https://images.openfoodfacts.org/images/products/890/103/083/7616/front_en.3.400.jpg
Heritage A-One Spiced Buttermilk,heritage,dairies,8904089993807,,"[""180 ml""]","[""Pasteurised Water"", ""Milk Solids (Curd)"", ""Edible Common Salt"", ""Black Salt"", ""Spices and condiments.""]","[""milk""]",[],,
Akshayakalpa Spiced Buttermilk,akshayakalpa,dairies,8908003249827,,"[""200ml""]","[""Water"", ""Organic Cow Milk"", ""Organic Spices (Green Chilli"", ""Ginger"", ""Coriander)"", ""Himalayan Pink Salt"", ""Starter Culture.""]","[""milk""]",[],,
Chataka Pataka,balaji,snacks,8906010500511,,"[""48g""]","[""RICE MEAL (43%)"", ""EDIBLE VEGETABLE OIL (CONTAINS ONE OR MORE OF THE FOLLOWINGS: PALMOLEIN"", ""RICE BRAN"", ""CORN"", ""COTTONSEED)"", ""CORN MEAL (13%)"", ""CHICKPEA FLOUR"", ""**SEASONING [EDIBLE COMMON SALT"", ""SPICES & CONDIMENTS 2% (CUMIN"", ""CHILLI"", ""BLACK PEPPER"", ""DRY MANGO)"", ""DEHYDRATED VEGETABLE POWDER (ONION"", ""GARLIC)"", ""SUGAR"", ""ACIDITY REGULATOR (INS 330)"", ""ANTICAKING AGENT (INS 551)"", ""FLAVOUR ENHANCER (INS 627"", ""INS 631)"", ""FLAVOUR (NATURAL & NATURE IDENTICAL FLAVOURING SUBSTANCES)"", ""PAPRIKA EXTRACT (INS 160C)]. **AS FLAVOURING & SEASONING AGENT NAMKEEN READY-TO-EAT SAVOURIES | PROPRIETARY FOOD | INDIAN SNACKS & SAVOURIES PRODUCT OF INDIA""]","[""-""]",[],,
"3 in 1 Oat Cereal Drink, Original flavour",quaker,plant-based-foods-and-beverages,9556174815458,,"[""420 g""]","[""Wholegrain Oat (35.57%)"", ""Sugar"", ""Creamer (Glucose Syrup"", ""Fully Hydrogenated Palm Fat"", ""Stabilisers"", ""Milk Protein"", ""Emulsifiers"", ""Silicon Dioxide"", ""Tocopherol"", ""Cereal Flakes (Wheat Flour"", ""Corn Starch"", ""Soybean Protein Flour"", ""Corn Flour"", ""Rice"", ""Malt Extract"", ""Stabiliser)"", ""Calcium Carbonate"", ""Flavourings"", ""Salt"", ""Vitamins (Vitamin 13"", ""Thiamine Mononitrate"", ""Riboflavin"", ""Niacinamide"", ""Pyridoxine HCL"", ""Folic Acid"", ""Vitamin B12"", ""Maltodextrin). Contains: Oats"", ""Wheat"", ""Barley"", ""Soy and Milk.""]","[""gluten"", ""milk"", ""soybeans""]",[],,https://images.openfoodfacts.org/images/products/955/617/481/5458/front_en.3.400.jpg
Bingo Hot and spicy,bingo,plant-based-foods-and-beverages,8901725018689,,"[""90g""]","[""POTATO (59.4%)"", ""REFINED PALMOLEIN"", ""SEASONING (SUGAR"", ""IODIZED SALT"", ""'SPICES AND CONDIMENTS"", ""NATURE IDENTICAL FLAVOURING SUBSTANCES"", ""ACIDITY REGULATORS (INS 330"", ""260"", ""334"", ""296)"", ""GARLIC"", ""DEHYDRATED ONION"", ""NATURAL FLAVOURS AND NATURAL FLAVOURING SUBSTANCES"", ""FLAVOUR ENHANCER (INS 635)"", ""REFINED SUNFLOWER OIL)"", ""IODIZED SALT. USED AS FLAVOURING SUBSTANCES. CONTAINS BARLEY. MAY CONTAIN MILK"", ""WHEAT"", ""SOY.""]","[""gluten""]",[],,
Tata Tea Chakra Gold,tata-tea,beverages-and-beverages-preparations,8901052005604,,"[""250g""]","[""Tea (96.8%)"", ""Natural Flavours and Natural Flavouring Substances [Ginger"", ""Cardamom"", ""Tulsi"", ""Brahmi"", ""Licorice (Adhimadhuram)]""]","[""-""]",[],,
Omay Navratan Mix,omay,snacks,8908010511122,,"[""100 g""]","[""Moong"", ""Chickpea"", ""Millets"", ""Red Lentil"", ""Watermelon seeds"", ""Green peas"", ""Wheat"", ""White rice flakes"", ""Spices Mix (Asafoetida"", ""Black Pepper"", ""Cumin"", ""Clove"", ""Amla"", ""Aniseed"", ""Dry Ginger"", ""Salt (rock"", ""black"", ""iodised)"", ""Cinnamon"", ""Black Cardamom"", ""Laungi Mirch"", ""Amchur"", ""Kathodi"", ""Nutmeg"", ""Mace) & a pinch of groundnut oil""]","[""gluten""]",[],,https://images.openfoodfacts.org/images/products/890/801/051/1122/front_en.3.400.jpg
Honey,dabur,breakfasts,8901207026553,,"[""225g""]","[""Honey""]","[""-""]",[],,
Mullu Murukku,relish,snacks,8906005340269,,"[""64g""]","[""Rice Flour (60%)"", ""Black Gram Flour (15%). Butter (10%)"", ""Cummin Seeds"", ""Seasame Seeds"", ""Asafoetida"", ""Salt & Refined Vegetable Oilحبو أسافر يبدأ الخضر""]","[""milk""]",[],,
Smoodh,smoodh,beverages-and-beverages-preparations,4902179003676,,"[""150ml""]","[""Sugar"", ""milk"", ""chocolate"", ""wheat"", ""millet"", ""Barley"", ""iooised salt""]","[""gluten"", ""milk""]",[],,https://images.openfoodfacts.org/images/products/490/217/900/3676/front_en.3.400.jpg
Britannia Nice,britannia-industries-ltd,snacks,8901063028210,,"[""59.4g""]","[""REFINED WHEAT FLOUR (MAIDA)"", ""SUGAR (286)"", ""REFINED PALM OIL"", ""COCONUT PRODUCTS (4.5%) (DESICCATED COCONUT COCONUT MILK POWDER)"", ""MILK SOLIDS"", ""INVERT SUGAR SYRUP"", ""EDIBLE MAZE STARCH"", ""RAISING AGENTS [503(ii)"", ""500(ii) & 450(i)]"", ""EMULSIFIERS (322(i)"", ""471 &472e)"", ""IODISED SALT AND ARTIFICIAL (COCONUT & VANILLA) FLAVOURING SUBSTANCES""]","[""gluten"", ""milk""]",[],,
Paneer,milky-moo,dairies,8908002036213,,"[""200g""]","[""Milk Solids & Acidulant (INS 575)""]","[""milk""]",[],,
Moms magic Cashew & Almonds,sunfeast,snacks,8901725119423,,"[""197 gm""]","[""REFINED WHEAT FLOUR (MAIDA)"", ""SUGAR"", ""REFINED PALM OIL"", ""INVERT SYRUP"", ""CASHEW NUT AGENTS INS ALMOND BUTTER (0.3%)"", ""EMULSIFIERS [INS 471"", ""INS 322(1)"", ""INS 472e) AND FLOUR TREATMENT AGENT (INS 223). CONTAINS PERMITTED SYNTHETIC FOOD COLOUR(S) (INS 102) AND ADDED FLAVOUR(S) (NATURE IDENTICAL FLAVOURING SUBSTANCES AND ARTIFICIAL FLAVOURING SUBSTANCES BUTTER"", ""VANILLA) CONTAINS _WHEAT_"", ""_MILK SOLIDS_"", ""_SOYA_"", ""_NUTS_AND _SULPHITES_.""]","[""gluten"", ""nuts"", ""soybeans"", ""sulphur dioxide and sulphites"", ""milk""]",[],,
50-50,britannia,snacks,8901063016873,,"[""62.8 g""]","[""REFINED WHEAT FLOUR MAIDA)"", ""REFINED (PALMOLEIN & PALM) OIL"", ""SUGAR (18%)"", ""RAISING AGENTS [503(ii)"", ""500(ii) & 341 (i)]"", ""IODISED SALT (0.8%)"", ""INVERT SUGAR SYRUP"", ""YEAST"", ""ACIDITY REGULATORS (270 & 330)"", ""EMULSIFIER (472e)"", ""NATURE IDENTICAL AND ARTIFICIAL (VANILLA) FLAVOURING SUBSTANCES AND DOUGH CONDITIONER (223). (Numbers in brackets as per International Numbering System)""]","[""-""]",[],,https://images.openfoodfacts.org/images/products/890/106/301/6873/front_en.10.400.jpg
Britannia 5050 Potazos 71.5g,britannia,snacks,8901063017559,,"[""29.0g""]","[""REFINED WHEAT FLOUR (MAIDA)"", ""REFINED (PALMOLEIN & PALM) OIL"", ""SUGAR"", ""DEHYDRATED POTATO FLAKES (11.3%)"", ""IODISED SALT"", ""SPICES & CONDIMENTS 1.7% (_ONION_"", ""GARLIC"", ""RIO CHILLI"", ""CORIANDER AND CUMIN)"", ""RAISING AGENTS 503(a) 8 500(0)"", ""LIQUID GLUCOSE"", ""MILK SOLIDS"", ""INVERT SUGAR SYRUP"", ""RICE FLOUR"", ""VITAL GLUTEN"", ""EMULSIFIERS 322(i) & 471)"", ""MAITODEXTRIN"", ""DRY MANGO POWDER"", ""ACIDITY REGULATORS (330 & 334)"", ""FLAVOUR ENHANCERS (627 & 631)"", ""WOKING AGENT (551)"", ""DOUGH CONDITIONER (223)"", ""IMPROVER 1101(1)) AND STABILIZER (1450). CONTAINS PERMITTED SYNTHETIC FOOD COLOUR (110) AND ADDED FLAVOURS NATURAL AND NATURE IDENTICAL FLAVOURING SUBSTANCES). (Numbers in brackets as per International Numbering System) CONTAINS WHEAT GLUTEN"", ""MILK SOYA AND SULPHITE""]","[""gluten"", ""milk"", ""soybeans"", ""sulphur dioxide and sulphites"", ""onion""]",[],,
Wafer Style Sundried Chilli Flavour,Lay's,plant-based-foods-and-beverages,8901491983259,,"[""26.5 g""]","[""Potato"", ""Edible Vegetable Oil (Palmolein"", ""Rice Bran Oil)"", ""*Seasoning (&quot"", ""Spices & Condiments"", ""lodised Salt"", ""Maltodextrin"", ""Sugar"", ""Acidity Regulator (330)"", ""Salt Substitute (Potassium Chloride)"", ""Flavour (Natural and Nature Identical Flavouring Substances)"", ""Anticaking Agent (551)"", ""Edible Vegetable Oil (Corn Oil)). *As flavouring agent. ~Contains Onion and Garlic""]","[""-""]",[],,
Potato chips,good-to-great,plant-based-foods-and-beverages,8906137330008,,"[""11.5g""]","[""Potato (65%)"", ""Refined palmolein Oil (34%)"", ""lodised Salt (1%) Processed in a facility that handles Peanut"", ""Treenut"", ""Soya"", ""Gluten and Milk READY TO EAT SAVORIES (18.2) NET QTY.: DATE OF MFG: DATE OF EXP: BATCH NO.: Unit Sale Price: 11.5g 16:32 23/03/2025 20/07/2025 GK2303D 05 Rs. 0.4g MRP (Inclusive of all taxes): 5 Keep away from direct sunlight and heat. Do not buy the pack if found tampered. Manufacturer's Details"", ""see cool and hygienic place. wo characters of batch numb Pkg. Material Mfd R first""]","[""gluten"", ""nuts"", ""soybeans""]",[],,https://images.openfoodfacts.org/images/products/890/613/733/0008/front_en.3.400.jpg
Arun Ice Cream Shake,arun,beverages-and-beverages-preparations,8904057305106,,"[""70g""]","[""Milk Solids"", ""Sugar"", ""Water"", ""Liquid Glucose"", ""Fructose"", ""lodised Salt"", ""Humectant (422)"", ""Emulsifier (471)"", ""Stabilizers (410"", ""412 & 407)"", ""Color (133)"", ""Natural & Nature-Identical Flavoring Substances. Alls""]","[""milk""]",[],,
Real Masala Mixed Fruit Juice,real,beverages-and-beverages-preparations,8901888005748,,"[""1L""]","[""Water"", ""Sugar"", ""Concentrated Mixed Fruit Juice (4%) [From Orange"", ""Apple"", ""Guava"", ""Apricot"", ""Mango"", ""Banana"", ""Passion Fruit"", ""Lime"", ""Lemon"", ""Mango Pulp (3.3%)"", ""Acidity Regulator (INS 330)"", ""lodized Salt"", ""Black Salt"", ""Stabilizers (INS 440"", ""INS 466"", ""INS 418)"", ""Antioxidant (INS 300)"", ""Spices And Condiments (0.1%) [Chilli Powder"", ""Cumin"", ""Coriander"", ""Black Pepper and Turmeric]"", ""Colours [INS 160 a (ii) & (iii)] and Flavours (Natural & Nature Identical Flavouring Substances).\n\nTHIS CONTAINS 23.3% MIXED FRUIT JUICE CONTENT.""]","[""apple"", ""banana""]",[],,
rajma sharmili,simply-smart,plant-based-foods-and-beverages,8904132965836,,"[""500g""]","[""Rajma""]","[""-""]",[],,
Choco Nut Cookies,unibic,snacks,8906188960018,,"[""75 g""]","[""Refined Wheat Flour(Maida)"", ""Sugar"", ""Edible Vegetable Oil(Palm)"", ""Choco Chips(5%) [Sugar"", ""Edible Vegetable Fat"", ""Cocoa Solids"", ""Dextrose"", ""Emulsifiers (INS 322 from Soy"", ""INS 476)"", ""Nature Identical & Artificial Flavouring Substances (Vanilla"", ""Chocolate)]"", ""Cashew Bits (4%)"", ""Cocoa Powder"", ""Milk Solids"", ""Leavening Agents (INS 503 ii"", ""INS 500 i)"", ""Emulsifier INS 322 from Soy)"", ""lodised Salt"", ""Artificial Flavouring Substance (Vanillin). \nAllergen Advice: Contains Wheat"", ""Milk"", ""Soy & Nut.""]","[""gluten"", ""milk""]",[],,https://images.openfoodfacts.org/images/products/890/618/896/0018/front_en.7.400.jpg
Cornflakes Almond Honey (Kellogg's),Kellogg's,plant-based-foods-and-beverages,8901499009289,,"[""1 kg""]","[""Corn Grits (61.7%)"", ""Sugar"", ""Sliced Almonds (9.0%)"", ""Cereal Extract"", ""Dextrose"", ""Honey (1.6%)"", ""Iodized Salt"", ""Vitamins"", ""Minerals"", ""Colour (INS 150d) & Antioxidants (INS 320). CONTAINS PERMITTED NATURAL COLOUR & ADDED FLAVOUR (NATURE-IDENTICAL FLAVOURING SUBSTANCES)""]","[""gluten"", ""nuts""]",[],,
Heritage Milk Shake,heritage,beverages-and-beverages-preparations,8904089974844,,"[""180ml""]","[""Toned Milk"", ""Sugar"", ""Cocoa Powder"", ""Emulsifier and Stabilizers (INS 471"", ""INS 412"", ""INS 407)"", ""Acidity Regulator (INS339) CONTAINS ADDED FOOD COLOUR INS1500) AND ADDED NATURAL FLAVOURING SUBSTANCES. Allergen Information: Contains milk.""]","[""milk""]",[],,
Sprite,coca-cola-company,beverages-and-beverages-preparations,3948764032707,,"[""740ml""]","[""CARBONATED WATER"", ""SUGAR"", ""ACIDITY REGULATORS (330"", ""331)"", ""PRESERVATIVE SWEETENER (960)"", ""FLAVOURS (NATURAL FLAVOURING SUBSTANCES).""]","[""-""]",[],,https://images.openfoodfacts.org/images/products/394/876/403/2707/front_en.11.400.jpg
Black Raisins,green-leaf,plant-based-foods-and-beverages,8906124460787,,"[""250g""]","[""Black Raisins""]","[""-""]",[],,
Flipkart Grocery Raw Peanuts,flipkart-grocery,plant-based-foods-and-beverages,8904293723368,,"[""1 kg""]","[""Peanuts""]","[""peanuts""]",[],,
Ginger,-,plant-based-foods-and-beverages,8904293704381,,"[""250g""]","[""Ginger""]","[""-""]",[],,
instant gulab jamun mix,bambino,instant-gulab-jamun-mix,8901242513919,,"[""500g""]","[""Refined wheat flour (Maida)"", ""Milk solids"", ""Interesterified vegetable fat (Palm oil"", ""Sesame oil) (Trans fat free). Levening agent (INS 500(ii)) and Acidity regulator (INS 296)""]","[""gluten"", ""milk"", ""sesame seeds""]",[],,https://images.openfoodfacts.org/images/products/890/124/251/3919/front_en.3.400.jpg
Daily Good Idly And Dosa Batter,daily-good,plant-based-foods-and-beverages,8909177022858,,"[""2kg""]","[""Purified Water"", ""Rice"", ""Urad Dal"", ""Methi and Iodised Salt""]","[""-""]",[],,
Flipkart Grocery Kasuri Methi,flipkart-grocery,condiments,8904293709751,,"[""100g""]","[""Kasuri Methi""]","[""-""]",[],,
BeeYogi Honey,beeyogi,breakfasts,8906091723199,,"[""50 g""]","[""Honey""]","[""-""]",[],,
Super Strength Plant Protein Shake - Raw Chocolate Flavour,plix,dietary-supplements,8908013950232,,"[""1 kg""]","[""Plant Protein Blend 84.5% (Pea protein isolate & Rice protein isolate)"", ""Cocoa powder (Alkalized) 8.35%"", ""Natural & Nature identical flavoring substances"", ""Grape seed extract (Vitis vinifera) 0.9%"", ""Rock salt"", ""Xanthan gum (INS 415)"", ""Vitamin Premix (Refer to nutrition facts)"", ""Sucralose (INS955)"", ""Papain (INS 1101(ii)) 0.15%"", ""Bromelain (INS 1101(iii)) 0.15%"", ""Lycopene 0.090%. CONTAINS ADDED NATURAL & NATURE IDENTICAL FLAVOURING SUBSTANCES - CHOCOLATE & OTHERS.""]","[""-""]",[],,
swaadesi ghee besan laddoo,swaadesi,snacks,8906009073163,,"[""180g""]","[""Gram Flour (33%)"", ""Sugar"", ""Desi Ghee (25%)"", ""Edible Gum & Cardamom.""]","[""-""]",[],,
Tata Sampann Besan 500g,tata-sampann,plant-based-foods-and-beverages,8904043926728,,"[""500g""]","[""Besan""]","[""-""]",[],,https://images.openfoodfacts.org/images/products/890/404/392/6728/front_en.3.400.jpg
Flipkart Grocery Coriander,flipkart-grocery,beverages-and-beverages-preparations,8904293709874,,"[""200 g""]","[""Coriander""]","[""-""]",[],,
Sago,good-life,sago,8902901226690,,"[""200g""]","[""Sago""]","[""-""]",[],,
International Mexican Tomato Corn Soup,Knorr,meals,8901030900303,,"[""50 g""]","[""Sugar"", ""Maize Starch"", ""*Dehydrated Vegetables (Corn (5.7%)"", ""Onion"", ""Cabbage"", ""Leeks (0.6%))"", ""Refined Wheat Flour (Maida)"", ""lodised salt"", ""Tomato Paste Solids (6%)"", ""Hydrolyzed Vegetable Protein"", ""Flavours - Natural (Garlic) and Nature Identical (Herbs) Flavouring Substances"", ""Hydrogenated Palm Oil"", ""Thickener - 415"", ""Acidity Regulator - 330"", ""Spices & Condiments (Chillies (0.6%))"", ""Flavour Enhancer - 627 & 631"", ""Red Beet Juice Powder (Anti caking agent - 551)"", ""Oleoresin Chilli.""]","[""gluten""]",[],,
Nescafe Classic Instant coffee,nescafe,beverages-and-beverages-preparations,89009949,,"[""45g""]","[""Coffee beans""]","[""-""]",[],,https://images.openfoodfacts.org/images/products/000/008/900/9949/front_en.4.400.jpg
Premia nuts and seeds mix,dmart,plant-based-foods-and-beverages,8903363011435,,"[""100g""]","[""ROASTED PUMPKIN SEEDS (25%)"", ""ROASTED SUNFLOWER SEEDS ( (25%)"", ""ROASTED ALMONDS (15%)"", ""SEEDLESS BLACK RAISINS (15%)"", ""SWEETENED DRIED CRANBERRIES (12%) [CRANBERRIES (60%)"", ""SUGAR (38%)"", ""EDIBLE VEGETABLE OIL (SUNFLOWER OIL)]"", ""PISTACHIO KERNELS (5%)"", ""SWEETENED DRIED BLUEBERRIES (3%) [BLUEBERRIES (60%)"", ""SUGAR (38%)"", ""EDIBLE VEGETABLE OIL (SUNFLOWER OIL)].""]","[""nuts""]",[],,
Yoga Bar Protein Bar,yoga-bar,snacks,8904335602385,,"[""50g""]","[""Dates 50%"", ""Protein Blend 21% ( Soy + WPC)"", ""Cashew Butter 14%"", ""Dried Fruit 9% (Raisins"", ""Blueberry)"", ""Nuts & Seeds 6% (Almond"", ""Sunflower Seeds)""]","[""nuts""]",[],,
Cornflakes Mixture,haldiram-s,namkeen,8904004401981,,"[""200g""]","[""Corn Flakes (32%)"", ""Refined Palmolein Oil"", ""Potato"", ""I Cashew Nuts"", ""Raisin"", ""Refined Sugar"", ""Bengal Gram Flour( Besan)"", ""Groundnut (Peanuts)"", ""Spinach"", ""lodised Salt"", ""Fennel"", ""Dried Mango Powder"", ""Curry Leaves"", ""Red Chilli Powder"", ""Black Salt"", ""Sesame Seed"", ""Black Pepper"", ""Pipal"", ""Dried Ginger Powder"", ""Colour (INS 141"", ""INS 160c(i))"", ""Cumin"", ""Bay Leaves"", ""Clove"", ""Nutmeg"", ""Cinnamon & Asafoetida""]","[""gluten"", ""milk"", ""nuts"", ""peanuts"", ""sesame seeds"", ""soybeans"", ""sulphur dioxide and sulphites"", ""mustard""]",[],,https://images.openfoodfacts.org/images/products/890/400/440/1981/front_en.21.400.jpg
Flipkart Grocery Corn Flour,flipkart-grocery,plant-based-foods-and-beverages,8904293728608,,"[""200 g""]","[""Corn Flour""]","[""-""]",[],,
Charged berry bolt,thums-up,beverages,8901764048319,,"[""250 ml""]","[""CARBONATED WATER"", ""SUGAR"", ""ACIDITY REGULATORS (330"", ""331()"", ""CAFFEINE"", ""COLOUR (129) AND FLAVOURS (NATURE IDENTICAL FLAVOURING SUBSTANCES)""]","[""-""]",[],,
Sudha milk,sudha,dairies,8906049971894,,"[""200ml""]","[""Milk""]","[""milk""]",[],,https://images.openfoodfacts.org/images/products/890/604/997/1894/front_en.4.400.jpg
Veg Hakka Noodles,Ching's Secret,plant-based-foods-and-beverages,8901595851218,,"[""140 g""]","[""Refined Wheat Flour (Maida) (96%)"", ""Wheat Gluten"", ""lodised Salt"", ""Raising Agents (INS 500 (ii)"", ""INS 500(i))"", ""Thickening & Stabilizing Agents (INS 452 (i)"", ""INS 451 (i)"", ""INS 471"", ""INS 339 (ii)"", ""INS 412)"", ""Acidity Regulators (INS 450 (iii)"", ""INS 501 (i)). Allergen Advice: Contains Wheat. May contain Soy"", ""Mustard"", ""Milk and Celery""]","[""gluten""]",[],,
Vegan Pistachio Millet Biscuit,karachi-bakery,snacks,8906074826640,,"[""300 g""]","[""Millet Flour (Sorghum Millet"", ""Finger Millet"", ""Pearl Millet"", ""Foxtail Millet"", ""Little Millet"", ""Barnyard Millet"", ""Proso Millet)"", ""Refined Wheat Flour (Maida)"", ""Edible Vegetable Fat (Derived from Palm"", ""Soy"", ""Rice)"", ""Sugar"", ""Pistachio Bits and Powder"", ""Cashew Bits"", ""Almond Powder. CONTAINS NATURAL PISTACHIO PASTE AND FLAVOUR.""]","[""gluten"", ""nuts"", ""soybeans""]",[],,
Yoga Bar Instant Oats+,yoga-bar,plant-based-foods-and-beverages,8904335602606,,"[""900g""]","[""100% Instant Oats""]","[""-""]",[],,https://images.openfoodfacts.org/images/products/890/433/560/2606/front_en.9.400.jpg
MilkyMist Cow Ghee,milky-mist,fats,8904083301158,,"[""2L""]","[""Milk Fat""]","[""milk""]",[],,
Aachi Sambhar Powder,aachi,condiments,8906021122627,,"[""100g""]","[""Spice Content - 70% (Coriander"", ""Red Chilli Powder"", ""Black Pepper"", ""Cumin"", ""Turmeric Powder"", ""Mustard"", ""Fenugreek"", ""Compounded Asafoetida"", ""Dry Ginger"", ""Curry Leaves)"", ""Toor Dhal"", ""Gram Dhal"", ""Rice and Salt - 5.5%.""]","[""mustard""]",[],,
Wafer Style Tangy Treat Flavour,Lay's,plant-based-foods-and-beverages,8901491001755,,"[""26.5 g""]","[""Potato"", ""Edible Vegetable Oil (Palmolein"", ""Rice Bran Oil)"", ""*Seasoning (Sugar"", ""lodised Salt"", ""Spices & Condiments"", ""Acidity Regulators (330"", ""334)"", ""Flavour (Natural and Nature Identical Flavouring Substances)"", ""Milk Solids"", ""Anticaking Agent (551)). *As flavouring agent. ALLERGEN ADVICE: Contains Milk""]","[""milk""]",[],,
Foodeaz Idli Batter,foodeaz,plant-based-foods-and-beverages,8904346500007,,"[""800g""]","[""boiled rice"", ""Urad Dal"", ""Salt & RO water.""]","[""-""]",[],,https://images.openfoodfacts.org/images/products/890/434/650/0007/front_en.3.400.jpg
Pravin Mixed Pickle,pravin,plant-based-foods-and-beverages,8903241110984,,"[""500 g""]","[""Green Mango (43%)"", ""Lime (24%) todised Salt"", ""Cotton Seed Oil"", ""Acetic Acid (E260)"", ""Asafoetida.""]","[""-""]",[],,
JALAPENO,makino,chips-and-fries,8908010213071,,"[""60""]","[""JALAPENO""]","[""-""]",[],,
Britannia bourbon 100g,britannia,snacks,8901063139336,,"[""100g""]","[""REFINED WHEAT FLOUR (MAIDA)"", ""SUGAR (33%)"", ""REFINED PALM OIL"", ""EDIBLE MAIZE STARCH"", ""COLOURS (150a"", ""150d"", ""122"", ""110"", ""133&102)"", ""COCOA SOLIDS (2.7%)"", ""MILK SOLIDS"", ""RAISING AGENTS [500(ii)&503(ii)]"", ""NATURE IDENTICAL&ARTIFICIAL (VANILLA"", ""CHOCOLATE MILK&MILKY COCOA) SUBSTANCES"", ""FLAVOURING EMULSIFIERS [471 & 322(1)]"", ""MILK CHOCOLATE (0.1%) [EMULSIFIER (322(1))) AND IODISED SALT. (Numbers in brackets as per International Numbering System) CONTAINS WHEAT"", ""MILK AND SOYA.""]","[""gluten"", ""milk"", ""soybeans""]",[],,https://images.openfoodfacts.org/images/products/890/106/313/9336/front_en.3.400.jpg
Badam Flavoured Milk,godrej-jersey,beverages-and-beverages-preparations,8906016413792,,"[""185 ml""]","[""Double Toned Milk"", ""Sugar"", ""Natural and Synthetic Food colours (INS 150a"", ""INS 102)"", ""Flavour (Badam)"", ""Vitamin A (Retinyl palmitate)"", ""Vitamin D2 (Ergocalciferol)""]","[""-""]",[],,
Milkybar,Nestlé,snacks,8901058897159,,"[""24.5 g""]","[""Milk solids (35%)"", ""Sugar"", ""Hydrogenated vegetable fats"", ""Fractionated vegetable fat"", ""Emulsifier (_Soya lecithin_) and Nature-Identical flavouring substance. Contains _Milk_"", ""_Sesame_ and _Soy_.  May Contains Wheat.""]","[""gluten"", ""milk"", ""sesame seeds"", ""soybeans""]",[],,
Marie gold,britannia,snacks,8901063162426,,"[""73 g""]","[""REFINED WHEAT FLOUR (MAIDA) (73%)"", ""SUGAR"", ""REFINED PALM OIL"", ""INVERT SUGAR STRUP"", ""MILK PRODUCTS [MILK SOLIDS & SWEETENED CONDENSED PARTLY SKIMMED MILK]"", ""RAISING AGENTS [503 (ii) & 500 (ii)]"", ""IODIZED SALT"", ""NATURE IDENTICAL & ARTIFICIAL (MILK & VANILLA) FLAVOURING SUBSTANCES"", ""EMULSIFIER (472e)"", ""CALCIUM SALT"", ""DOUGH CONDITIONER (223)"", ""VITAMINS"", ""FERROUS SALT"", ""COLOUR (150D) AND POTASSIUN IODATE""]","[""gluten"", ""milk"", ""sulphur dioxide and sulphites""]",[],,https://images.openfoodfacts.org/images/products/890/106/316/2426/front_en.15.400.jpg
2-minute noodles,Maggi,plant-based-foods-and-beverages,8901058891416,,"[""70 g""]","[""Noodles {Refined wheat flour (Maida)"", ""Palm oil"", ""lodized salt"", ""Wheat gluten"", ""Thickeners (508 & 412)"", ""Acidity Regulators (501(i) & 500 (i)) and Humectant (451(i)).} \r\nMasala *TASTEMAKER® {Hydrolysed groundnut protein"", ""Refined wheat flour (Maida)"", ""Mixed Spices (13.1%)"", ""Sugar"", ""Onion powder"", ""Starch"", ""Palm oil"", ""Garlic powder"", ""lodised salt"", ""Thickener (508)"", ""Acidity Regulators (330 & 500 (ii))"", ""Mineral"", ""Flavour enhancer (635)"", ""Colour (150d) and Wheat gluten.} Contains _Wheat_ and _nut_. May contains _Milk_"", ""_Mustard_"", ""_Oats_ and _Soy_.""]","[""gluten"", ""milk"", ""mustard"", ""nuts"", ""soybeans""]",[],,
Veeba sandwich spread,1,sandwiches,8906069400466,,"[""250""]","[""refined soyabean oil"", ""water"", ""synthetic vinegar"", ""sugar"", ""cheese cheese"", ""milk solid""]","[""soybeans""]",[],,
Sunfast glucose 1 kg,sunfeast,snacks,8901725000295,,"[""1kg(1pkt)""]","[""Refined Wheat Flour (Maida) (62.5%)"", ""Sugar"", ""Refined Palm Oil"", ""Invert Syrup"", ""Raising Agents [ins 503(ii)"", ""Ins 500(ii)]"", ""Iodized Salt"", ""Liquid Glucose (0.2%)"", ""Milk Solids (0.2%)"", ""Emulsifiers [lecithin (From Soyabean)"", ""Diacetyl Tartaric Acid Ester Of Mono-diglycerides (from Sunflower & Palm Oil)]"", ""Artificial Flavouring Substances (Vanilla"", ""Cream"", ""Milk"", ""Sweet)"", ""Vitamin & Mineral (0.02%) And Flour Treatment Agent (Ins 223) And Colours (Ins 102"", ""Ins 124). Contains Wheat"", ""Milk"", ""Soy"", ""Sulphites"", ""May Contains Nuts.""]","[""gluten"", ""milk"", ""nuts"", ""soybeans"", ""sulphur dioxide and sulphites""]",[],,
Fresh Paneer,heritage,dairies,8904089929110,,"[""200g""]","[""Solids"", ""Citric Acid (INS330)"", ""Vinegar (Synthetic) & Glucono Delta Lactone (INS 575)""]","[""-""]",[],,https://images.openfoodfacts.org/images/products/890/408/992/9110/front_en.4.400.jpg
Slim UHT Sterilised Skimmed Milk,nandini,dairies,8906036672995,,"[""500 ml""]","[""Milk Solids"", ""Vitamin A & Vitamin D Milk Fat: 0.5% (Max.) & SNF: 9.0% (Min)""]","[""milk""]",[],,
Ocean Fruit drink Peach passion fruit flavour 500ml,o-cean,beverages-and-beverages-preparations,8908001658041,,"[""5""]","[""de mark and does ot represent its true nature. No. of servings 2. Serving S particles may appear due to presence of minerals. FLAVOURING SUBSTANCES). CONTAINS FRUIT READY TO SERVE FRUIT BEVERAGE NUTRITIONAL UOM APPROX. VALUES FACTS Energy Carbohydrate Total Sugar Added Sugar Protein - Total Fat - Cholesterol Sodium Potassium Magnessium* Kcal g g g ca ca ca ca ca ge ge PER (100 ML) 42 10 RDA(%) PER SERVING (250 ML) 5.25 19.23 10 10 50 0.5 2.31 0 0 ថខū · -%RDA not established. -%RDA calculated on the basis of""]","[""-""]",[],,
Choco almond nutry cookies,open-secret,choco-almond-cookies,0084562328000,,"[""2 , 25g""]","[""Almonds (26%)"", ""Dark Compounds (25%) [Sugar"", ""Edible Vegetable Fat (Hydrogenated)"", ""Cocoa Solids"", ""Emulsifiers (INS 491"", ""322)]"", ""Peanuts (22%)"", ""Honey"", ""Rice Crispies (5%) (Rice Flour"", ""Sugar"", ""Maize Starch"", ""Malt Extract"", ""Salt"", ""Calcium Carbonate)"", ""Oligofructose"", ""Sugar"", ""Sunflower Oil"", ""Liquid Glucose"", ""Cocoa Powder"", ""Antioxidants (INS 322)"", ""Edible Common Salt"", ""Cocoa Butter CONTAINS PERMITTED NATURAL COLOUR (INS 150c) AND ADDED FLAVORS (NATURAL AND NATURE IDENTICAL FLAVORING SUBSTANCES) Contains Oligofructose i (dietary fibre) 5gm/100gm ALLERGEN DECLARATION: This product contains Peanuts"", ""Tree Nuts (Almonds)"", ""Soy. Manufactured in a facility that also processes tree nuts (cashews)"", ""milk and gluten. Marketed by:""]","[""gluten"", ""milk"", ""nuts"", ""peanuts"", ""soybeans""]",[],,https://images.openfoodfacts.org/images/products/008/456/232/8000/front_en.3.400.jpg
Britannia Tiger Krunch Chocochips,britannia,snacks,8901063155619,,"[""60 g""]","[""NGREDIENTS: REFINED WHEAT FLOUR (MAIDA)"", ""SUGAR"", ""REFINED PALM OIL"", ""CHOCO CHIPS (8%) [SUGAR"", ""EDIBLE VEGETABLE FAT"", ""COCOA SOLIDS"", ""DEXTROSE MULSIFIER (322(i))& NATURAL FLAVOURING SUBSTANCE]"", ""INVERT SUGAR SYRUP"", ""COLOURS [150c"", ""124 & 133]"", ""RAISING AGENTS [500(ii) & 503(ii)]"", ""COCOA SOLIDS 0.4%)"", ""IODISED SALT"", ""EMULSIFIERS [322(i)"", ""471 & 472e]"", ""NATURE IDENTICAL (CHOCOLATE) & ARTIFICIAL (VANILLA) FLAVOURING SUBSTANCES"", ""MINERAL DOUGH ONDITIONER [223] AND VITAMIN*. (Numbers in brackets as per International Numbering System) CONTAINS WHEAT"", ""SOY AND SULPHITE.""]","[""gluten"", ""soybeans"", ""sulphur dioxide and sulphites""]",[],,
Dairy Milk Silk Hazelnut,cadbury,snacks,7622201761738,,"[""58g""]","[""Sugar"", ""Milk Solids (21%*)"", ""Hazelnuts (16%*)"", ""Cocoa Butter"", ""Cocoa Solids"", ""Emulsifiers (442"", ""476)"", ""Flavours (Natural"", ""Nature identical and Artificial (Vanilla) Flavouring Substances).""]","[""milk"", ""nuts""]",[],,
Sunfeast Dark Fantasy Chocolate Shake 300ml,sunfeast,beverages,8901725001124,,"[""8""]","[""Toned Milk (80.5%)"", ""Sugar"", ""Water"", ""Cocoa Solids (1.32%)"", ""Nature Identical Flavouring Substances"", ""Stabilizers (INS 407"", ""INS 412)"", ""Emulsifier [Mono - and di-glycerides of fatty acids (from Palm oil)]. Belgian Chocolate (0.1%) (Emulsifier [Lecithin (from soyabean)] and Natural Flavours and Natural Flavouring Substances)"", ""Artificial Flavouring Substances (Chocolate"", ""Vanilla)"", ""Acidity Regulator [INS 339(iii)"", ""lodized Salt""]","[""-""]",[],,https://images.openfoodfacts.org/images/products/890/172/500/1124/front_en.36.400.jpg
Max Protein by RiteBite,ritebite,snacks,4906409532363,,"[""50g""]","[""Protein Blend (30%) Calcium Caseinate"", ""Soy Concentrate)"", ""Dietary Fir sacharide"", ""Chicory Root Fiber)"", ""Dark Compound (Maltitol"", ""Edible Vegetable Fat (Hydrogenated)"", ""C Emulsifier (Soy Lecithin))"", ""Maltitol"", ""Cranberries ( Edible Vegetable Oil (High Oleic Sunflower Oil)"", ""S (No Added Sugar)"", ""Whole Grain Rolled Oats Humectant (Glycerine)"", ""Flaxseeds"", ""Tribasic Calc (Soy Lecithin)"", ""Soy Protein Isolate"", ""Binding Agen Acid"", ""Antioxidants (Vitamin C)"", ""Added Vitamins CONTAINS ADDED FLAVOURS (NATURAL AND N (Vanilla & Strawberry Flavour)""]","[""milk"", ""soybeans""]",[],,
chikki,paper-boat,plant-based-foods-and-beverages,8906080600920,,"[""16 g""]","[""PEANUTS (50%)"", ""JAGGERY"", ""SUGAR AND LIQUID GLUCOSE. \nContains Peanuts. May contains tree nuts.""]","[""nuts"", ""peanuts""]",[],,
Oats,gaia,plant-based-foods-and-beverages,8906058611194,,"[""500g""]","[""Oats""]","[""gluten""]",[],,
Jaggery Powder,paawak,jaggery,8906053813166,,"[""500g""]","[""Jaggery""]","[""-""]",[],,
Sunfeast  yeppi  noodles,sunfeast,plant-based-foods-and-beverages,8901725006006,,"[""280g""]","[""Instant Noodles: Refined Wheat Flour (Maida)"", ""Refined Palm Oil"", ""lodized Salt"", ""Wheat Gluten"", ""Thickeners (INS 508"", ""INS 412)"", ""Stabilizers [INS 170(i)"", ""INS 339(ii)"", ""INS 450(iii) and INS 45200)) and Acidity Regulators [INS 501(i)"", ""INS 500(i) and INS 330]. Seasoning: Main Masala Mix: Spices and Condiments (22.3%) [Garlic"", ""Red Chilli (3.1%)"", ""Coriander (2.1%)"", ""Aniseed"", ""Ginger"", ""Cumin"", ""Black Pepper"", ""Cassia"", ""Cardamom"", ""Nutmeg and Clove]"", ""Onion Powder"", ""Instant Noodle Powder (Refined Wheat Flour (Maida)"", ""Refined Palm Oil"", ""lodized Salt and Wheat Gluten)"", ""lodized Salt"", ""Sugar"", ""Hydrolyzed Vegetable Protein"", ""Maltodextrin"", ""Fat Powder"", ""Flavour Enhancers (INS 627"", ""INS 631)"", ""Starch"", ""Yeast Extract"", ""Natural Flavours and Natural Flavouring Substances"", ""Nature Identical Flavouring Substances"", ""Dairy Whitener (Milk Solids"", ""Sugar)"", ""Anticaking Agent (INS 551)"", ""Acidity Regulator (INS 330) and Refined Sunflower Oil. Mood Masala Mix: Spices and Condiments (25.4%) [Garlic"", ""Red Chilli (3.8%)"", ""Ginger"", ""Coriander (2.0%)"", ""Black Pepper"", ""Aniseed"", ""Cumin"", ""Cassia and Cardamom)"", ""Onion Powder"", ""Sugar"", ""Instant Noodle Powder (Refined Wheat Flour (Maida)"", ""Refined Palm Oil"", ""lodized Salt and Wheat Gluten)"", ""lodized Salt Dairy Whitener (Milk Solids"", ""Sugar)"", ""Hydrolyzed Vegetable Protein"", ""Starch"", ""Fat Powder"", ""Maltodextrin"", ""Flavour Enhancers (INS 627"", ""INS 631) Na ture identical Flavouring Substances"", ""Yeast Extract"", ""Anticaking Agent (INS 551)"", ""Natural Flavours and Natural Flavouring Substances and Acidity Regulator (INS 330)""]","[""gluten"", ""milk""]",[],,
BOOST,hindustan-unilever-limited,beverages-and-beverages-preparations,8901030817281,,"[""500 g""]","[""Cereal Extract (50%) (Barley"", ""Wheat"", ""Millet)"", ""Malted Barley (21%)"", ""Sugar"", ""Wheat Flour (Atta)"", ""Milk Solids (6%)"", ""Minerals"", ""Natural Colour (INS 150c)"", ""Wheat Gluten"", ""Acidity Regulators [INS 501 (ii)"", ""INS 500(ii)]"", ""Edible lodised Salt"", ""Cocoa Powder"", ""Vitamins"", ""Nature Identical Favouring Substances"", ""Soy Protein Isolate. Allergen Information: Contains Wheat"", ""Barley"", ""Milk and Soy""]","[""gluten"", ""milk"", ""soybeans""]",[],,
Idli Karam Podi,MTR,condiments,8901042971155,,"[""100g""]","[""Red Chilli (18%)"", ""Blackgram splits (17%)"", ""Bengalgram splits (15%)"", ""Coriander (14%)"", ""lodised low sodium salt"", ""Tamarind concentrate (8%)"", ""Refined palmolein oil"", ""Cumin"", ""Garlic powder (3%)"", ""Curry leaf powder"", ""lodised salt"", ""Jaggery"", ""Natural flavouring substances"", ""Anticaking agent (INS 551)"", ""Acidity regulator (INS 334) and Asafoetida""]","[""-""]",[],,https://images.openfoodfacts.org/images/products/890/104/297/1155/front_en.11.400.jpg
Green Tea,ripple-tea,beverages-and-beverages-preparations,8906033261444,,"[""250 g""]","[""Green Tea""]","[""-""]",[],,
Mustard Oil,fortune,plant-based-foods-and-beverages,8906007280945,,"[""500ml""]","[""Mustard Oil (100%)""]","[""-""]",[],,
"Strawberry, Chocolate, Jaggery",again,double-toned-milk-drink,8906101090105,,"[""180 ml""]","[""Double Toned _Milk_"", ""Strawberry Puree"", ""Jaggery"", ""Cocoa Mass and less than 1% of Acidity Regulator (INS 340 (ii)) and Thickener (Gellan Gum"", ""Carrageenan) CONTAINS PERMITTED NATURAL COLOURS (BEETROOT) AND ADDED FLAVOURS-NATURAL (STRAWBERRY) FLAVOURING SUBSTANCES""]","[""milk""]",[],,https://images.openfoodfacts.org/images/products/890/610/109/0105/front_en.3.400.jpg
Cavins Rabdi Milkshake 170ml,cavin-s,beverages,8902979005623,,"[""180 ml""]","[""Standardized milk"", ""Sugar"", ""Milk solids"", ""Flavour (Nature Identical and Artificial (Rabdi & Condensed milk) Flavouring substance)"", ""Sequestrant (INS 339 (i))"", ""Emulsifier (INS 471)"", ""Stabilizer (INS 407) Allergen Advice: Contains _milk_""]","[""milk""]",[],,
Balaji Wafers Sev Murmura,Balaji Wafers,plant-based-foods-and-beverages,8906010500214,,"[""25g""]","[""PUFFED RICE (50%)"", ""CHICKPEA FLOUR (24%)"", ""EDIBLE VEGETABLE OIL (PALMOLEIN"", ""RICE BRAN"", ""CORN)"", ""RICE FLOUR"", ""EDIBLE COMMON SALT"", ""SPICES&CONDIMENTS (TURMERIC"", ""CHILLI"", ""CLOVE"", ""GINGER"", ""ASAFOETIDA"", ""CURRY LEAVES)"", ""REFINED WHEAT FLOUR (MAIDA)"", ""GUM ACACIA.""]","[""gluten""]",[],,
Southern Classic Bread,fresh-choice,plant-based-foods-and-beverages,8906018080282,,"[""400 g""]","[""Refined wheat flour (maida)"", ""Sugar Edible vegetable fat"", ""Salt"", ""Yeast Improper {Flour treating agent (1100)"", ""stabilizer (170 l)"", ""emulsifier (481)"", ""Antioxidants (300)}"", ""Preservative (282)"", ""Acidity Regulator (260) (Number the brackets are as per international numbering system) Allergen Information : Contains wheat glute"", ""traces of milk solids""]","[""gluten""]",[],,
Poprings Masala flavour,balaji,snacks,8906010500269,,"[""22 g""]","[""CORN MEAL (68%)"", ""EDIBLE VEGETABLE OIL (PALMOLEIN"", ""RICE BRAN)"", ""SUGAR"", ""EDIBLE COMMON SALT"", ""SPICES & CONDIMENTS 1% (CUMIN"", ""CHILLI"", ""DRY MANGO)"", ""MALTODEXTRIN"", ""DEHYDRATED VEGETABLE POWDER (ONION"", ""GARLIC)"", ""STABILIZER (INS 170 (1)"", ""ACIDITY REGULATOR (INS 330"", ""INS 340)"", ""EMULSIFIER (INS 471"", ""INS 414)"", ""ANTICAKING AGENT (INS 551)"", ""FLAVOUR ENHANCER (INS 627"", ""INS 631)"", ""NATURAL & NATURE IDENTICAL FLAVOURING SUBSTANCES (CHILLI"", ""DRY MANGO)"", ""HYDROLYZED VEGETABLE PROTEIN (SOYA)"", ""PAPRIKA EXTRACT (INS 160C). PROPRIETARY FOOD NAMKEEN INDIAN SNACKS & SAVOURIES ALLERGEN ADVICE: CONTAINS SOY.""]","[""soybeans""]",[],,https://images.openfoodfacts.org/images/products/890/601/050/0269/front_en.6.400.jpg
Dark Soy Sauce,Ching's Secret,condiments,8901595862726,,"[""210 g""]","[""water"", ""sugar"", ""lodised salt"", ""natural colour (ins 150c)"", ""soybeans (10%)"", ""wheat"", ""acidity regulator (ins 260)"", ""preservative (ins 202)""]","[""gluten"", ""soybeans""]",[],,
Extra virgin olive oil,borges,plant-based-foods-and-beverages,8410179101118,,"[""1 l""]","[""Extra Virgin Olive Oil.""]","[""-""]",[],,
Gold,tata-tea,plant-based-foods-and-beverages,8901052004034,,"[""750 g""]","[""Tea""]","[""-""]",[],,https://images.openfoodfacts.org/images/products/890/105/200/4034/front_en.9.400.jpg
Milk Bikis,britannia,snacks,8901063012530,,"[""66.8""]","[""REFINED WHEAT FLOUR (WAIDATI"", ""SUGAR REFINED PALM OIL"", ""MILK PRODUCTS (470SWEETENED CONDENSED PARTL MILK&MILK SOLIDST"", ""INVERT SUGAR SYRUP"", ""RAISING AGENTS [503(ii) &-500(ii))"", ""IODISED SALT"", ""EMULSIFIERS [32200) & 4711. E IDENTICAL & ARTIFICIAL (MILK & VANILLA) FLAVOURING SUBSTANCES"", ""CALCIUM SALT"", ""VITAMINS AND POTASSIUM IODATE bers in brackets as per International Numbering System) CONTAINS WHEAT"", ""MILK AND SOYA.""]","[""gluten"", ""milk"", ""soybeans""]",[],,
biscafe,britannia,snacks,8901063365216,,"[""29.5g""]","[""REFINED WHEAT FLOUR (MAIDA) (58%)"", ""SUGAR"", ""REFINED PALM & PALMOLEIN OIL"", ""LIQUID GLUCOSE"", ""MAIZE STARCH"", ""INSTANT COFFEE POWDER (1.3%)"", ""BUTTER"", ""MILK SOLIDS"", ""IODISED SALT"", ""RAISING AGENTS [503(ii) & 500(ii)]"", ""COLOURS (150a & 150d)"", ""YEAST"", ""NATURE IDENTICAL FLAVOURING SUBSTANCES"", ""EMULSIFIERS [322(1) & 471]"", ""DOUGH CONDITIONER (223) AND IMPROVER [1101(i)]. (Numbers in brackets as per International Numbering System) CONTAINS WHEAT"", ""MILK"", ""SOYA AND SULPHITE. *Coffee Cracker for a refreshing experience with one of the thinnest Britannia Cracker biscuits.""]","[""gluten"", ""milk"", ""soybeans"", ""sulphur dioxide and sulphites""]",[],,
Pav,mr-bakewell,plant-based-foods-and-beverages,8908014814144,,"[""180g""]","[""Refined Wheat Flour (Maida)"", ""Sugar. Yeast"", ""Refined Palm Oil"", ""lodized Salt"", ""Milk Powder"", ""Flour Improver"", ""Emulsifiers DATEM (INS472e)"", ""Calcium Propionate (INS282)""]","[""gluten"", ""milk""]",[],,https://images.openfoodfacts.org/images/products/890/801/481/4144/front_en.9.400.jpg
apis Corn Flakes,apis,plant-based-foods-and-beverages,8906135091048,,"[""1kg""]","[""Corn (90.1%)"", ""Sugar (5.3%)"", ""lodized Salt"", ""Malt Extract and Antioxidant (INS 320)""]","[""-""]",[],,
Morton Oats,morton,plant-based-foods-and-beverages,8901439001786,,"[""500g""]","[""Oats""]","[""gluten""]",[],,
Water with Minerals,sure,beverages,8904132943704,,"[""250 ml""]","[""Water""]","[""-""]",[],,
Manchurian,top-ramen,plant-based-foods-and-beverages,8901014000432,,"[""70 g""]","[""NOODLES (87.3%): Refined Wheat Flour (Maiela)"", ""Edible Vegetable Oil (Palm Oil)"", ""lodised Salt"", ""Acidity Regulators [INS 451 & INS 5000)]"", ""Mixed Spices 0.17% (Turmeric"", ""Coriander"", ""Cumin"", ""Red Chilli)"", ""Antioxidant (INS 319) & Thickener (INS 412). SEASONING MIX (12.7%): lodised Salt"", ""Mixed Spices 12.5% (Ginger"", ""Red Chilli"", ""Black Pepper)"", ""Garlic Powder"", ""Sugar"", ""Com Starch"", ""Dehydrated Garlic Flakes"", ""Hydrolysed Vegetable Protein Powder (Soya)"", ""Dehydrated Onion Flakes"", ""Soya Sauce Powder"", ""Dehydrated Red Chilli Flakes"", ""Tomato Powder"", ""Flavour Enhancers (INS 631 & INS 627)"", ""Yeast Extract Powder"", ""Dehydrated Spring Onion"", ""Onion Powder"", ""Dehydrated Coriander Leaves"", ""Flavours (Natural Flavour & Artificial Wok Flavour)"", ""Thickeners (INS 412 & INS 415)"", ""Edible Vegetable Oil (Palm Oil)"", ""Acidity Regulator (INS 330)"", ""Colours (INS 150d & INS 160c(i))"", ""Anticaking Agent (INS 551)"", ""Oleoresin Capsicum. ALLERGEN INFORMATION: CONTAINS WHEAT & SOY. MAY CONTAIN MILK.""]","[""gluten"", ""soybeans""]",[],,https://images.openfoodfacts.org/images/products/890/101/400/0432/front_en.3.400.jpg
Oats with Flavour Mix,quaker,plant-based-foods-and-beverages,8901491001243,,"[""200g""]","[""Rolled Oats. Homestyle Masala Flavour Mix (3 sachets) - *Seasoning (lodised Salt"", ""Sugar"", ""*Spices & Condiments"", ""Maize Flour"", ""Tomato Powder"", ""Flavour (Natural & Nature Identical Flavouring Substances)"", ""Acidity Regulators (330"", ""296)"", ""Anticaking Agent (551)"", ""Flavour Enhancer (635)). 6% 4% 0% 1921 mg 47% &quot"", ""Approximate Values 8% ROLLED OATS AND SEASONING Tangy Tomato Flavour Mix (1 sachet) - Seasoning (Sugar"", ""lodised Salt"", ""Maltodextrin"", ""*Spices & Condiments"", ""Flavour (Natural & Nature Identical Flavouring Substances)"", ""Hydrolysed Vegetable Protein"", ""Tomato Powder"", ""Flavour Enhancers (627 631)"", ""Anticaking Agent (551)"", ""Edible vegetable Oil (Palm"", ""Sunflower)"", ""Stabiliser (414)"", ""Antioxidant (320)).""]","[""-""]",[],,
Guava Crush,mala-s,beverages,8901689031014,,"[""750ml""]","[""Sugar"", ""Guava Pulp (35%)"", ""Water"", ""Thickener (INS 440)"", ""Acidity Regulator (INS 330"", ""INS 331)"", ""Firming Agent (INS 509) CONTAINS PERMITTED NATURE IDENTICAL & ARTIFICIAL FLAVOURING SUBSTANCES (GUAVA). CONTAINS PERMITTED SYNTHETIC FOOD COLOUR (INS 127). CONTAINS PERMITTED CLASS II PRESERVATIVE (INS 202"", ""INS 211"", ""INS 22 CE TO MAKE MOCKTAILS COCKTAILS MILKSHAKES & TOPPINGS""]","[""-""]",[],,
Ice cream sandwich,frenchdairy,desserts,8904406345401,,"[""100ml""]","[""Inner Layer: Frozen Dessert"", ""Water"", ""Milk/milk Solids"", ""Vegetable Fat"", ""Sugar"", ""Liquid Glucose"", ""Cookies"", ""Permitted EmulsifiersE47"", ""E466"", ""E415"", ""E412"", ""E407"", ""E406"", ""Stabilizers"", ""Permitted Synthetic Food Colors & Added Artificial Flavoring Substance \r\nOuter Layer: Cookies""]","[""milk""]",[],,https://images.openfoodfacts.org/images/products/890/440/634/5401/front_en.4.400.jpg
Orika Special Magic Masala,orika,plant-based-foods-and-beverages,8906088213092,,"[""72 g""]","[""Lodized Salt"", ""Spices and Condiments"", ""Corn Starch"", ""Sugar"", ""HVP (Soya)"", ""Flavour (Natural and Nature Identical)"", ""Edible Rice Bran Oil"", ""Yeast Extracts"", ""Spice Extracts"", ""Anticaking Agent (INS 551)"", ""Acidity Regulator (INS 330)"", ""Natural Colour (160c)"", ""Caramel Powder (INS 150d)"", ""and Dehydrated Kasuri Methi.""]","[""soybeans""]",[],,
Choco Blast Sandwich Biscuits,bisky-bites,snacks,8903363008688,,"[""500g""]","[""REFINED WHEAT FLOUR (MAIDA)"", ""SUGAR"", ""HYDROGENATED VEGETABLE FAT (PALM & PALM KERNEL)"", ""REFINED PALM OIL"", ""COCOA SOLIDS (4.7%)"", ""INVERT SUGAR SYRUP MILK SOLIDS"", ""RAISING AGENTS [INS 500(ii)"", ""INS 503(ii)l"", ""CORN STARCH"", ""IODIZED SALT"", ""ARTIFICIAL FLAVOURING SUBSTANCES - CHOCOLATE AND VANILLA"", ""EMULSIFIER (INS 322).""]","[""gluten""]",[],,
"Murmura, Kurmura",vijay,plant-based-foods-and-beverages,8906080349652,,"[""500g""]","[""Roasted Rice"", ""Salt""]","[""-""]",[],,https://images.openfoodfacts.org/images/products/890/608/034/9652/front_en.7.400.jpg
Haldiram's Salted Peanuts,haldiram-s,plant-based-foods-and-beverages,8904063240149,,"[""38g""]","[""Peanuts (89%)"", ""Edible Vegetable (Palmolein"", ""cotton Seed"", ""Rice Bran) and lodised Salt (1.6%). Allergen Information: Contains Nut.""]","[""nuts"", ""peanuts""]",[],,
Energy Mix Nuts-Seeds,gourmia,plant-based-foods-and-beverages,8906016013428,,"[""200g""]","[""Almonds"", ""Cashews"", ""Pumpkin Seed Kernels"", ""Pistachios"", ""Hazelnuts"", ""Lemon Juice and Edible Common Salt""]","[""nuts""]",[],,
Jhal Chanachur,haldiram,snacks,8906070320319,,"[""400g""]","[""Gram Pulses"", ""Lentils"", ""Peas"", ""Peanuts"", ""Edible Vegetable Oil"", ""lodised Salt"", ""Curry Leaves"", ""Red Chillies"", ""Turmeric"", ""Raisins"", ""Citric Acid (INS 330) and Spices.""]","[""peanuts""]",[],,
Sambar Masala,Aashirvaad,plant-based-foods-and-beverages,8901725112912,,"[""100 g""]","[""Mixed spices (76.9%) [ Coriander (31.9%)"", ""Red chilli (23%)"", ""Cumin (5.2%)"", ""Black pepper (5%)"", ""Fenugreek"", ""Compounded asafoetida"", ""Mustard"", ""Spice extracts"", ""Ginger (0.9%)"", ""Curry leaves (0.8%)"", ""Turmeric (0.3%)]"", ""lodized salt (8%)"", ""Chana dal (6.2%)"", ""Arhar dal"", ""Urd dal and Refined sunflower oil.""]","[""mustard""]",[],,https://images.openfoodfacts.org/images/products/890/172/511/2912/front_en.3.400.jpg
Choco Classic Bar,max-protein,snacks,8906009531533,,"[""50 g""]","[""Protein Blend (29%) (Soy Nuggets"", ""Whey Protein Concentrate"", ""Soy Concentrate)"", ""Brown Rice Syrup (Liquid Glucose)"", ""Milk Compound (19%) (Sugar"", ""Edible Vegetable Oil (Hydrogenated Vegetable Oil)"", ""Milk Solids"", ""Cocoa Solids"", ""Emulsifier (Soy Lecithin)"", ""Vanilla Flavours)"", ""Dietary Fiber (9%) (Fructooligosaccharide"", ""Chicory Root Fiber)"", ""Edible Vegetable Oil (Hydrogenated Vegetable Oil)"", ""Almonds (5.5%)"", ""Whole Grain Rolled Oats (4.5%)"", ""Raisins (4%)"", ""Cashew Nut (3%)"", ""Humectant (Glycerine)"", ""Dextrose Monohydrate"", ""Flaxseeds"", ""Tribasic Calcium Phosphate"", ""Fructose"", ""Soy Protein Isolate"", ""Emulsifier (Soy Lecithin)"", ""Binding Agent (Guar Gum)"", ""Salt and Citric Acid"", ""Antioxidants (Vitamin C)"", ""Added Vitamins and Minerals""]","[""milk"", ""nuts"", ""soybeans""]",[],,
Queen's Choice MOGRA BASMATI RICE,flipkart-grocery,plant-based-foods-and-beverages,8904293725041,,"[""10kg""]","[""MOGRA BASMATI RICE""]","[""-""]",[],,
Dark Fantasy Bourbon Biscuit,sunfeast,snacks,8901725016296,,"[""108g""]","[""MAIDA (REFINED WHEAT FLOUR)"", ""SUGAR (35.0%)"", ""REFINED PALM OIL"", ""COLOURS (150a"", ""150c"", ""150d"", ""129)"", ""STARCH"", ""COCOA SOLIDS (1.8%)"", ""RAISING AGENTS [503(ii)"", ""500(ii)"", ""450(i)]"", ""ARTIFICIAL FLAVOURING SUBSTANCES (VANILLA"", ""CHOCOLATE)"", ""EMULSIFIERS [MONO AND DIGLYCERIDES OF FATTY ACIDS (FROM PALM OIL)"", ""LECITHIN (SOY)"", ""POLYSORBATE 60 (FROM PALM)]"", ""IODIZED SALT"", ""NATURE IDENTICAL FLAVOURING SUBSTANCES (CHOCOLATE)"", ""PLAIN CHOCOLATE (0.01%).""]","[""gluten"", ""soybeans""]",[],,https://images.openfoodfacts.org/images/products/890/172/501/6296/front_en.20.400.jpg
Choco Peanut Butter,yoga-bar,dietary-supplements,8904335604532,,"[""50g""]","[""Protein Blend (38.5%) (Soy Crisps"", ""Peanut Protein"", ""Whole Milk Powder"", ""Skim Milk Powder)"", ""No Added Sugar Dark Compound 20% (Maltitol"", ""Edible Vegetable Fat (Hydrogenated)"", ""Cocoa Solids"", ""Emulsifiers (Sorbitean Tristearate"", ""Soy Lecithin)"", ""Nature Identical Flavouring Substances)"", ""Fructooligosaccharide"", ""Maltitol"", ""Peanut Chunks"", ""Peanut Butter (4%)"", ""Humectant (Glycerol)"", ""Rice Bran Oil"", ""Natural & Nature identical Flavouring Substances"", ""Emulsifier (Soy Lecithin)"", ""Thickener (Acacia Gum)"", ""Sweetener (Steviol Glycosides).""]","[""milk"", ""peanuts"", ""soybeans""]",[],,
White Bread,kelson-breadman,plant-based-foods-and-beverages,8908020646456,,"[""200gm""]","[""maida"", ""water"", ""sugar"", ""yeast"", ""iodised salt"", ""vital gluten"", ""ebible vegetable oil"", ""soya flour""]","[""gluten"", ""soybeans""]",[],,
Tea Premix,avt,plant-based-foods-and-beverages,8902042302123,,"[""216g""]","[""Dairy whitener [Milk Solids"", ""Sugar"", ""Stabilisers INS 339 (1) 339 (ii)]. Sugar & Instant Tea.""]","[""milk""]",[],,https://images.openfoodfacts.org/images/products/890/204/230/2123/front_en.3.400.jpg
Fennel (Saunf),flipkartgrocery,plant-based-foods-and-beverages,8904293709706,,"[""100 g""]","[""Saunf Green""]","[""-""]",[],,
Mustard (Rai Big),flipkartgrocery,plant-based-foods-and-beverages,8904293701922,,"[""200g""]","[""Mustard (Rai Big)""]","[""mustard""]",[],,
Storia Pomegranate 750ml,storia,beverages-and-beverages-preparations,8904272600895,,"[""1""]","[""Water"", ""Fruit Juice [Apple Concentrate 12% & Pomegranate Juice Concentrate 4%)"", ""Salt"", ""Acidity Regulators [INS331(iii)"", ""INS330)"", ""Stevia INS960] and Antioxidant [INS300]. *Equivalent to 100% Fruit Juice (Reconstituted) CONTAINS ADDED NATURE IDENTICAL FLAVOURING SUBSTANCES (POMEGRANATE)""]","[""-""]",[],,https://images.openfoodfacts.org/images/products/890/427/260/0895/front_en.32.400.jpg
Onion,-,plant-based-foods-and-beverages,8904293703353,,"[""1kg""]","[""Onion""]","[""-""]",[],,
Refined Soyabean Oil,emami,plant-based-foods-and-beverages,8901248270847,,"[""1L""]","[""Refined Soyabean Oil. Antioxidants (INS 319 & 330)"", ""Antifoaming agent (INS 900a)"", ""Vitamin A"", ""E &D""]","[""soybeans""]",[],,
Kandi Podi,mtr,condiments,8901042971162,,"[""100g""]","[""Redgram splits (60%)"", ""Bengalgram splits"", ""lodised low sodium salt"", ""Garlic powder (7%)"", ""Cumin (4%)"", ""Red chilli (4%)"", ""Refined palmolein oil"", ""Natural flavouring substance.""]","[""-""]",[],,
Kala Jeera,zoff,plant-based-foods-and-beverages,8906097402593,,"[""50g""]","[""Kala Jeera""]","[""-""]",[],,https://images.openfoodfacts.org/images/products/890/609/740/2593/front_en.5.400.jpg
Eno Fruit Salt - Regular,gsk,dietary-supplements,8901571011001,,"[""100g""]","[""Svarjiksara (Shudh) 2.94 g"", ""Nimbukamlam (Shushkam) 2.06 g.""]","[""-""]",[],,
Perk Double,cadbury,choco-coated-wafers,7622201758660,,"[""22 g""]","[""Sugar"", ""Interesterified Vegetable Fat"", ""Flour (Maida)"", ""Lactose-Rich Deprotienized Whey Powder"", ""Starch"", ""Cocoa Solids (5%)"", ""Palmolien"", ""Emulsifiers (442 322"", ""476)"", ""lodised Salt"", ""Yeast"", ""Flavours (Natural"", ""Natural Identical and Artificial (Caramel and Vanilla) Flavouring Substances"", ""Raising Agent (500)"", ""Improver (1101)""]","[""gluten""]",[],,
Farali chivda,gopal,snacks,8906078722702,,"[""50""]","[""POTATO (45%)"", ""EDIBLE VEGETABLE OIL (PALMOLEIN OIL)"", ""SPLIT PEANUTS (14%)"", ""SUGAR"", ""EDIBLE COMMON SALT (ROCK SALT)"", ""SPICES & CONDIMENTS (TURMERIC POWDER"", ""CLOVE"", ""CINNAMON"", ""STAR ANISE"", ""CORIANDER POWDER AND RED CHILLI POWDER).\n\nALLERGEN ADVICE:\n\nCONTAINS PEANUTS\n\nMAY CONTAINS CEREALS CONTAINING GLUTEN"", ""MILK"", ""TREE NUTS"", ""PEANUTS"", ""SESAME SEEDS"", ""MUSTARD SEEDS AND SOYA.""]","[""milk"", ""nuts"", ""peanuts"", ""sesame seeds"", ""soybeans""]",[],,https://images.openfoodfacts.org/images/products/890/607/872/2702/front_en.3.400.jpg
Marie go round,sunder,snacks,8906152260885,,"[""74g""]","[""Refined Wheat Flour (Maida)"", ""Refined Palm Oil"", ""Sugar"", ""Invert Syrup"", ""Raising Agents [INS 500(ii)"", ""INS 503(ii)]"", ""Todised Salt"", ""Milk Solids"", ""Emulsifiers [INS 322"", ""INS 472e (Plant Origin)]"", ""Flour Treatment Agent [INS 223"", ""INS 1100(i)] 20 15.60% & Colours (INS 150d"", ""INS e102). Contains Added Flavour [Nature Identical and Artificial Flavouring Substances - Vanilla & Milk]. 7702420 7220 10.9 6% 5.2 9% ed Fat (g) 4.4 d Fat (g) 1.2 Contains Wheat"", ""Milk Solids 0% and Soy. 9) 365 7%""]","[""gluten"", ""milk"", ""soybeans""]",[],,
Jim Jam,britannia,snacks,8901063029217,,"[""25g""]","[""REFINED WHEAT FLOUR (MAIDA)"", ""SUGAR (24%)"", ""REFINED PALM OIL & INTERESTERIFIED VEGETABLE FAT"", ""INVERT SUGAR SYRUP"", ""DEXTROSE"", ""MILK PRODUCTS (MILK SOLIDS & SWEETENED CONDENSED MILK)"", ""EDIBLE MAIZE STARCH"", ""MALTODEXTRIN"", ""FRUIT PRODUCTS (0.7%) (APPLE JUICE CONCENTRATE"", ""BANANA POWDER & PLUM JUICE CONCENTRATE)"", ""IODISED SALT"", ""EMULSIFIERS [322(i) & 471]"", ""RAISING AGENTS [503(ii) & 500(ii)]"", ""NATURE IDENTICAL AND ARTIFICIAL (MIXED FRUIT"", ""VANILLA & BUTTER) FLAVOURING SUBSTANCES"", ""ACIDITY REGULATORS [330 & 331(iii)]"", ""GELLING AGENT (440) AND COLOUR (122).""]","[""gluten"", ""milk"", ""soybeans""]",[],,
Cadbury Bournville,cadbury,snacks,7622202325939,,"[""78""]","[""Sugar"", ""Cocoa Butter (24%)"", ""Cocoa Solids (18%)"", ""Dried Sweetened Cranberries (11%) (Cranberries"", ""Sugar)"", ""Almonds (7%)"", ""Milk Solids"", ""Emulsifiers (442"", ""476)"", ""Flavours (Natural and Nature Identical Flavouring Substances)""]","[""milk"", ""nuts""]",[],,https://images.openfoodfacts.org/images/products/762/220/232/5939/front_en.3.400.jpg
Britaninia Treat Choco Creme Biscuits,britaninia,snacks,8901063033689,,"[""51 gram""]","[""REFINED WHEAT FLOUR (MAIDA)"", ""SUGAR"", ""REFINED PALM OIL"", ""INTERESTERIFIED VEGETARITZAT"", ""COCOA SOLIDS (3.8%)"", ""INVERT SUGAR SYRUP"", ""MILK CHOCOLATE (2%) [EMULSIFIER 3220 EDIBLE MAIZE STARCH"", ""RAISING AGENTS [500(ii) & 503(ii)"", ""IODIZED SALT"", ""MILK SOLIDS"", ""ARTIFICIAL VANILLA"", ""CARAMEL & MILKY COCOA) & NATURE IDENTICAL FLAVOURING SUBSTANCES EMULSIFIER [322(1) AND COLOURS (150d"", ""124&133) Numbers to brackets as per International Numbering System) CONTAINS WHEAT"", ""MILK & SOY WORE IN A COOL"", ""HYGIENIC ANU DIT ACLEAN AIRTIGHT CONTAINER ONCE OPENED. GEANCEER CONTENTS TO Marketed By: BRITANIA INDUSTRIES LTD."", ""S/TAHUNGE STREET"", ""KOLKATA-700017"", ""WEST BENGAL (A WADIA Enterprise) We For Min unit address & Lic. No read the last two characters of the IOT and can anel SL-06""]","[""gluten"", ""milk""]",[],,
Chupa Chups Tubes Mini,chupa-chups,good,8901393019490,,"[""10 unit per serving ,22 g""]","[""Sugar"", ""Liquid Glucose"", ""Refined Wheat Flour (Maida)"", ""Invert Sugar"", ""Acidity Regulator INS 296"", ""INS 330"", ""INS 350 (ii)"", ""Thickeners (INS 1405"", ""INS 415) Hydrogenated Vegetable Oil"", ""Humectant (INS 422)"", ""Flavours (Nature-Identical & Artificial (Pineapple) Colours (INS 122"", ""INS 102"", ""INS 110"", ""INS 133). Contains Wheat (Gluten) MAY CONTAIN ALL OR SOME OF THESE FLAVOUR""]","[""gluten""]",[],,
Zevic Stevia Powder,zevic,plant-based-foods-and-beverages,0750343889694,,"[""300 g""]","[""Stevia Extracts"", ""Erythritol""]","[""-""]",[],,
apis deseeded dates,apis,plant-based-foods-and-beverages,8906021927062,,"[""500g""]","[""deseeded dates""]","[""-""]",[],,https://images.openfoodfacts.org/images/products/890/602/192/7062/front_en.3.400.jpg
apis seeded dates,apis,plant-based-foods-and-beverages,8906021927079,,"[""500g""]","[""seeded dates""]","[""-""]",[],,
Radish,more,plant-based-foods-and-beverages,0000101481723,,"[""500g""]","[""Radish""]","[""-""]",[],,
Bitter Gourd,more,plant-based-foods-and-beverages,0000101403177,,"[""500g""]","[""Bitter Gourd""]","[""-""]",[],,https://images.openfoodfacts.org/images/products/000/010/140/3177/front_en.3.400.jpg
Yum,amulya,strawberry-flavoured-creme-wafers,8906018990840,,"[""150""]","[""Refined Wheat flour"", ""Refined Sugar"", ""Edible Vegetable oi. (Palm)"", ""Emulsifiers (Plant Origin) (E471"", ""E472(e)"", ""E322)"", ""Wheat Fibre"", ""lodized Salt"", ""Leavening agent (E500(ii))"", ""3% Antioxidant (E319)"", ""Artificial flavours"", ""Colour (E129)"", ""ALLERGEN WARNING: Contains Wheat gluten"", ""Soya"", ""and Sulphite. Ingrédients: Farine de blé raffinée"", ""sucre raffiné"", ""huile végétale"", ""comestible (palme)"", ""émulsifiants (origine végétale) (E471"", ""E472(e)"", ""E322)"", ""fibres de hlé"", ""sel iodé"", ""agent levant (E500 (ii))"", ""antioxydant (E319)"", ""Arômes artificiels"", ""Colorant (E129)"", ""AVERTISSEMENT ALLERGÈNE: Contient du gluten de blé"", ""du soja et du sulfite. Ingredientes: Farinha de Trigo Refinada"", ""Açúcar Refinado"", ""Óleo Vegetal Comestível (Palma)"", ""Emulsificantes % (Origem Vegetal) (E471"", ""E472(e)"", ""E322)"", ""Fibra de Trigo"", ""Sal lodado"", ""Agente Levedante (E500 (ii))"", ""Antioxidante (E319)"", ""Sabores artificiais"", ""Corante (E129)"", ""AVISO ALERGÉNICO: Contém 2% glúten de trigo"", ""soja e sulfito. E Numbers in brackets as per international Numbering System 5% 1% AMWF200STCHPU02""]","[""gluten"", ""soybeans"", ""sulphur dioxide and sulphites""]",[],,
Schezwan Chutney,ching-s,plant-based-foods-and-beverages,8901595863013,,"[""30 g""]","[""Water"", ""Sunflower Oil"", ""Sugar"", ""lodised Salt"", ""Chilli"", ""Corn Starch"", ""Garlic"", ""Onion"", ""Ginger"", ""Thickener (INS 1422)"", ""Flavou Enhancer (INS 635)"", ""Acidity Regulator (INS 260)"", ""Spices (White Pepper"", ""Schezwan Pepper)"", ""Preservatives (INS 202"", ""INS 211)"", ""Celery"", ""Soy Sauce Powder (Soybean"", ""Wheat"", ""Salt)"", ""Natural Flavouring Substances. ALLERGEN ADVICE: CONTAINS WHEAT"", ""SOY AND CELERY. May contain Peanuts"", ""Tree Nuts"", ""Sesame Seed"", ""Mustard and Milk (dairy products)""]","[""celery"", ""gluten"", ""milk"", ""soybeans""]",[],,
Pintola High Protien Peanut Butter,pintola,plant-based-foods-and-beverages,8908010900995,,"[""1kg""]","[""Peanuts (60%)"", ""Dark Chocolate (30%) (Sugar"", ""Cocoa Solids"", ""Cocoa butter"", ""Emulsifier (INS 322))"", ""Whey Protein Concentrate (European Origin) (10%)""]","[""milk"", ""peanuts""]",[],,
100% Whole Wheat Sandwich Bread,britannia,plant-based-foods-and-beverages,8901063342934,,"[""450 g""]","[""WHEAT FLOUR (ATTA) (62%)"", ""YEAST"", ""WHEAT BRAN"", ""VITAL GLUTEN"", ""SUGAR"", ""IODISED SALT"", ""REFINED PALMOLEIN OIL"", ""COLOUR (150a)"", ""PRESERVATIVE (282)"", ""IMPROVERS (1100(i)"", ""1104"", ""1102"", ""XYLANASE)"", ""EMULSIFIERS (471"", ""481(i)"", ""472e)"", ""ACIDITY REGULATOR (260) AND FLOUR TREATMENT AGENT (510).""]","[""gluten""]",[],,https://images.openfoodfacts.org/images/products/890/106/334/2934/front_en.3.400.jpg
Black Pepper Powder,aachi,plant-based-foods-and-beverages,8906021122436,,"[""8 g""]","[""BLACK PEPPER""]","[""-""]",[],,
Skyr Yogurt,milky-mist,dairies,8904083302483,,"[""100g""]","[""Pasteurized Skimmed Milk"", ""Milk Solids and Active Lactic Cultures (L.bacillus delbrueckii subsp. bulgaricus"", ""S.thermophilus) Allergen Information: Contains Milk.""]","[""milk""]",[],,
More Choice CTC Leaf Tea,more,beverages-and-beverages-preparations,8903023281024,,"[""250g""]","[""Tea""]","[""-""]",[],,https://images.openfoodfacts.org/images/products/890/302/328/1024/front_en.3.400.jpg
KIMEA DATES,ams,plant-based-foods-and-beverages,8906112580183,,"[""500g""]","[""DATES""]","[""-""]",[],,
Packaged Drinking Water,bisleri,beverages,8906017290064,,"[""2L""]","[""TREATED WATER"", ""MINERALS (CALCIUM CHLORIDE"", ""MAGNESIUM SULPHATE"", ""POTASSIUM BICARBONATE)""]","[""-""]",[],,
Khatta Meetha,haldiram,snacks,8906070320135,,"[""200g""]","[""Gram Pulses"", ""Lentils"", ""Flaked Rice"", ""Sago"", ""Corn Chips"", ""Peanuts"", ""Edible Vegetable Oil"", ""Curry Leaves"", ""Red Chilli"", ""Sugar"", ""lodised Salt"", ""Spices & Lemon Powder.""]","[""peanuts""]",[],,https://images.openfoodfacts.org/images/products/890/607/032/0135/front_en.3.400.jpg
Carrot,-,plant-based-foods-and-beverages,8904293704725,,"[""500g""]","[""Carrot""]","[""-""]",[],,
Fresh Tomato Ketchup,kissan,condiments,8901030902932,,"[""850 g""]","[""WATER"", ""TOMATO PASTE (28%)"", ""SUGAR"", ""IODISED SALT ACIDITY REGULATOR-E260"", ""STABILIZERS-E1422"", ""E415"", ""PRESERVATIVE-E211"", ""ONION POWDER"", ""GARLIC POWDER"", ""SPICES AND CONDIMENTS.""]","[""-""]",[],,
Silk Oreo Red Velvet,cadbury,snacks,7622201763213,,"[""130 g""]","[""Milk Chocolate (50%*) - Sugar"", ""Milk Solids (13 %*)"", ""Cocoa Butter"", ""Cocoa Solids"", ""Emulsifiers (442"", ""476)"", ""Flavours (Natural"", ""Nature Identical and Artificial (Vanilla) Flavouring Substances)"", ""Centre (50%*) - Fractionated Fat"", ""Sugar"", ""Biscuit 13%* (Refined Wheat Flour (Maida)"", ""Sugar"", ""Palmolein"", ""Color (162)"", ""Invert Sugar"", ""Cocoa Solids"", ""Leavening Agents (500(ii)"", ""503 (ii))"", ""lodised Salt"", ""Emulsifier (322)"", ""Flavours (Artificial (Vanilla) Flavouring Substances))"", ""Milk Solids"", ""Lactose-Rich Deproteinized Whey Permeate Powder"", ""Flavours (Natural and Artificial (Vanilla) Flavouring Substances)"", ""Emulsifier (442). Allergen Information: Contains Milk"", ""Wheat and Soy. May Contain Barley.""]","[""gluten"", ""milk"", ""soybeans""]",[],,
Lotus black pepper,Lotus,plant-based-foods-and-beverages,0949577084214,,"[""25g""]","[""Black Pepper Whole""]","[""-""]",[],,https://images.openfoodfacts.org/images/products/094/957/708/4214/front_en.4.400.jpg
Good life besan,good-life,besan,8904132926806,,"[""1kg""]","[""Besan""]","[""-""]",[],,
Sid's Farm Malai Paneer,sid-s-farm,dairies,0707959790173,,"[""180g""]","[""Pasteurized Milk"", ""Curd & Lemon Juice Concentrate""]","[""milk""]",[],,
Oreo,cadbury,snacks,7622201756697,,"[""43.75g""]","[""Refined Wheat Flour (Maida)"", ""Sugar"", ""Fractionated Fat"", ""Palmolein"", ""Invert Sugar"", ""Cocoa Solids (2%)"", ""Leavening Agents (500(i)"", ""503(ii))"", ""Starch"", ""lodised Salt"", ""Emulsifier (322)"", ""Nature Identical Flavouring Substances. Allergen Information: Contains Wheat"", ""Sulphite"", ""Soy. May Contain Milk and Barley.""]","[""gluten"", ""soybeans"", ""sulphur dioxide and sulphites""]",[],,https://images.openfoodfacts.org/images/products/762/220/175/6697/front_en.3.400.jpg
Snapin Chilli Flakes,snapin,plant-based-foods-and-beverages,8906033531394,,"[""7g""]","[""Chillies""]","[""-""]",[],,
More Choice Chilli Red Long,Choice,plant-based-foods-and-beverages,8903023281727,,"[""500g""]","[""Chilli Red Long""]","[""-""]",[],,
Good life Raw peanut,good-life,plant-based-foods-and-beverages,8902901232165,,"[""1kg""]","[""Peanut""]","[""peanuts""]",[],,https://images.openfoodfacts.org/images/products/890/290/123/2165/front_en.3.400.jpg
roasted and salted almonds,kharawala-s,plant-based-foods-and-beverages,8908002605303,,"[""250g""]","[""Roasted Almonds And Edible Common Salt""]","[""nuts""]",[],,
Chia seeds,wonderland,plant-based-foods-and-beverages,8906095124732,,"[""100""]","[""Chia seeds""]","[""-""]",[],,
Dairy Milk Silk Roast Almond,cadbary,snacks,7622202290428,,"[""58""]","[""Sugar"", ""Milk Solids (21%*)"", ""Almonds (16%*)"", ""Cocoa Butter"", ""Cocoa Solids"", ""Emulsifiers (442"", ""476)"", ""Flavours (Natural"", ""Nature Identical and Artificial (Vanilla) Flavouring Substances). Allergen Information: Contains Milk and Almond. May Contain Wheat"", ""Barley"", ""Soy and Other Tree Nuts.""]","[""milk"", ""nuts""]",[],,
Dairy Milk Family Pack,cadbury,snacks,7622202324604,,"[""112 g""]","[""Sugar"", ""Milk Solids"", ""Cocoa butter"", ""cocoa solids"", ""fractionated fat"", ""Emulsifier 442"", ""476\nNature identical and artificial flavours""]","[""milk""]",[],,https://images.openfoodfacts.org/images/products/762/220/232/4604/front_en.15.400.jpg
Chef's Special Tomato Ketchup,veeba,condiments,8906069403412,,"[""900g""]","[""Water"", ""Tomato Paste (28.0%)"", ""Sugar"", ""lodised Salt"", ""Stabilizers (INS1422"", ""INS415)"", ""Acidity Regulator (INS260)"", ""Spices and Condiments and Preservative (INS211).""]","[""-""]",[],,
Peanut Butter,my-fitness,plant-based-foods-and-beverages,8904327600450,,"[""1.25 Kg""]","[""Roasted Peanuts"", ""Brown Sugar"", ""Pink Himalayan Salt"", ""Stabilizer (INS471). Allergen Info Contains Peanuts And Soya""]","[""peanuts"", ""soybeans""]",[],,
100% natural premium whole cashew nuts,happilo,plant-based-foods-and-beverages,8906081123626,,"[""500g""]","[""Cashew""]","[""fruits à coque""]",[],,https://images.openfoodfacts.org/images/products/890/608/112/3626/front_fr.9.400.jpg
On1y Chilli Flakes,on1y,plant-based-foods-and-beverages,8908001105231,,"[""34 g""]","[""Chilli Flakes \nNo Added Colour \nNo MSG \nNo Preservative""]","[""-""]",[],,
Peanut Butter,Dr. Oetker,plant-based-foods-and-beverages,8906002004454,,"[""925g""]","[""Roasted Peanuts  (91%)"", ""Sugar"", ""Edible Vegetable Fat (Soyabean)"", ""lodised Salt.""]","[""peanuts""]",[],,
Parle G,parle,snacks,8901719121746,,"[""55g""]","[""Refined wheat flour - 68%"", ""Sugar"", ""refined palm oil"", ""invert sugar syrup"", ""iodised salt"", ""raising agents"", ""milk solids"", ""vanilla""]","[""gluten"", ""milk""]",[],,
OATS,disano,plant-based-foods-and-beverages,8904320002565,,"[""1 KG""]","[""Rolled Oats""]","[""-""]",[],,
Stack Up - Simply Salted,balaji-wafer,plant-based-foods-and-beverages,8906010502782,,"[""60g""]","[""POTATO POWDER (58%)"", ""EDIBLE VEGETABLE OIL (PALMOLEIN)"", ""RICE FLOUR"", ""POTATO STARCH"", ""TAPIOCA STARCH"", ""EDIBLE COMMON SALT (2.0%)"", ""SUGAR"", ""EMULSIFIER (INS 471)"", ""MALTODEXTRIN"", ""FLAVOUR ENHANCER (INS 627"", ""INS 631)"", ""YEAST EXTRACT.""]","[""-""]",[],,
Sing Bhujiya,real,snacks,8906019564163,,"[""400g""]","[""SING BHUJIYA\nINGREDIENTS: Peanuts (62.6%)"", ""Edible Vegetable Oil (Palmolein)"", ""Gram Flory (Besan)\n(19%)"", ""Edible lodised Salt (1.5%)"", ""Black Pepper Powder"", ""Dried Mango Powder Amchur)"", ""Chili Powder"", ""Edible Black Salt"", ""Spices Powder (Cloves"", ""Cinnamon)"", ""Acidity Regulators\n(Malic Acid) - (E/INS - 296).\nCONTAINS PEANUTS\nPRODUCT OF INDIA\nALLERGY ADVICE: Manufactured in a facility that processes soy products"", ""milk\nsolid"", ""peanuts"", ""tree nuts"", ""nuts"", ""sesame seeds & wheat.""]","[""gluten"", ""nuts"", ""peanuts"", ""sesame seeds""]",[],,
Choco Fillo,gone-mad,mini-wafer-filled-with-choco-cream,8906065450069,,"[""24 g""]","[""Sugar (32%)"", ""Refined Wheat Flour (Maida) (27%)"", ""Edible Vegetable Oil (Refined Palmolein)"", ""Cocoa Solids"", ""Edible Vegetable Fat (Hydrogenated Oils)"", ""Dextrose Monohydrate"", ""Milk Powder"", ""Whey Powder"", ""Humectant Glycerol (E422) Starch"", ""Vegetable Emulsifier Soya Lecithin (E322)"", ""Common Salt. Contains Permitted Natural Food Colour (Car (E150d)) and Added Flavour (Artificial Flavouring Substances-Vanillin). Hydrogenated Vegetable Fat Used Contains Trans Fats Allergen Information: Contains Milk"", ""Wheat and Soya.""]","[""gluten"", ""milk"", ""soybeans""]",[],,https://images.openfoodfacts.org/images/products/890/606/545/0069/front_en.3.400.jpg
Organic Flax Seeds,24-mantra-organic,plant-based-foods-and-beverages,8904083511601,,"[""200 g""]","[""Organic Flax Seeds""]","[""-""]",[],,
spiced chunky chicken,Cup Noodles,plant-based-foods-and-beverages,8901014004935,,"[""1 70g""]","[""Refined Wheat Flour (Maida)"", ""Edible Vegetable Oil (Palm Oil)"", ""Dehydrated Pieces 6.01% (Chicken"", ""Carrot"", ""French Beans"", ""Cabbage & Curry I Leaves)"", ""lodised Salt"", ""Hydrolysed Vegetable Protein Powder (Soya)"", ""Mixed Spices 1.49% (Red Chilli"", ""Turmeric"", ""Coriander"", ""Black Pepper"", ""Cumin"", ""Fenugreek"", ""Ginger"", ""Clove"", ""Nutmeg & Green Cardamom)"", ""Onion Powder"", ""Sugar"", ""Corn Starch"", ""Maltodextrin"", ""Yeast Extract Powder"", ""Flavour Enhancers (INS 631"", ""INS 627 & INS 620)"", ""Milk Solids"", ""Acidity Regulators [INS 500(1)"", ""INS 451(1) & INS 330]"", ""Nature Identical Flavour"", ""Edible Vegetable Oil (Coconut Oil)"", ""Thickener (INS 415) & Antioxidant (INS 319).""]","[""chicken"", ""gluten"", ""milk"", ""soybeans""]",[],,
Kesar Cashew Badam Cookies,unibic,snacks,8906009079288,,"[""200g""]","[""Refined Wheat Flour (Maida)"", ""Sugar"", ""Edible Vegetable Oil (Palm)"", ""Milk Solids"", ""Dry Nuts (1%) (Almond and Cashew)"", ""Golden Syrup"", ""Leavening Agents (INS 503(ii)"", ""INS 500(ii))"", ""Emulsifiers (INS 322(Soy)"", ""INS 472E)"", ""iodised Salt"", ""Artificial Flavouring(Saffron"", ""Cashew"", ""Almond"", ""Milk)"", ""Contains _Wheat_"", ""_Milk_"", ""_Soy_"", ""_Nut_.""]","[""gluten"", ""milk"", ""nuts"", ""soybeans""]",[],,https://images.openfoodfacts.org/images/products/890/600/907/9288/front_en.5.400.jpg
Litchi Crush,mapro,litchi-syrups,8901044404026,,"[""1 L""]","[""SUGAR"", ""LITCHI PULP (27%)"", ""WATER"", ""ACIDITY REGULATOR (CITRIC ACID)"", ""THICKENER (PECTIN)"", ""PRESERVATIVE (INS-224) CONTAINS ADDED FLAVOURS-NATURAL"", ""NATURE IDENTICAL & ARTIFICIAL FLAVOURING SUBSTANCES (LITCHI)""]","[""-""]",[],,
2 - Minute Noodles,Maggi,plant-based-foods-and-beverages,8901058006292,,"[""70 g""]","[""Noodles: Refined wheat flour (Maida)"", ""Palm oil"", ""lodized salt"", ""Wheat gluten"", ""Thickeners (508 & 412)"", ""Acidity regulators (501 (i)&500 (i)) and Humectant (451(i)).\r\nMasala *TASTEMAKERⓇ: Mixed spices (25.6%) (Onion powder"", ""Coriander powder"", ""Turmeric powder"", ""Red chilli powder"", ""Garlic powder"", ""Cumin powder"", ""Aniseed powder"", ""Ginger powder"", ""Fenugreek powder"", ""Black pepper powder"", ""Clove powder"", ""Green cardamom powder & Nutmeg powder)"", ""Refined wheat flour (Maida)"", ""Hydrolysed groundnut protein"", ""Sugar"", ""Palm oil"", ""Starch"", ""Iodized salt"", ""Thickener (508)"", ""Flavour enhancer (635)"", ""Toasted onion flakes"", ""Acidity regulator (330)"", ""Colour (150d)"", ""Mineral and Wheat gluten.""]","[""gluten"", ""nuts""]",[],,
Green Peas - Unpeeled,-,plant-based-foods-and-beverages,8904759298621,,"[""250 g""]","[""Green Peas""]","[""-""]",[],,
Coccinnia,-,coccinnia,8904293704978,,"[""250g""]","[""Coccinnia""]","[""-""]",[],,https://images.openfoodfacts.org/images/products/890/429/370/4978/front_en.3.400.jpg
Balaji wafers,balaji,snacks,8906010503512,,"[""135g""]","[""POTATO (89%)"", ""EDIBLE VEGETABLE OIL (PALMOLEIN)"", ""EDIBLE COMMON SALT (0.4%).""]","[""-""]",[],,
Pure cult,-,non-food-products,8906125520428,,"[""500 ml""]","[""1""]","[""-""]",[],,
Wafer,nabati,snacks,8908008674808,,"[""28 g""]","[""Cream (Sugar"", ""Refined Palm Olein"", ""Whey Powder"", ""Cocoa Powder (Cocoa Solids (3.6%))"", ""Corn Starch"", ""Emulsifier (INS 322)"", ""lodized Salt"", ""Acidity Regulator (INS 330)). Wafer Sheet (Refined Wheat Flour (Maida)"", ""Cocoa Powder (Cocoa Solids (2.4%))"", ""Refined Palm Olein"", ""Flour Treatment Agent (INS 1101 (i)))"", ""lodized Salt"", ""Raising Agent (INS 500(ii))"", ""Emulsifier (INS 322)). Numbers in the bracket as per international numbering system Allergen:contains wheat"", ""milk"", ""and soya.""]","[""gluten"", ""milk"", ""soybeans""]",[],,https://images.openfoodfacts.org/images/products/890/800/867/4808/front_en.16.400.jpg
B Natural Orange Juice 1ltr tpk,b-natural,plant-based-foods-and-beverages,8901725100131,,"[""12""]","[""water"", ""orange pulp(21%)"", ""Sugar"", ""polydextrose(0.75%)"", ""Acidity regulator"", ""nature identical flavouring substance"", ""Iodised salt"", ""natural flavours and flavouring substances and colours[INS 171"", ""INS 110]""]","[""-""]",[],,
activ 100% Coconut water,real,beverages-and-beverages-preparations,8901207037795,,"[""1 l""]","[""Water"", ""Coconut Water Concentrate (9.0 %) and Preservatives (INS 202"", ""INS 224) Allergen Information: Contains Sulphite Reconstituted 100% Coconut water content""]","[""-""]",[],,
Besan,more,plant-based-foods-and-beverages,8903023003497,,"[""500 g""]","[""Besan (Chickpea flour)""]","[""-""]",[],,https://images.openfoodfacts.org/images/products/890/302/300/3497/front_en.5.400.jpg
Chilli Red Long/Guntur,more,plant-based-foods-and-beverages,8903023004043,,"[""100 g""]","[""Chilli Red Long/Guntur""]","[""-""]",[],,
Tomato Desi Local,-,tomato,8904293703414,,"[""1 kg""]","[""Tomato""]","[""-""]",[],,
Gujarati Khichdi,fortune,plant-based-foods-and-beverages,8906008810844,,"[""200g""]","[""Jeerasar Rice (60%)"", ""Green Chilka Moong (30%)"", ""Bajra (4%)"", ""Jowar (4%)"", ""Ragi (1%)"", ""Black Sesame Seeds (0.50%)"", ""Flax Seeds (0.50%). Masala Mix (Seasoning): Salt"", ""Turmeric"", ""Cumin"", ""Chilli"", ""Ginger"", ""Black Pepper"", ""Clove"", ""Maltodextrine""]","[""sesame seeds""]",[],,
Grapes Sonaka Seedless,-,plant-based-foods-and-beverages,8904970588391,,"[""500g""]","[""Grapes""]","[""-""]",[],,https://images.openfoodfacts.org/images/products/890/497/058/8391/front_en.3.400.jpg
Dark Chocolate Peanut Butter,yoga-bar,plant-based-foods-and-beverages,8904335600695,,"[""400g""]","[""Roasted Peanuts 71%"", ""Dark Chocolate (Cocoa Solids"", ""Cocoa Butter"", ""Cocoa Powder"", ""Sugar"", ""Soy Lecithin & Natural Vanilla)"", ""Raw Sugar"", ""Cocoa Powder"", ""Probiotics SEB LBSC (Bacillus Coagulans) *100 million CFU per serving. Contains Added Natural Flavour: Rosemary Extract"", ""Chocolate. Commodity: 04.2.2.5 Nut Butter Proprietary Food. Storage Instructions: Store in a cool"", ""dry"", ""and hygienic place. Do not refrigerate. Allergen Advice: CONTAINS NUTS & SOY LECITHIN.""]","[""peanuts"", ""soybeans""]",[],,
Coffee Grand Premium,tata,plant-based-foods-and-beverages,8901090326051,,"[""3g""]","[""Coffee (98.5%)"", ""Nature-Identical Flavouring Substance""]","[""-""]",[],,
Pasta Masala,smith-jones,pasta-masala,8901595863051,,"[""7g""]","[""Iodised Salt"", ""Mixed Spices (20%) (Garlic"", ""Coriander"", ""Cumin"", ""Onior Chilli)"", ""Corn Flour"", ""Sugar"", ""Tomato Powder"", ""Flavour Enhancer (INS 635)"", ""Anticaking Agent (INS 551)"", ""Yeast Extract"", ""Acidity Regulator NS 330)"", ""Beet Root Powder"", ""Sunflower Oil"", ""Nature Identical Flavouring Substances. May contain: Wheat"", ""Soy"", ""Mustard"", ""Milk & Celery.""]","[""none""]",[],,https://images.openfoodfacts.org/images/products/890/159/586/3051/front_en.3.400.jpg
Eggs,siddipet,farming-products,8908020170029,,"[""6""]","[""Eggs""]","[""eggs""]",[],,
Makhana,zoff,plant-based-foods-and-beverages,8906097402937,,"[""100g""]","[""Roasted Fox Nuts""]","[""-""]",[],,
Dried Dates,dmart-premia-superior-quality,plant-based-foods-and-beverages,8903363004987,,"[""500g""]","[""Dry Dates""]","[""-""]",[],,
Omega 3,wow-life-science,fats,8906105617933,,"[""180 N""]","[""Fish Oil (Anchovies and Sardines)"", ""Gelatin"", ""Glycerine (INS 422) and Sorbitol (INS 420i)""]","[""fish"", ""gelatin""]",[],,https://images.openfoodfacts.org/images/products/890/610/561/7933/front_en.3.400.jpg
Lemon Juice,keya,beverages-and-beverages-preparations,8906066202308,,"[""250ml""]","[""Lemon Juice"", ""Preservative (INS224)""]","[""-""]",[],,
gochujang,urban-platter,condiments,5430446638270,,"[""170g""]","[""Ingredients Hot Pepper Powder (5.5%)"", ""Com Syrup"", ""Hot Pepper seasoning (Chill Powder)"", ""Water"", ""iodised Salt"", ""Garlic"", ""Onion"", ""Whole Wheat Flour (Atta)"", ""Acidity Requlator(E334)"", ""Mixed Seasoning Powder (Red Pepper Powder"", ""Whole wheat Flour (ATTA)"", ""Glucose"", ""Garlic Mixed Powder (Rice flour"", ""whole wheat Flour (Atta)"", ""Soy Flour"", ""Flavour Enhancer (INS 621)""]","[""gluten"", ""soybeans""]",[],,
no-nonsense plant protein chikmagalur mocha,cosmix,beverages-and-beverages-preparations,03221217,,"[""500 g""]","[""Protein Isolate Blend (Pea and Rice)"", ""Vegan Coconut Milk Powder"", ""Indonesian Cacao & Cocoa Blend"", ""Arabica Coffee"", ""Digestive Herb Blend (Ginger"", ""Fennel"", ""Cumin"", ""Fenugreek)"", ""Kerala Vanilla Bean Powder and Monk fruit.""]","[""-""]",[],,https://images.openfoodfacts.org/images/products/000/000/322/1217/front_en.3.400.jpg
Special Toned Milk,nandini,dairies,8906036674739,,"[""200ml""]","[""Milk Solids"", ""Added Vitamin A & Vitamin D Milk Fat: 4.0% (Min.)"", ""Milk SNF: 9.0% (Min.)""]","[""milk""]",[],,
Masala Oats and Millets,tata-soulfull,plant-based-foods-and-beverages,8906113490801,,"[""35g""]","[""Rolled Oats (50%)"", ""Foxtail Millet (Navane) (20%)"", ""Mixed Masala Powder (20%) (Maltodextrin"", ""lodised Salt"", ""Mixed Spices"", ""Refined Sugar)"", ""Natural Flavor"", ""Hydrolyzed Vegetable Protein"", ""Anticaking Agent(INS 551)"", ""Stabilizer (INS 414)"", ""Nature-Identical Flavor Substances"", ""Flavor Enhancers (INS 627"", ""INS 631))"", ""Jowar (5%) Dried Vegetables (Carrots-1.2%"", ""Onion-0.8%"", ""Peas-0.6%)"", ""Palm oil"", ""Dried Coriander Leaves (0.2%)"", ""Antioxidant (INS 320)""]","[""-""]",[],,
Dilicia Classic Curd,dilicia,dairies,8904284201035,,"[""500 g""]","[""Pasteurised Toned Milk"", ""Milk Solids"", ""Active Culture""]","[""milk""]",[],,https://images.openfoodfacts.org/images/products/890/428/420/1035/front_en.3.400.jpg
Choco ripple cookies,unibic,snacks,8906009076744,,"[""98.8 g * 5 units""]","[""Refined Wheat Flour (Maida)"", ""Sugar"", ""Edible Vegetable Oil (Palm)"", ""Golden Syrup"", ""Cocoa Powder (2%)"", ""Milk Solids"", ""Chocolate Chips (0.5%) [Sugar"", ""Cocoa Solids"", ""Cocoa Butter"", ""Dextrose and Emulsifiers (INS 322 from Soy"", ""INS 476)]"", ""Leavening Agents (INS 503 ii"", ""INS 500 ii)"", ""Emulsifiers (INS 322 from Soy"", ""INS 472e"", ""INS 435 and INS 471)"", ""lodised Salt"", ""Artificial Flavouring Substance (Vanillin). Allergen Advice: Contains Wheat"", ""Milk and Soy. May contain traces of Nut.""]","[""gluten"", ""milk"", ""soybeans""]",[],,
Premium Bake Bread,family,plant-based-foods-and-beverages,8908012456155,,"[""125g""]","[""Refined Wheat Flour (Maida)"", ""Water"", ""Sugar"", ""Yeast"", ""lodised Salt"", ""Edible Vegetable On (Palmolein/ Cotton Seed Oil/ Soyabean Ol)"", ""Gluten"", ""Soya Flour Preservatives (282"", ""341 ( Emulsifiers (471"", ""481 (1)"", ""472 (d)). Acidity Regulator (260)"", ""Improver (1100) & Antioxidants (300)""]","[""gluten""]",[],,
Rolled Oats,patanjali,plant-based-foods-and-beverages,8906032019282,,"[""200g""]","[""Rolled Oats""]","[""-""]",[],,
"Nestle Polo - The Mint With The Hole, 12g Pouch",nestle-sa,snacks,0089000498871,,"[""12g""]","[""Sugar"", ""Edible Starch"", ""Liquid glucose"", ""Anticaking agent (470(i))"", ""Natural flavour and Natural flavouring 44262944/LC00160111(0)/00 substances.""]","[""-""]",[],,https://images.openfoodfacts.org/images/products/008/900/049/8871/front_en.16.400.jpg
"Mentos - Mint Flavour, Chewy Toffee",perfetti,plant-based-foods-and-beverages,8901393017953,,"[""36.4g""]","[""SUGAR"", ""LIQUID GLUCOSE"", ""STARCH"", ""HYDROGENATED VEGETABLE OIL"", ""THICKENER (INS 414) STABILIZER (INS 1400)"", ""EMULSIFIER (INS 471). CONTAINS ADDED FLAVOURS (NATURAL AND NATURE-IDENTICAL FLAVOURING SUBSTANCES)""]","[""-""]",[],,
Maska Chaska,britannia,snacks,8901063367319,,"[""38 g""]","[""REFINED WHEAT FLOUR (MAIDA)"", ""REFINED (PALM & PALMOLEIN) OIL"", ""SUGAR"", ""LIQUID GLUCOSE"", ""RAISING AGENTS [503(ii)"", ""341(ii)"", ""500(ii) & 450(i)]"", ""BUTTER (1.2%)"", ""BLACK SALT"", ""MILK SOLIDS"", ""DEHYDRATED VEGETABLE (CHIVES) (1%)"", ""IODISED SALT"", ""NATURE IDENTICAL FLAVOURING SUBSTANCE AND DOUGH CONDITIONER (223).""]","[""gluten"", ""milk"", ""sulphur dioxide and sulphites""]",[],,
Low fat Panner,sid-s-farm,dairies,0072668479229,,"[""200g""]","[""Pasteurized Milk"", ""Curd/Lemon Juice Concentrate""]","[""milk""]",[],,https://images.openfoodfacts.org/images/products/007/266/847/9229/front_en.3.400.jpg
Protein Lassi - Rose Flavour,amul,beverages-and-beverages-preparations,8901262153348,,"[""200mL""]","[""cholesterol""]","[""-""]",[],,
Campa Cola,-,beverages,8904132992313,,"[""2L""]","[""CARBONATED WATER SUGAR"", ""ACIDITY REGULATORS (338"", ""331(iii))"", ""CAFFEINE (9.4 mg/100ml)"", ""COLOR (150d)"", ""PRESERVATIVE (211) NATURAL FLAVOURING SUBSTANCES""]","[""-""]",[],,
Honey,apis,breakfasts,8906135090713,,"[""500g""]","[""Honey""]","[""-""]",[],,
Organic Peanut Butter,alpino,plant-based-foods-and-beverages,8906127550065,,"[""1 kg""]","[""Roasted Organic Peanuts (100%)""]","[""peanuts""]",[],,https://images.openfoodfacts.org/images/products/890/612/755/0065/front_en.3.400.jpg
Milk Bread,mr-bakewell,plant-based-foods-and-beverages,8908014814038,,"[""400g""]","[""Refined Wheat Flour (Maida)"", ""Water"", ""Sugar"", ""Skimmed Milk Powder"", ""Edible Vegetable Oil (Palm Oil)"", ""Yeast"", ""lodized Salt"", ""Soya Flour"", ""Gluten"", ""Calcium Propionate (INS282)"", ""Bread Improver (INS 170(i)"", ""1100(i))"", ""Antioxidant (INS 300)""]","[""gluten"", ""milk"", ""soybeans""]",[],,
Amul Chocolate Brownie,amul,desserts,8901262172448,,"[""1L / 540 g""]","[""Milk solids"", ""sugar"", ""chocolate brownie (8%) [refined wheat flour"", ""cocoa solids"", ""sugar"", ""milk solids"", ""stabilizer (415)"", ""iodized salt]"", ""cocoa solids"", ""emulsifier (471)"", ""stabilizers (407"", ""466"", ""415"", ""412). Allergen Information: Contains milk"", ""wheat.""]","[""gluten"", ""milk""]",[],,
Soy paneer,bio-nutrients,vegan,8908001927154,,"[""200 gm""]","[""Water"", ""Soya Milk & Calcium Chloride""]","[""soybeans""]",[],,
Honey,phondaghat-pharmacy,breakfasts,8906018100157,,"[""50gm""]","[""100% Honey""]","[""-""]",[],,
Creamy Water Biscuits,pickwick,snacks,8902041020417,,"[""75g""]","[""Sugar"", ""Refined wheat flour (Maida)"", ""Edible vegetable hydrogenated oil"", ""Cocoa Solids (4%)"", ""Emulsifier (INS 322)"", ""lodized salt"", ""Leavening agent [INS 500 (ii)] CONTAINS PERMITTED SYNTHETIC FOOD COLOURS (INS 102"", ""110 & 133) AND ADDED FLAVOUR (ARTIFICIAL FLAVOURING SUBSTANCE - VANILLA)""]","[""gluten""]",[],,
Ghee,grb,dairies,8906010360085,,"[""182 g (200 ml)""]","[""Milk fat""]","[""milk""]",[],,https://images.openfoodfacts.org/images/products/890/601/036/0085/front_en.3.400.jpg
Pasteurised Buttermilk,katraj-dairy,dairies,8906041150501,,"[""500 ml""]","[""Water"", ""Curd"", ""lodised Salt CONTAINS MILK""]","[""milk""]",[],,
Qyno Deseeded Dates,lion,plant-based-foods-and-beverages,8906006720046,,"[""500 g""]","[""Wet Dates""]","[""-""]",[],,
Sandwich Bread,nilgiris,plant-based-foods-and-beverages,8901018018259,,"[""400g""]","[""Refined Flour"", ""Water"", ""Sugar"", ""Edible Vegetable Oil (Refined Palmolein Oil)"", ""Yeast"", ""lodised Salt"", ""Wheat Gluten"", ""Bread Improver INS-1100"", ""Preservative INS-282"", ""Soya Flour"", ""Emulsifier INS-471"", ""481"", ""Acidity Regulator-INS 260.""]","[""gluten"", ""soybeans""]",[],,
Date Crown Bumaan,date-crown,plant-based-foods-and-beverages,6291100212606,,"[""500g""]","[""Wet Dates""]","[""-""]",[],,https://images.openfoodfacts.org/images/products/629/110/021/2606/front_en.5.400.jpg
Vedaka Roasted Chana,vedaka,plant-based-foods-and-beverages,8903023006009,,"[""500g""]","[""Roasted Chana""]","[""-""]",[],,
Enerzal Orange Flavour,fdc,beverages-and-beverages-preparations,8902346050133,,"[""200ml""]","[""Water"", ""Sucrose (5.63%)"", ""Reconstituted to (10.5%) Orange Juice from Orange Juice Concentrate"", ""Glucose (1.64%)"", ""Acidity Regulators [INS 330"", ""INS 331(i)"", ""INS 339(i)]"", ""Nature Identical Flavouring Substance (Orange) and Natural Flavour"", ""Sodium Chloride"", ""Potassium Chloride"", ""Magnesium Sulphate"", ""Calcium Lactate & Colour(INS 110)""]","[""orange""]",[],,
Hot & sweet tomato chili sauce,Maggi,condiments,8901058895780,,"[""500 g""]","[""Water"", ""Sugar"", ""Tomato paste (11.9%)"", ""Red chilli puree (6.6%)"", ""Iodised salt"", ""Acidity regulator"", ""Starch"", ""Mixed Spices"", ""Garlic powder"", ""Thickener"", ""Onion powder and Preservative . May contains Milk & Nut.""]","[""-""]",[],,https://images.openfoodfacts.org/images/products/890/105/889/5780/front_en.3.400.jpg
Hershey's Spreads Cocoa with Almond,hershey-s,breakfasts,8901071701396,,"[""150g""]","[""Sugar"", ""Edible Vegetable Oil (Palm Oil)"", ""Milk Solids"", ""Cocoa Solids (4.7%)"", ""Almond Paste (3%)"", ""Hydrogenated Vegetable Fat (Palm Oil & Sesame Oil)"", ""Emulsifier (322(i))"", ""Flavours (Artificial Flavouring Substances-Almond and Vanilla) & Edible Common Salt ALLERGEN INFORMATION: CONTAINS MILK"", ""SOY AND NUT. MAY CONTAIN WHEAT.""]","[""milk"", ""nuts"", ""sesame seeds"", ""soybeans""]",[],,
Poha,laxmi,plant-based-foods-and-beverages,9972223558020,,"[""1kg""]","[""Rice Poha""]","[""-""]",[],,
Thums Up,coca-cola,beverages-and-beverages-preparations,8901764042805,,"[""1.25 l""]","[""CARBONATED WATER"", ""SUGAR"", ""ACIDITY REGULATOR (338)"", ""CAFFEINE (81 mg/100 g)"", ""SWEETENER (960)"", ""COLOUR (150 d)"", ""FLAVOURS (NATURAL"", ""NATURE-IDENTICAL & ARTIFICIAL (COLA) FLAVORING SUBSTANCES)""]","[""-""]",[],,https://images.openfoodfacts.org/images/products/890/176/404/2805/front_en.26.400.jpg
Brown Bread,kwality,plant-based-foods-and-beverages,8906007610124,,"[""400g""]","[""Whole Wheat Flour (Atta)"", ""Water"", ""Refined Wheat Flour (Maida)"", ""Wheat Bran"", ""Suga Wheat Gluten"", ""Malt Extract"", ""lodized Sat Hydrogenated Vegetable (Palm) Fat"", ""Edible Vegetable (Palm) Oil"", ""CLASS 11 PRESERVATIVE (INS 282). ACIDITY REGULATOR (INS 260)"", ""EMULSIFIER (INS 481)"", ""IMPROVERS (INS 1100"", ""170(1)) & ANTIOXIDANT (INS 300)""]","[""gluten""]",[],,
Vanilla ice cream,dinshaw,desserts,8904052566069,,"[""700ml""]","[""Water"", ""Milk Solids"", ""Sugar"", ""Liquid Glucose"", ""Emulsifiers (471"", ""433)"", ""Stabilizers (412"", ""410"", ""466"", ""407). CONTAINS ADDED FLAVOUR (NATURE IDENTICAL ARTIFICIAL FLAVOURING SUBSTANCES-VANILLA). Numbers given in bracket indicate Numbers as per International Numbering System (INS) Allergen Contanins: Milk""]","[""milk""]",[],,
Compounded Asafoetida Powder,aachi,condiments,8906021120135,,"[""50 g""]","[""Gum Arabic"", ""Refined Wheat Flour (Maida"", ""approx 30%) and Asafoetida""]","[""gluten""]",[],,
Tomato Ketchup,Heinz,condiments,8908012605010,,"[""450 g""]","[""Water Tomato Paste (26%)"", ""Sugar"", ""Brewed Vinegar"", ""lodized Salt"", ""Mixed Spices and Herbs"", ""Onion & Garlic.""]","[""-""]",[],,https://images.openfoodfacts.org/images/products/890/801/260/5010/front_en.30.400.jpg
Green Cardamom,good-life,plant-based-foods-and-beverages,8904132972339,,"[""50g""]","[""Green Cardamom""]","[""-""]",[],,
BIRYANI MASALA,eastern,condiments,8901440013020,,"[""100g""]","[""Coriander"", ""Bay leaf"", ""Chilli"", ""Turmeric"", ""Fennel"", ""Cardamom"", ""Cinnamon"", ""Black pepper"", ""Kashmiri chilli"", ""Salt"", ""Clove"", ""Nutmeg"", ""Cumin""]","[""-""]",[],,
Geki Hot & Spicy Korean Cheese,nissin,plant-based-foods-and-beverages,8901014000371,,"[""80 g""]","[""NOODLES (80.00%): Refined Wheat Flour (Maida)"", ""Edible Vegetable Oil (Palm Oil)"", ""Tapioca Starch"", ""lodised Salt"", ""Acidity Regulators [INS 451(i) & INS 500(i)]"", ""Turmeric Powder"", ""Thickener (INS 412)& Antioxidant (INS 319). SEASONING MIX (12.50%): Sugar"", ""Skimmed Milk Powder"", ""Cheese Powder"", ""Garlic Powder"", ""Hydrolysed Vegetable Protein Powder (Soya)"", ""lodised Salt"", ""Flavours (Natural & Nature Identical)"", ""Yeast Extract Powder"", ""Onion Powder"", ""Flavour Enhancers (INS 631 & INS 627)"", ""Mixed Spices (Ginger"", ""Black Pepper"", ""Red Chilli"", ""Cumin & Turmeric)"", ""Acidity Regulator (INS 330). Oleoresin Capsicum & Anticaking Agent (INS 551). SEASONING OIL (7.50%): Edible Vegetable Oil (Palmolein"", ""Soya Bean Oil & Chilli Seed Oil)"", ""Colour [INS 160c(i)]&Oleoresin Rosemary. ALLERGEN INFORMATION: CONTAINS WHEAT SOY & MILK. Mid. by: INDO NISSIN FOODS PVT. LTD."", ""No.1102"", ""11th Floor"", ""Raheja Towers"", ""West Wing fssai MG Road"", ""Bengaluru-560001"", ""Kamalaka Lic.No. 10013043000622 Mid. at: Refer to the panel below (Ror O) after PKD R191 Kms. NH-8"", ""Delhi-Jaipur Road"", ""Village-Deodhai"", ""Tehsil Bawal Be123 401. Haryana. Lic.No. 10012064000056 sing Park Khordha Industrial No 10015032000243 2. Drain out the water. THER""]","[""gluten"", ""milk"", ""soybeans""]",[],,https://images.openfoodfacts.org/images/products/890/101/400/0371/front_en.3.400.jpg
Seeds saunf flavoured,Tic Tac,green-dot-india,8000500367599,,"[""7.2 g""]","[""SUGAR"", ""FENNEL SEEDS POWDER (6.7%)"", ""MALTODEXTRIN"", ""THICKENER (INS 414)"", ""RICE STARCH"", ""ANTICAKING AGENT (INS 470(i))"", ""FLAVOURS (NATURAL FLAVOURS AND FLAVOURING SUBSTANCES)"", ""GLAZING AGENT (INS 903). ALLERGEN INFORMATION: MAY CONTAIN TRACES OF WHEAT"", ""RYE"", ""BARLEY"", ""OATS"", ""SPELT"", ""KHORASAN""]","[""-""]",[],,
Slim 'n' Trim,amul,dairies,8901262261197,,"[""190mL""]","[""PASTEURISED HOMOGENISED DOUBLE TONED MILK mation: Contains milk.""]","[""milk""]",[],,
Roasted Makhana,munchiez,plant-based-foods-and-beverages,8901088074063,,"[""75g""]","[""Roasted Makhana (Fox Nut) (58%)"", ""Edible Vegetable Oil (Refined Rice Bran Oil)"", ""Sugar"", ""Maltodextrin"", ""Iodised Salt"", ""~Spices and Condiments"", ""Milk Solids"", ""Flavour (Natural and Nature Identical Flavouring Substance)"", ""Flavour Enhancer (INS 627"", ""INS 631)"", ""Cheese powder (0.05%)""]","[""milk""]",[],,https://images.openfoodfacts.org/images/products/890/108/807/4063/front_en.9.400.jpg
All in One,lalji,snacks,8906045580236,,"[""400g""]","[""EDIBLE VEGETABLE OIL (Cotton Seed oil and/or Palmonien Oil"", ""HUSKED GRAM (Pulse 14.0% Flour 5.5 %)"", ""Peanuts (12.5%)"", ""Lentil (9.0%)"", ""Husked Dew Gram"", ""Rice Flakes (6.5%)"", ""Whole Gram"", ""Potato Solids"", ""Peas"", ""Cornflakes"", ""Edible Salt"", ""Watermelon Seeds"", ""Spices & Condiments and Citric Acid (E330).""]","[""peanuts""]",[],,
Dryfruit Bar - Choco Almonds,happilo,snacks,8906081128836,,"[""15g""]","[""Cashews"", ""Dates"", ""California Almonds"", ""Cocoa powder"", ""Ragi Crispies""]","[""nuts""]",[],,
Rice Bran Oil,fortune,plant-based-foods-and-beverages,8906007280693,,"[""1L""]","[""RICE BRAN OIL""]","[""-""]",[],,
Bansi Rava,Aashirvaad,plant-based-foods-and-beverages,8901725001087,,"[""1kg""]","[""Bansi Rava (Granulated Durum Wheat)""]","[""gluten""]",[],,https://images.openfoodfacts.org/images/products/890/172/500/1087/front_en.5.400.jpg
White Sliced Bread,moreish,plant-based-foods-and-beverages,8906030460055,,"[""400g""]","[""Refined Wheat Flour (Maida)"", ""Sugar"", ""Yeast"", ""lodised Salt"", ""Soya Flour"", ""Vegetable Oil (Refined Palmolien Oil)"", ""Preservatives (282)"", ""Acidity Regulator (260)"", ""Flour Treatment Agent (1100)"", ""Improvers [1100(i)"", ""1104)"", ""Antioxidant (300).""]","[""gluten"", ""soybeans""]",[],,
Chocolate Cream Wafers,manna,snacks,8906008354508,,"[""75g""]","[""Sugar"", ""Refined Wheat Flour (Maida)"", ""Edible Vegetable Fat and Oil"", ""Multigrain Blend ((15%) Oats"", ""Jowar"", ""Foxtail)"", ""Starch"", ""Milk Solids"", ""Maltodextrin"", ""Wheat Fibre"", ""Real Chocolate (0.5%)"", ""Emulsifier (INS 322)"", ""Edible Common Salt"", ""Raising Agent (INS 500 (ii))"", ""Dough Conditioner (INS 223)""]","[""gluten"", ""milk""]",[],,
French Yogurt,mamie-yova,dairies,8908014665289,,"[""400g""]","[""Pasteurized Milk"", ""Water"", ""Stabilizer (INS 1442)"", ""permitted starter cultures"", ""Active permitted starter cultures: (L. delbrueikil subsp. Bulgaricus"", ""S. thermophilus). Contains probiotic cultures: (Bifidobacterium and Lactobacillus acidophilus).""]","[""milk""]",[],,https://images.openfoodfacts.org/images/products/890/801/466/5289/front_en.3.400.jpg
French Yogurt,mamie-yova,dairies,8908014665296,,"[""90g""]","[""Pasteurized Milk"", ""Water"", ""Stabilizer (INS 1442)"", ""permitted starter cultures"", ""Active permitted starter cultures: (L. delbrueikil subsp. Bulgaricus"", ""S. thermophilus). Contains probiotic cultures: (Bifidobacterium and Lactobacillus acidophilus).""]","[""milk""]",[],,
Raw Peanut,my-kitchen,plant-based-foods-and-beverages,8908012586104,,"[""500g""]","[""Peanut""]","[""peanuts""]",[],,
"parle 20,20 Nice sugar",parle,snacks,8901719119385,,"[""68.75g""]","[""REFINED WHEAT FLOUR (MAIDA)"", ""SUGAR"", ""REFINED PALM OIL"", ""DESICCATED COCONUT POWDER (5%)"", ""INVERT SUGAR SYRUP"", ""RAISING AGENTS (503 (i)"", ""500 (i) 1"", ""IODISED SALT AND EMULSIFIER OF VEGETABLE ORIGIN (472e). CONTAINS ADDED FLAVOUR (ARTIFICIAL FLAVOURING SUBSTANCES-COCONUT). INCLUDING 2% AS SPRINKLED SUGAR""]","[""gluten""]",[],,
Honitus Cough Drops Ginger,dabur,snacks,8901207042263,,"[""250g""]","[""Each cough drop is prepared/derived from Karpura (Cinnamomum camphora"", ""WP"", ""Sub. Ext)"", ""Peppermint Satva (Menthol)"", ""Nilgiri Oil (Eucalyptus globulus"", ""Lf"", ""Oil)"", ""Shunthi Oil (Zingiber officinale"", ""Rz"", ""Oil)"", ""Madhu (Honey)""]","[""-""]",[],,https://images.openfoodfacts.org/images/products/890/120/704/2263/front_en.3.400.jpg
kissan,kissan,condiments,8901030921667,,"[""1""]","[""WATER"", ""TOMATO PASTE* (28%)"", ""SUGAR"", ""IODISED SALT"", ""ACIDITY REGULATOR - E260"", ""STABILIZERS - E1422"", ""E415"", ""PRESERVATIVE - E211"", ""ONION POWDER"", ""GARLIC POWDER"", ""SPICES AND CONDIMENTS.""]","[""none""]",[],,
Taj Mahal 1kg,brook-bond,plant-based-foods-and-beverages,8901030658778,,"[""1 KG""]","[""rusbea VERIFIED Environment"", ""Safety"", ""Livelihoods for more details visit www.trustea.org 00 8 901030 658778&quot"", ""&gt"", ""69757833 12m""]","[""-""]",[],,
Groundnut,safe-harvest,plant-based-foods-and-beverages,8903794504490,,"[""500g""]","[""Groundnut""]","[""-""]",[],,https://images.openfoodfacts.org/images/products/890/379/450/4490/front_en.3.400.jpg
Pistachios,vinod,plant-based-foods-and-beverages,8908006666034,,"[""250 g""]","[""PISTA & EDIBLE COMMON SALT""]","[""-""]",[],,
Kelloggs Crunchy Granola Almonds & Cranberries,Kellogg's,plant-based-foods-and-beverages,8901499009715,,"[""460 g""]","[""Rolled Oats (25.1%)"", ""Candied Fruit And Nut (24%^) { Candied Cranberry (15%)"", ""Almonds (9%)}"", ""Sugar"", ""Oat Flour (10.7%)"", ""Edible Vegetable Oil (Palmolein)"", ""Rice (4.2%)"", ""Whole Wheat (3.9%)"", ""Rice Flour (2.7%)"", ""Liquid Glucose"", ""Corn Meal (1.8%)"", ""Honey"", ""Cereal Extract"", ""Wheat Bran (0.6%)"", ""Refined Wheat Flour (Maida) (0.5%)"", ""lodized Salt"", ""Dextrose"", ""Flavours {Nature Identical And Artificial (Cream))"", ""Barley Flour (0.1%)"", ""Vitamins"", ""Raising Agent (INS 500ii)"", ""Minerals"", ""Antioxidant (INS 320) CONTAINS WHEAT"", ""BARLEY"", ""OATS AND NUT (ALMONDS). MAY CONTAIN SOY AND MILK.""]","[""gluten"", ""milk"", ""nuts""]",[],,
Multigrain Dosa,mtr,plant-based-foods-and-beverages,8901042964478,,"[""500g""]","[""Multigrain Flour (32.2% of which is Corn"", ""Ragi"", ""Barley and Oats)"", ""Rice"", ""Blackgram splits"", ""Refined wheat flour Rice flakes"", ""Edible vegetable fat (Palmolein oil and Sesame Oil)"", ""Salt"", ""Leavening Agent Sodium Bicarbonate (E 500) Acidity regulatory Malic Acid (E 296) and Fenugreek.""]","[""gluten"", ""sesame seeds""]",[],,https://images.openfoodfacts.org/images/products/890/104/296/4478/front_en.3.400.jpg
Chandan Regal Rose Mix,chandan,mouth-freshener,8904018605238,,"[""180g""]","[""(Fennel Seeds"", ""Amaranth Seeds"", ""Coriander Seeds"", ""Sesame Seeds"", ""Added Sugar)78%"", ""Candied Papaya 8%"", ""Indian Gooseberry 7.8%"", ""Dry Dates 6%"", ""Rose Petals 0.2% & Spice Extract. CONTAINS PERMITTED NATURAL FOOD COLOURS - INS-100 (i)"", ""INS-140"", ""INS-150d & INS-160b. CONTAINS NATURE IDENTICAL FLAVOUR-ROSE.""]","[""sesame seeds""]",[],,
Dry fruit mix,haldiram-s,snacks,8904004402131,,"[""200 g""]","[""Refined Palmolein Oil"", ""Split Pulse Moong (Moong Dal)"", ""Potato"", ""Almonds(12.5%)"", ""Cashew Nuts (12.5%)"", ""Raisins (8%)"", ""Bengal Gram Flour (Besan)"", ""Spinach"", ""Cucumber Seed"", ""Edible Common Salt"", ""Black Pepper Powder"", ""Dried Mango Powder"", ""Red Chilli Powder"", ""Pipal"", ""Clove Powder"", ""Colour (INS 140(i))"", ""Dried Ginger Powder"", ""Cumin"", ""Bay Leaves"", ""Nutmeg"", ""Cinnamon & Asafoetida. Allergen: Contains Almonds & Cashews May Contains Peanut"", ""Sesame Seed"", ""Milk"", ""Soy"", ""Mustard Seed"", ""Sulphite & Wheat""]","[""gluten"", ""milk"", ""nuts"", ""sesame seeds"", ""soybeans""]",[],,
gol kachauri,haldiram-s,snacks,8904004414509,,"[""200 g""]","[""TRADITI Refined Wheat Flour (Maida)"", ""Refined Palmolein Oil"", ""Bengal Gram Flour (Besan)"", ""Refined Sugar"", ""Cashew Nuts"", ""Hydrogenated Vegetable Oil (Vanaspati)"", ""Red Chilli Powder"", ""Edible Common Salt"", ""Acidity Regulator (INS 330)"", ""Dried Mango Powder"", ""Cumin Powder"", ""Dried Ginger Powder"", ""Green Chilli"", ""Coriander Powder"", ""Black Pepper"", ""Cinnamon"", ""Clove"", ""Fennel Seed"", ""Cardamom"", ""Bay Leaf"", ""Turmeric & Black Salt. Allergen: Contains Wheat & Cashews May Contains Milk"", ""Almond"", ""Peanut"", ""Sesame Seed"", ""Soy & Mustard Seed""]","[""gluten"", ""nuts"", ""peanuts"", ""sesame seeds""]",[],,https://images.openfoodfacts.org/images/products/890/400/441/4509/front_en.3.400.jpg
Breakfast protein bar,yoga-bar,snacks,8908005144359,,"[""45g""]","[""Whole Grains 20% (Rolled Oats 10%"", ""Brown Rice"", ""Foxtail millet 6%"", ""Quinoa 4%)"", ""Seeds 17% (Sunflower"", ""Sesame"", ""Flax"", ""Watermelon"", ""Pumpkin"", ""Chia)"", ""Honey"", ""Prebiotic fibre (Fructo-oligosaccharide)"", ""Nuts (Almonds 7%"", ""Peanuts)"", ""Rice crisps"", ""Soy crisps"", ""Dried Cranberry"", ""Dried Blueberry 2%"", ""Banana & Strawberry puree. Apple fibre"", ""Gum Acacia"", ""Himalayan pink salt. CONTAINS ADDED NATURAL FLAVOUR (Rosemary extract"", ""Blueberry extract)""]","[""nuts"", ""peanuts"", ""sesame seeds""]",[],,
Walnut Kernels,vinod,plant-based-foods-and-beverages,8908006666171,,"[""250 g""]","[""walnut""]","[""nuts""]",[],,
Saffola Honey 1 Kg,Saffola,breakfasts,8901088069083,,"[""1kg""]","[""Honey (100%).""]","[""-""]",[],,https://images.openfoodfacts.org/images/products/890/108/806/9083/front_en.3.400.jpg
Mango Slice 1.75ltr,pepsico-inc,plant-based-foods-and-beverages,8902080404575,,"[""29""]","[""WATER"", ""SUGAR"", ""*CONCENTRATED MANGO PULP & ALPHONSO MANGO PULP (14% MANGO PULP)"", ""ACIDITY REGULATOR (330)"", ""STABILIZERS (466"", ""440) FLAVOUR (NATURAL AND NATURE IDENTICAL FLAVOURING SUBSTANCES)"", ""PRESERVATIVE (202)"", ""COLOUR (110). *14% MANGO PULP IN RECONSTITUTED BEVERAGE SHARE BACK""]","[""-""]",[],,
Fruit Cake with Raisin & Tutti Frutti,winkies,snacks,8906005610591,,"[""130 g""]","[""REFINED WHEAT FLOUR (MAIDA)"", ""SUGAR"", ""EGGS"", ""BAKERY SHORTENING"", ""PALM OIL"", ""FRUIT CUTS (6%)"", ""WATER"", ""HUMECTANTS (INS 422"", ""INS 420)"", ""RAISINS (4%)"", ""LIQUID GLUCOSE"", ""MIXED FRUIT JAM"", ""PALMOLEIN OIL"", ""CAKE GEL (INS 471"", ""INS 477"", ""INS 1520"", ""INS 420"", ""INS 412)"", ""RAISING AGENT [BAKING POWDER AND INS 500(ii)]"", ""ARTIFICIAL FLAVOUR (VANILLA)"", ""EDIBLE COMMON SALT"", ""PRESERVATIVES (INS 282"", ""INS 200)"", ""ACIDITY REGULATOR (INS 260)"", ""EMULSIFIER (INS 471)"", ""STABILIZER ( INS 412 AND INS 415)"", ""NATURE-IDENTICAL AND NATURAL FLAVOUR (ORANGE AND LEMON). (Numbers in brackets as per International Numbering System) Hydrogenated Vegetable Fat used contains Trans Fat CONTAINS WHEAT"", ""SOY AND EGG INGREDIENTS. POLYOLS MAY HAVE LAXATIVE EFFECT PROPRIETARY FOOD CAKE 7.2.1""]","[""eggs"", ""gluten"", ""orange"", ""soybeans""]",[],,
Vijaya Vajra,vijaya,dairies,8901622072012,,"[""500ml""]","[""Milk"", ""Milk Solids Enriched with Vitamin A & D""]","[""milk""]",[],,
Sofit Soya Drink (Kesar Pista Flavour) 1ltr,hershey-s-india,plant-based-foods-and-beverages,8901071306119,,"[""1 l""]","[""WATER"", ""SOYABEANS(13.6%)"", ""SUGAR"", ""MINERAL (TRICALCIUM PHOSPHATE)"", ""EMULSIFIER (460(i)"", ""466)"", ""ACIDITY REGULATOR (500 ii)"", ""EDIBLE COMMON SALT"", ""OLIGOFRUCTOSE (DIETARY FIBRE) (0.12%)"", ""FLAVOURS (ARTIFICIAL (KESAR PISTA) AND NATURE IDENTICAL FLAVOURING SUBSTANCES)"", ""VITAMIN E (ACETATE)"", ""VITAMIN A (ACETATE)"", ""VITAMIN B1 (THIAMINE MONONITRATE)"", ""VITAMIN B2 (RIBOFLAVIN) AND VITAMIN B12 (CYANOCOBALAMIN).\nALLERGEN INFORMATION: CONTAINS SOY""]","[""soybeans""]",[],,https://images.openfoodfacts.org/images/products/890/107/130/6119/front_en.4.400.jpg
Bhujia,haldiram-s,snacks,8904063240071,,"[""38 g""]","[""Tepary Beans Flour"", ""Edible Vegetable Oil (Cotton Seed"", ""Corn"", ""Palmolein"", ""Ground Nut and Rice Bran)"", ""Gram Pulse Flour"", ""lodised Salt"", ""*Spices & Condiments (Red Chilli Powder"", ""Black Pepper Powder"", ""Ginger Powder"", ""Clove Powder"", ""Mace Powder"", ""Nutmeg Powder and Cardamom Powder). &quot"", ""Used as natural flavouring substances. Contains Peanut""]","[""peanuts""]",[],,
Multigrain Chips Sour Cream N Onion,bb-gooddiet,snacks,8904256711593,,"[""30g""]","[""Multigrain flour (65%) (Jowar flour"", ""Rice flour"", ""Corn flour)"", ""Edible vegetable oil (Refined sunflower oil)"", ""Seasoning (Sugar"", ""Milk solids"", ""lodised salt"", ""Onion powder"", ""Dehydrated herbs"", ""Acidity regulators (INS 270"", ""INS 330)"", ""Flavour enhancers (INS 627"", ""INS 631)"", ""Edible vegetable fat (Palm)"", ""Anticaking agent (INS 551) and Antioxidant (INS 300"", ""INS 319))"", ""Dehydrated potato flour & lodised salt.""]","[""milk""]",[],,
Karare Twisties Masala Blast,Too Yumm,biscuits-aperitifs,8906090574495,,"[""65g""]","[""Corn Flour"", ""Edible Vegetable Oil (Rice Bran)"", ""Seasoning [Sugar"", ""Spices and Condiments (Contains Chili)"", ""lodised Salt"", ""Maltodextrin"", ""Natural and Nature Identical Flavouring Substances"", ""Hydrolysed Vegetable Protein"", ""Stabilizer (INS 414)"", ""Anticaking Agent (INS 551)"", ""Flavour Enhancers (INS 627"", ""INS 631)]"", ""Whole Wheat Flour (Atta)"", ""Oats"", ""Semolina"", ""Anticaking Agent (INS 170)"", ""lodised Salt *Used as natural flavouring agent""]","[""gluten""]",[],,https://images.openfoodfacts.org/images/products/890/609/057/4495/front_en.3.400.jpg
Crunchies Millet Cones,Saffola,chips-and-fries,8901088722964,,"[""45g""]","[""CEREAL PRODUCT RAGI MILLET FLOUR (24.8%)"", ""CORN MEAL"", ""RICE FLOUR]"", ""REFINED RICE BRAN OIL"", ""STARCH"", ""SUGAR"", ""SPICES AND CONDIMENTS"", ""ODISED SALT"", ""MINERAL"", ""DEHYDRATED MANGO POWDER MALTODEXTRIN"", ""MILK SOLIDS"", ""DEXTROSE"", ""RAISING AGENT [500 (ii)]"", ""FLAVOUR (NATURAL AND NATURE IDENTICAL FLAVOURING SUBSTANCE)"", ""HYDROLYSED VEGETABLE PROTEIN"", ""ACIDITY REGULATORS [330"", ""262(ii)]"", ""FLAVOUR ENHANCER (627"", ""631)"", ""YEAST EXTRACT""]","[""milk""]",[],,
D'lecta Mozzarella Cheese,d-lecta,dairies,8906010090739,,"[""140g""]","[""Mozzarella Cheese (Pasteurised Milk"", ""Pasteurised Skimmed Milk"", ""lodised Salt"", ""Stabilizer (INS 509)"", ""Microbial cultures and Microbial Rennet).""]","[""milk""]",[],,
Choco Cereal,yoga-bar,plant-based-foods-and-beverages,8904335601593,,"[""345 g""]","[""BASE: MILLETS"", ""PULSES & CEREALS 77% (JOWAR BAJRA"", ""RAGI"", ""CHANA DAL"", ""OATS"", ""MOONG DAL"", ""QUINOA)"", ""MILK SOLIDS"", ""RICE BRAN OIL COATING: ORGANIC SUGAR"", ""COCOA"", ""RICE BRAN OIL. CONTAINS ADDED NATURAL FLAVOUR: VANILLA"", ""ROSEMARY"", ""CHOCOLATE.""]","[""gluten"", ""milk""]",[],,
Qyno Deseeded Dates,lion,plant-based-foods-and-beverages,8906006720015,,"[""100 g""]","[""Dates""]","[""-""]",[],,https://images.openfoodfacts.org/images/products/890/600/672/0015/front_en.3.400.jpg
Agmark Ghee Special Grade,aavin,dairies,8904011311051,,"[""910 g""]","[""Ghee""]","[""milk""]",[],,
Sting Energy Drink,sting-energy,beverages,8902080495023,,"[""250ml""]","[""Carbonated Water"", ""Sugar"", ""Acidity regulators (330"", ""331)"", ""Flavour (Natural and Nature Identical Flavouring Substances)"", ""Sequesterants (452(i)"", ""385)"", ""Taurine"", ""Caffeine (29mg/100ml*)"", ""Preservatives (211"", ""202)"", ""Sweeteners (955"", ""950)"", ""Colour(129)"", ""Inositol"", ""Vitamins Premix.""]","[""-""]",[],,
Mr Makhana (Black Salt),mr-makhana,fox-nuts,8906160650722,,"[""60 grams""]","[""Makhana (Fox Nuts) 70%"", ""Olive Oil"", ""Seasoning (Malto-Dextrin"", ""Black Salt).""]","[""-""]",[],,https://images.openfoodfacts.org/images/products/890/616/065/0722/front_en.3.400.jpg
Fenugreek Seeds,bharat-masala,plant-based-foods-and-beverages,8904075600788,,"[""100gm""]","[""METHI (Fenugreek Seeds)""]","[""-""]",[],,
Good Daily Milk 1ltr,go,dairies,8906001028222,,"[""1L""]","[""Milk and Milk solids""]","[""milk""]",[],,
Walnut Kernels,nutraj,plant-based-foods-and-beverages,8906019770328,,"[""250g""]","[""Walnut Kernels.""]","[""nuts""]",[],,https://images.openfoodfacts.org/images/products/890/601/977/0328/front_en.3.400.jpg
KitKat Chunky Caramel,Nestlé,snacks,6294017124031,,"[""42 g""]","[""Sugar"", ""Caramel filling (20.1%) (Glucose fructose syrup"", ""Milk solids"", ""Glucose syrup"", ""Fractionated vegetable fat"", ""Sugar and Salt)"", ""Milk solids"", ""Cocoa solids (8.4%)"", ""Refined wheat flour (Maida)"", ""Cocoa butter (3.9%)"", ""Palm kernel oil"", ""Shea butter"", ""Palm oil"", ""Emulsifier (322(i)) and Raising agent (500(ii)). Contains Wheat and Milk. May contains Soy and Nut.""]","[""gluten"", ""milk"", ""nuts"", ""soybeans""]",[],,
Swing+ Slurpy Mango,paper-boat,plant-based-foods-and-beverages,8906080603938,,"[""250 ml""]","[""WATER"", ""SUGAR"", ""MANGO PULP CONCENTRATE (6.3%)#"", ""ACIDITY REGULATOR (330)"", ""FLAVOURS (NATURE-IDENTICAL AND NATURAL FLAVOURING SUBSTANCES)"", ""STABILIZERS (466"", ""415)"", ""PRESERVATIVES (202"", ""242)"", ""FOOD COLOURS (102"", ""110) AND VITAMIN D2 (ERGOCALCIFEROL). '\r\n#RECONSTITUTED 13% MANGO JUICE.""]","[""-""]",[],,
Dharwad Peda,lal,desserts,5079292460446,,"[""200g""]","[""Sugar"", ""Milk Solids"", ""Edible Vegetable Oil (Palmolein) and Clarified Butter (Desi Ghee).""]","[""milk""]",[],,
Black Bourbon,parle,snacks,8901719123085,,"[""300 g""]","[""SUGAR*"", ""REFINED WHEAT FLOUR (MAIDA)"", ""REFINED PALM OIL"", ""COCOA SOLIDS (7.5%)"", ""INVERT SUGAR SYRUP"", ""IODISED SALT"", ""RAISING AGENTS [503 (ii)"", ""500 (ii)] AND EMULSIFIER OF VEGETABLE ORIGIN [SOY LECITHIN ]. CONTAINS PERMITTED NATURAL COLOUR [150d] AND ADDED FLAVOURS (ARTIFICIAL FLAVOURING SUBSTANCES CHOCOLATE"", ""VANILLA ). *INCLUDING 2% AS SPRINKLED SUGAR CONTAINS: WHEAT AND SOY""]","[""gluten"", ""soybeans""]",[],,https://images.openfoodfacts.org/images/products/890/171/912/3085/front_en.5.400.jpg
Urad Dal,good-life,plant-based-foods-and-beverages,8902901027280,,"[""2kgs""]","[""Urad Washed Gota / Black Gram""]","[""-""]",[],,
Little Hearts Classic,britannia,snacks,8901063019027,,"[""75g""]","[""REFINED WHEAT FLOUR (MAIDA)"", ""SUGAR (23%)"", ""REFINED PALMOLEIN&PALM OIL"", ""RAISING AGENTS [503 (ii) & 500(ii)]"", ""MILK SOLIDS"", ""IODISED SALT"", ""YEAST AND EMULSIFIER [322(i)]. (Numbers in brackets as per International Numbering System) CONTAINS WHEAT"", ""MILK AND SOYA.""]","[""gluten"", ""milk"", ""soybeans""]",[],,
yavira,kimaya-himalayan-beverages,beverages,8906113870139,,"[""500 ml""]","[""Water"", ""Barley Malt"", ""Rice"", ""Hops"", ""CO₂"", ""Yeast"", ""Ethyl Alcohol (generated during process)"", ""permitted colours (INS 150c)""]","[""gluten""]",[],,https://images.openfoodfacts.org/images/products/890/611/387/0139/front_en.13.400.jpg
Frooti Mango Drink,parle,mango-based-beverage,8902579104016,,"[""250ml""]","[""water sugar mango pulp acidity ins330 ins331 stabilizer ins466 ins415 presentative ins211 ins300""]","[""-""]",[],,
Laxmi Compounded Asafoetida Yellow powder,laxmi,plant-based-foods-and-beverages,8904012501017,,"[""50g""]","[""WHEAT FLOUR"", ""EDIBLE GUM"", ""ASAFOETIDA"", ""CONTAINS PERMITTED NATURAL COLOUR"", ""WHEAT FLOUR : 60% APPX.""]","[""gluten""]",[],,
Gowardhan Star Dahi,gowardhan,dairies,8906001022626,,"[""500g""]","[""Pasteurized skimmed milk"", ""Milk solids and active culture.""]","[""milk""]",[],,https://images.openfoodfacts.org/images/products/890/600/102/2626/front_en.10.400.jpg
Superyou Protein Wafer,superyou,snacks,8908024977020,,"[""10 g""]","[""PROTEIN BLEND (FERMENTED NUTRITIONAL YEAST PROTEIN (22%) + MILK SOLIDS)"", ""EDIBLE VEGETABLE FATS (HYDROGENATED COCONUT OILS"", ""INS 322)"", ""SWEETENER (INS 965(i))"", ""REFINED WHEAT FLOUR (MAIDA)"", ""PEANUT BUTTER (14%)"", ""COCOA SOLIDS"", ""STARCH"", ""EMULSIFIERS (INS 322"", ""INS 476)"", ""EDIBLE COMMON SALT"", ""IMPROVER ENZYME.\nCONTAINS ADDED FLAVORS-NATURAL FLAVORING SUBSTANCES (CHOCOLATE)"", ""NATURE IDENTICAL FLAVORING SUBSTANCES (CHOCOLATE"", ""COCOA BUTTER"", ""PEANUT)"", ""ARTIFICIAL FLAVOURING SUBSTANCES (ETHYL VANILLIN).""]","[""gluten"", ""milk"", ""peanuts""]",[],,
Tata Sampann California Almonds,tata-sampann,plant-based-foods-and-beverages,8904043904627,,"[""200g""]","[""Almonds""]","[""nuts""]",[],,
Chourasiya Salted Pista,chourasiya,plant-based-foods-and-beverages,00100026,,"[""250 g""]","[""Salted Pista""]","[""-""]",[],,
Jumbo Rolled Oats,pintola,plant-based-foods-and-beverages,8906136651456,,"[""1 kg""]","[""100% Jumbo Rolled Oats.""]","[""-""]",[],,https://images.openfoodfacts.org/images/products/890/613/665/1456/front_en.4.400.jpg
Classic,nescafe,beverages-and-beverages-preparations,8901058903522,,"[""190g""]","[""Coffee Beans""]","[""-""]",[],,
Mamra giri Almond,bliss,plant-based-foods-and-beverages,8906017440902,,"[""250g""]","[""Mamra Giri (Almond Kernel)""]","[""-""]",[],,
dairy milk,cadbury,snacks,7622201440046,,"[""12 gram""]","[""Sugar"", ""Cocoa Butter"", ""Milk Solids (19%)"", ""Cocoa Solids"", ""Emulsifiers (442"", ""476)"", ""Flavours Natural"", ""Nature Identical and Artificial (Caramel and Vanilla) Flavouring Substances) Allergen Information: Contains Milk"", ""Sulphite May Contain Tree Nuts"", ""Wheat"", ""Barley and Soy Serving size: 12 g"", ""No. of servings per package: 1. N Protein 6.8 g. Carbohydrate 62.6 g"", ""Total Sugars 58 18.6 g Trans Fat 0.0 g"", ""Cholesterol 18.6 mg Sodiun 12 %"", ""Total Fat 5%"", ""Saturated Fat 10%Trans fat Recommended Dietary Allowance requirement for average adult per day PRODUCT QUALITY' If you are not satisfied with the product quality retain the package & call 1800 22 7080/email at suggestions@mdizindia.com/write to Mumbai address on pack SUPPORTS SUSTAINABLY SOURCED COCOA""]","[""milk"", ""sulphur dioxide and sulphites""]",[],,https://images.openfoodfacts.org/images/products/762/220/144/0046/front_en.3.400.jpg
Heart Healthy Trail Mix,boyo,plant-based-foods-and-beverages,8908011478684,,"[""200 g""]","[""Walnut"", ""Roasted Peanut"", ""Roasted Almond"", ""Flax Seed"", ""Raisin"", ""Pitted Black Date"", ""Roasted Hazelnut"", ""Dried unsweetened Blueberry"", ""Dark Choco Chips""]","[""milk"", ""mustard"", ""nuts"", ""peanuts"", ""sesame seeds"", ""soybeans""]",[],,
French Yogurt Strawberry,mamie-yova,dairies,8908014665258,,"[""400g""]","[""Pasteurized Milk"", ""Strawberry Fruit Preparation (10%)  Strawberry Fruit"", ""Sugar"", ""Water"", ""Thickner (INS 440 and 410)"", ""Acidity Regulator (INS 330)"", ""Preservative (INS 202)"", ""Sugar"", ""Milk Solids"", ""Stabilizers (INS 1442)"", ""Colours (INS 124"", ""INS 133) and natural flavouring substances. Active Lactic Cultures including Ldelbrueki subsp. Bulgaricus and S. thermophilus)""]","[""milk"", ""none""]",[],,
Schezwan Spicy Chilli Sauce Flavour,top-ramen,plant-based-foods-and-beverages,8901014000449,,"[""70 g""]","[""NOODLES (88%): Refined Wheat Flour (Maida)"", ""Edible Vegetable Oil (Palm Oil)"", ""lodised Salt"", ""Red Chilli Powder"", ""Acidity Regulators [INS 451(i) & INS 500(i)]"", ""Colour [INS 160c(i)]. Antioxidant (INS 319) & Thickener (INS 412).\r\nSEASINING MIX (12%): Garlic Powder"", ""lodised Salt"", ""Sugar"", ""Tomato Powder"", ""Corn Starch"", ""Hydrolysed Vegetable Protein Powder (Soya)"", ""Onion Powder"", ""Red Chilli Flakes"", ""Garlic Flakes"", ""Acidity Regulators (INS 330 & INS 260)"", ""Flavour Enhancers (INS 631 & INS 627)"", ""Onion Flakes"", ""Thickeners (INS 412 & INS 415)"", ""Colour [INS 160c(i)]"", ""Mixed Spices 1.64% (Black Pepper & Red Chilli)"", ""Flavours (Natural & Nature Identical)"", ""Celery Seed Powder"", ""Spring Onion"", ""Coriander Leaves"", ""Oleoresin Capsicum & Anticaking Agent (INS 551).""]","[""celery"", ""gluten"", ""soybeans""]",[],,https://images.openfoodfacts.org/images/products/890/101/400/0449/front_en.3.400.jpg
Jackfruit,mercely-s-ice-cream,desserts,8906140521103,,"[""125 ml""]","[""1) Icecream-80% [Milk"", ""Sugar"", ""Milk Fat"", ""Skim milk powder"", ""Fructooligosaccharide"", ""Emulsifiers and Stabilizers (E471-VEGETABLE SOURCE"", ""E466"", ""E415"", ""E412"", ""E407"", ""E405)"", ""Probiotic culture (Bacillus coagulans SNZ 1969)"", ""Paprika extract"", ""Turmeric extract] ii) Jackfruit pulp preparation-20% [Jackfruit pulp"", ""sugar]""]","[""milk""]",[],,
Cheese Slice,milky-mist,dairies,8904083310112,,"[""100 g""]","[""Cheese (Milk Solids"", ""lodized Salt"", ""Microbial Culture and Microbial Enzyme)"", ""Milk Solids"", ""Emulsifiers (INS 452"", ""INS 339)"", ""Preservative (INS 200).""]","[""milk""]",[],,
French Yogurt Blueberry,mamie-yova,dairies,8908014665029,,"[""90g""]","[""Pasteurized Milk"", ""Blueberry Fruit Preparation (10%). (Sugar"", ""Blueberry Fruit"", ""Water"", ""Thickener (INS 440"", ""INS 410)"", ""Acidity Regulator (INS 330). Sugar"", ""Milk Solids"", ""Water"", ""Stabilizers (INS 1442)"", ""Nature identical flavouring substances. Active Lactic Cultures including L.delbruelkil subsp. Bulgaricus and S thermophilus)"", ""Bifidobacterium"", ""Lacto - bacillus acidophilus). Partly Skimmed Yogurt""]","[""milk""]",[],,
Lotte Choco Pie,lotte,snacks,8901123005410,,"[""504g""]","[""CHOCO COVERING (25%) [SUGAR"", ""HYDROGENATED VEGETABLE FAT (PALM)"", ""COCOA SOLIDS"", ""MILK SOLIDS"", ""EMULSIFIERS (322"", ""476)"", ""ARTIFICIAL FLAVOUR (VANILLA)]"", ""REFINED WHEAT FLOUR (MAIDA)"", ""SUGAR"", ""LIQUID GLUCOSE"", ""INTERESTERIFIED & HYDROGENATED VEGETABLE FAT (PALM)"", ""HUMECTANTS (420"", ""422)"", ""RAISING AGENTS (500(ii)"", ""503(ii)]"", ""MILK SOLIDS"", ""DEXTROSE"", ""PRESERVATIVES (202"", ""281)"", ""IODISED SALT"", ""STABILIZERS (407"", ""406"", ""440"", ""401"", ""461"", ""415)"", ""ACIDITY REGULATOR [341(i)] AND ARTIFICIAL FLAVOUR (MILK). (Numbers indicated in bracket as per International Numbering System) Allergen Information: Contains Wheat(Gluten)"", ""Milk & Soya""]","[""gluten"", ""milk""]",[],,https://images.openfoodfacts.org/images/products/890/112/300/5410/front_en.3.400.jpg
The Laughing Cow Cheese Slices,britannia,dairies,8901063410282,,"[""400g""]","[""CHEESE"", ""WATER"", ""MILK PRODUCTS (BUTTER"", ""MILK SOLIDS & RENNET CASEIN)"", ""EMULSIFIERS (331 (iii) & 339(iii))"", ""ACIDITY REGULATOR (330)"", ""VITAMINS AND MINERAL"", ""PRESERVATIVES (200&235)"", ""IODIZED SALT"", ""COLOURS (160a(ii) & 160b(i)). (Numbers in brackets as per International Numbering System) CONTAINS MILK. Naturally rich in Protein""]","[""milk""]",[],,
Lion Qyno Dates 500gm,lion,plant-based-foods-and-beverages,8906006720138,,"[""500g""]","[""Dates""]","[""-""]",[],,
Cocoa,cadbury,cocoa-and-its-products,7622201762513,,"[""150g""]","[""Cocoa Powder (99.98%)"", ""Flavours Natural and Artificial (Vanilla) Flavouring Substances).""]","[""-""]",[],,https://images.openfoodfacts.org/images/products/762/220/176/2513/front_en.3.400.jpg
Storia sugarcane 750ml pet,storia,plant-based-foods-and-beverages,8904272601533,,"[""4""]","[""Sugarcane Juice(99%)"", ""Lemon Juice Concentrate[(0.1%)(equivalent to 1% Lemon Juice)]"", ""Salt"", ""Stabilizer(INS 440).""]","[""-""]",[],,
Wet Idly Batter,tiffin,batter,8908001925020,,"[""1L""]","[""Black Gram (Urad)"", ""Idly Ravva"", ""Potable Water""]","[""-""]",[],,
White Bread,mr-bakewell,plant-based-foods-and-beverages,8908014814045,,"[""400g""]","[""Refined Wheat Flour (Maida)"", ""Water"", ""Sugar"", ""Edible Vegetable Oil (Palm Oil)"", ""Yeast"", ""lodized Salt"", ""Soya Flour"", ""Gluten"", ""Calcium Propionate (INS282)"", ""Bread Improver (INS 170(i)"", ""1100(i))"", ""Antioxidant (INS 300)""]","[""gluten"", ""soybeans""]",[],,https://images.openfoodfacts.org/images/products/890/801/481/4045/front_en.7.400.jpg
Choco-Pie,orion,snacks,8906130900130,,"[""56g""]","[""REFINED WHEAT FLOUR (MAIDA)"", ""SUGAR"", ""CHOCO COVERING (21.6%) (SUGAR"", ""HYDROGENATED VEGETABLE FAT"", ""COCOA SOLIDS"", ""MILK SOLIDS"", ""EMULSIFIER (INS 322) AND NATURE IDENTICAL FLAVOUR (VANILLIN))"", ""LIQUID GLUCOSE"", ""HYDROGENATED VEGETABLE FAT"", ""HUMECTANT (INS 422)"", ""DEXTROSE"", ""RAISING AGENTS (INS 500(i)"", ""INS 503]"", ""STABILIZERS (INS 407"", ""INS 440"", ""INS 415"", ""INS 410)"", ""EDIBLE COMMON SALT"", ""HYDROLYZED PEA PROTEIN"", ""PRESERVATIVES (INS 202"", ""INS 281)"", ""ACIDITY REGULATOR [INS 341]"", ""NATURE IDENTICAL FLAVOUR (VANILLIN).""]","[""gluten"", ""milk""]",[],,
paper boat orange pch,paper-boat,beverages-and-beverages-preparations,8906080600357,,"[""3""]","[""WATER"", ""SUGAR"", ""ORANGE JUICE CONCENTRATE#"", ""ACIDITY REGULATOR (TRISODIUM CITRATE AND CITRIC ACID)"", ""FLAVOURS (NATURE-IDENTICAL AND NATURAL)"", ""STABILIZERS (CAROB BEAN GUM AND CARRAGEENAN)"", ""ANTIOXIDANT (ASCORBIC ACID) AND VITAMIN D2 (ERGOCALCIFEROL). #RECONSTITUTED 20% ORANGE JUICE""]","[""-""]",[],,
Curd,nandini,dairies,8906036670212,,"[""500 g""]","[""Milk Solids (Toned Milk) & Active Culture Allergen Advice: contains Milk""]","[""milk""]",[],,
Mixed Fruit Jam,meal-time,plant-based-foods-and-beverages,8906029450548,,"[""1 kg""]","[""Sugar"", ""Mixed Fruit Pulp Blend (46%) (Apple"", ""Pear"", ""Papaya"", ""Guava"", ""Mango"", ""Pineapple Juice"", ""Grape)"", ""thickener (440)"", ""Acidity Regulator (330)"", ""Preservatives (211"", ""224) CONTAINS PERMITTED SYNTHETIC FOOD COLOUR (122) AND ADDED FLAVOURS - NATURAL"", ""NATURE IDENTICAL & ARTIFICIAL FLAVOURING SUBSTANCES (MIXED FRUIT"", ""RASPBERRY & ORANGE) CONTAINS PERMITTED CLASS II PRESERVATIVES (211"", ""224) CONTAINS SULPHITE""]","[""apple"", ""orange"", ""sulphur dioxide and sulphites""]",[],,https://images.openfoodfacts.org/images/products/890/602/945/0548/front_en.3.400.jpg
Premium Burger Buns,mr-bakewell,plant-based-foods-and-beverages,8908014814076,,"[""250 g""]","[""Refined Wheat Flour (Maida) Water"", ""Sugar"", ""Yeast"", ""Refined Palm Oil"", ""lodized Salt"", ""Milk Powder"", ""Flour Improver"", ""Emulsifers DATEM (INS472e)"", ""Calcium Propionate (INS282)"", ""Gluten.""]","[""gluten"", ""milk""]",[],,
Snickers Chocolate Bar,Mars,snacks,8906002482450,,"[""1 and 45g""]","[""Chocolate (Sugar"", ""Cocoa Butter"", ""Cocoa Mass"", ""Lactose"", ""Full Cream Milk Powder"", ""Whey Powder"", ""Milk Fat"", ""Emulsifier (Soya Lecithin E322)"", ""Water"", ""Artificial Flavour (Vanillin))"", ""Peanuts"", ""Glucose Syrup"", ""Sugar"", ""Vegetable Fat(Palm Fat)"", ""Skimmed Milk""]","[""milk"", ""nuts"", ""peanuts"", ""soybeans""]",[],,
Cocoa,cadbury,cocoa-and-its-products,7622201762353,,"[""150 g""]","[""Cocoa Powder (99.98%)"", ""Flavours Natural and Artificial (Vanilla) Flavouring Substances""]","[""-""]",[],,https://images.openfoodfacts.org/images/products/762/220/176/2353/front_en.5.400.jpg
Parota,ammamma-s-easy2cook,plant-based-foods-and-beverages,8906029605368,,"[""400 g""]","[""Refined Wheat Flour"", ""RO Purified Water"", ""Refined Sunflower Oil"", ""Salt"", ""Sugar"", ""Permitted Emulsifiers (E412"", ""E471"", ""E481) and Preservatives (E202"", ""E-262)""]","[""gluten""]",[],,
Koolerz Mango,dabur,plant-based-foods-and-beverages,8901207046810,,"[""135 ml""]","[""Water"", ""Sugar"", ""Mango Pulp (10%)"", ""Acidity Regulator (INS 330)"", ""Stabilizers (INS 412 & INS 466)"", ""Antioxidant (INS 300)"", ""Flavours (Nature Identical and Artificial Mango Flavouring Substances) and Colour (INS 110).""]","[""-""]",[],,
Jaggery,parth,sweeteners,8908010881003,,"[""950 g""]","[""Sugar Cane Juice""]","[""-""]",[],,
Tofu,kdk,plant-based-foods-and-beverages,8908002787023,,"[""110g""]","[""WATER"", ""SOYA"", ""COAGULANT"", ""COMMON SALT & SPICES""]","[""soybeans""]",[],,https://images.openfoodfacts.org/images/products/890/800/278/7023/front_en.3.400.jpg
Manchow Veg,Knorr,meals,8901030902383,,"[""11g""]","[""Soup Powder. Ingrédients: Potato Starch"", ""paration: Maltodextrin"", ""Sugar"", ""lodised Salt"", ""*Dehydrated Vegetables (Cabbage Flakes (2.2%)"", ""Garlic Bits (1.8%)"", ""Onion Bits (1.8%)"", ""and Leeks (0.4%))"", ""Hydrolyzed Vegetable Protein"", ""Hydrogenated Palm Oil"", ""Spices & Condiments (Chillies (1.8% ) )"", ""Thickener - 415"", ""Food Colour - Caramel IV"", ""Flavours - Natural (Garlic) and Nature Identical flavouring substances (Soya Sauce)"", ""Acidity Regulator - 330"", ""Anti caking agent - 551"", ""Flavour Enhancer - 627 & 631. atents of this pack Contains Soya. May Contain Traces of Wheat"", ""Milk"", ""Mustard"", ""Celery and Nuts. 11 g Soup powder + 150 ml water)""]","[""soybeans""]",[],,
Alu Methi,mtr,meals,8901042957104,,"[""300 g""]","[""Potato (48%)"", ""Onion"", ""Tomato"", ""Fenugreek Leaves (12%)"", ""Refined Sunflower Oil"", ""Yogurt"", ""Green chilli"", ""Salt"", ""Ginger"", ""Garlic"", ""Coriander Leaves"", ""Cumin and Turmeric Powder. ALLERGEN ADVICE: Contains Milk. May Contain traces of Mustard"", ""Tree nuts"", ""Peanuts and Sesame. المكونات: بطاطا (%48)، بصل، طماطم، أوراق الحلبة (%12)، زيت دوار الشمس المكرر، زبادي، فلفل أخضر، ملح، زنجبيل، ثوم، أوراق الكزبرة، کمون، مسحوق الكركم. نصيحة لمن يعانون الحساسية: يحتوي على الحليب. قد يحتوي المنتج على مقادير ضئيلة من الخردل، المكسرات، الفول السوداني، السمسم.""]","[""milk""]",[],,
Amul Butter,amul,dairies,8901262010320,,"[""200gm""]","[""Butter"", ""iodized salt"", ""natural colour (annatto)""]","[""milk""]",[],,https://images.openfoodfacts.org/images/products/890/126/201/0320/front_en.3.400.jpg
Noodles,yippee,inst,8901725019747,,"[""75""]","[""Instant Noodles: Maida (Refined Wheat Flour)"", ""Refined Palm Oil"", ""Starch"", ""lodized Salt"", ""Emulsifier [Mono and diglycerides of fatty acids (from Palm Oil)]"", ""Wheat Gluten"", ""Thickener (INS 466)"", ""Acidity Regulators [INS 500 (ii)"", ""INS 501(1)"", ""INS 330]"", ""Stabilizers [INS 339 (i)"", ""INS 450(i)]. Seasoning: Instant Noodle Powder (Maida (Refined Wheat Flour)"", ""Refined Palm Oil"", ""Starch"", ""lodized Salt"", ""Wheat Gluten)"", ""Dehydrated Onion"", ""Spices and Condiments (14.3%) (Dried Garlic"", ""Red Chilli"", ""Dried Ginger"", ""Black Pepper"", ""Spice Oleoresins)"", ""lodized Salt"", ""Hydrolyzed Vegetable Protein [Soya Protein Isolate"", ""Maltodextrin]"", ""Sugar"", ""Yeast Extract"", ""Soyabean Sauce Powder [Soyabean Sauce"", ""Maltodextrin]"", ""Starch"", ""Dehydrated Vegetables (Cabbage"", ""Carrots"", ""Green Chives)"", ""Flavour Enhancers (INS 627"", ""INS 631)"", ""Acidity regulator (INS 330)"", ""Refined Palm oil"", ""Natural Flavours and Natural Flavouring Substances"", ""Anticaking agent (INS 551)"", ""Nature Identical Flavouring Substances"", ""Thickener (INS 415). Dehydrated Vegetables (100.0%) (Cabbage"", ""Carrot"", ""Spring Onion"", ""Beans"", ""Zucchini). Contains Wheat"", ""Soy. May Contain Milk Nut.""]","[""gluten"", ""soybeans""]",[],,
epigamia TURBO 25g protein shake,epigamia,protein-milkshake,0946459636639,,"[""250""]","[""Skimmed Milk (79%)"", ""Milk Solids"", ""Water"", ""Cocoa Powder"", ""Nature Identical Flavouring Substances (Cookie & Cream)"", ""Acidity Regulators [INS 340"", ""INS 452"", ""INS 339 Stabilizers (INS 407)"", ""Sweetener (INS 955)"", ""Edible Common Salt""]","[""milk""]",[],,
Sid's Farm Skim Milk,sid-s-farm,dairies,0787099803988,,"[""500 ml""]","[""Milk""]","[""milk""]",[],,https://images.openfoodfacts.org/images/products/078/709/980/3988/front_en.3.400.jpg
Masala Chai,the-pahadi-story,beverages-and-beverages-preparations,8908015703492,,"[""175g""]","[""Premium Black Tea"", ""Ginger"", ""Cinnamon"", ""Clove"", ""Cardamom"", ""Black Pepper.""]","[""-""]",[],,
Naturaltein The Good Prot,naturaltein,dietary-supplements,8939116154906,,"[""1kg""]","[""*RDA as per **RDA not established Protein Blend 87% (Pea Protein Isolate"", ""Whey Protein Concentrate)"", ""Cocoa Powder"", ""Sunflower Lecithin (INS 322)"", ""Guar Gum (INS 412)"", ""Lactase (Enzyme)"", ""Stevia Extract (INS 960) Thaumatin (INS 957)"", ""Natural Flavour (Chocolate).""]","[""milk""]",[],,
Britannia goodday,britannia,snacks,8901063092815,,"[""34.5""]","[""REFINED WHEAT FLOUR (MAIDA)"", ""REFINED PALM OIL"", ""SUGAR"", ""INVERT SUGAR SYRUP"", ""MILK PRODUCTS (MILK SOLIDS & BUTTER (0.5%) RAISING AGENTS (503) & 500(m)) IODISED SALT"", ""ARTIFICIAL (BUTTER"", ""MILK & VANILLA) & NATURAL FLAVOURING SUBSTANCES AND EMULSIFIERS (472e &3220 (Numbers in brackets as per International Numbering System) CONTAINS WHEAT"", ""MILK AND SOY. For feedback - Contact Executive"", ""Consumer Care Cell"", ""Ph: (Tol ee) Shanti-Retan 1-800-4254449/1-800-30004530 @Britannia Industries Ltd"", ""Prest @b Tower C. Whitefield"", ""Bangalore-560048 Kamataka Email food""]","[""gluten"", ""milk"", ""soybeans""]",[],,
Falcon Seedless UAE Dates,falcon,plant-based-foods-and-beverages,8908000452367,,"[""500g""]","[""Dates""]","[""-""]",[],,https://images.openfoodfacts.org/images/products/890/800/045/2367/front_en.3.400.jpg
Sharbat Khus,shree-guruji,syrups,8904073601022,,"[""750ml""]","[""SUGAR"", ""WATER"", ""LIQUID GLUCOSE"", ""DISTILLATE OF KHUS (1%)"", ""ACDITY REGULATOR (E330) CONTAINS PERMITTED SYNTHETIC FOOD COLOURS (E102)"", ""(E133) & ADDED FLAVOURS - NATURAL"", ""NATURE IDENTICAL AND ARTIFICIAL FLAVOURING SUBSTANCES (KHUS)""]","[""-""]",[],,
Mini Thenkuzhal,adyar-anand-bhavan,snacks,8907003505124,,"[""250g""]","[""Rice flour"", ""black gram Refined palm superolein oil"", ""Butter"", ""lodised salt.""]","[""milk""]",[],,
Happychef Tandoori Paneer Tikka Pizza,happychef,meals,8904256723015,,"[""240 g""]","[""Pizza base (Refined wheat flour (Maida)"", ""Gluten"", ""iodized salt"", ""Bread improver"", ""Edible vegetable oil (Sunflower oil)"", ""Baker's yeast"", ""Sugar)"", ""Pizza sauce (Tomato paste"", ""Peeled tomato"", ""Basil"", ""iodized salt"", ""Oregano"", ""Sugar"", ""Garlic"", ""Black pepper whole)"", ""Paneer tikka (18.3%) (Paneer"", ""Spice mix iodized salt"", ""Mustard oil)"", ""Onion (6.8%)"", ""Bell pepper (6.8%) and Cheese.""]","[""gluten"", ""milk""]",[],,https://images.openfoodfacts.org/images/products/890/425/672/3015/front_en.8.400.jpg
Long Seedless Raisins,mahafruit,plant-based-foods-and-beverages,8908011380093,,"[""500g""]","[""Long Raisins""]","[""-""]",[],,
Oats Muesli,quaker,plant-based-foods-and-beverages,8901491002196,,"[""700g""]","[""Multigrain(55%)"", ""(Rolled Oats 26%"", ""Rice & Rice Flour 14%"", ""Corn Grit & Flour 7%"", ""Rolled Barley 5%"", ""Wheat 3%"", ""Refined Wheat Flour (Maida) 1.4%"", ""Berries & Seeds (22%)"", ""(Candied Cranberries 8%"", ""Dried Blackcurrents 7%"", ""Sunflower seeds 4%"", ""Pumpkin Seeds 3% )"", ""Sugar"", ""Palmolein Oil"", ""Maltodextrin"", ""Invert Syrup"", ""Stabilizer (1422"", ""170i"", ""322)"", ""Liquid Glucose"", ""iodised Salt"", ""Cereals Extracts"", ""Flavour (natural and nature Identical Flavouring Substances)"", ""Colour (150d)"", ""Antioxidents (307b)""]","[""gluten""]",[],,
Black Dates Arabian,molsi-s,plant-based-foods-and-beverages,8906142772848,,"[""500g""]","[""Dates (Wet Dates)""]","[""-""]",[],,https://images.openfoodfacts.org/images/products/890/614/277/2848/front_en.5.400.jpg
Atta Noodles,yippee,plant-based-foods-and-beverages,8901725005214,,"[""280g""]","[""Instant Noodles Wheat Four (Atta) (64.8%)"", ""Refined Palm oil"", ""Tapioca Starch"", ""Dehydrated Potato (2.0%)"", ""lodized Salt"", ""Onion Powder"", ""Wheat Gluten"", ""Garlic Powder"", ""Stabilizer [INS 170(i))"", ""ING 339(ii)]"", ""Thickener (INS 466)"", ""Acidity Regulators (NS 450(i)"", ""INS 500(i)"", ""INS 501(i)"", ""Dehydrated Parsley (0.08%) and Vitamin C.""]","[""gluten"", ""none""]",[],,
Pani Puri Papad,rachana,plant-based-foods-and-beverages,8908007653422,,"[""200 g""]","[""Wheat Flour"", ""Onion"", ""Edibgle Salt""]","[""gluten""]",[],,
Sesame seeds (Til),good-life,plant-based-foods-and-beverages,8902901223019,,"[""500g""]","[""SESAME SEEDS (TIL)""]","[""sesame seeds""]",[],,
Meat Masala,zoff,condiments,8906097400278,,"[""50g""]","[""Chill"", ""Cumin"", ""Black Pepper"", ""Coriander"", ""Cassia"", ""Clove"", ""Cassia Leaf"", ""Cardamom"", ""Garlic"", ""Fennel Seeds"", ""Anistar"", ""Dry Fenugreek Leaf"", ""Mint Leaf"", ""Mustard"", ""Dry Ginger. Turmeric"", ""Bengal Gram and Common Salt""]","[""mustard""]",[],,https://images.openfoodfacts.org/images/products/890/609/740/0278/front_en.5.400.jpg
Myfitness Peanut butter,myfitness,plant-based-foods-and-beverages,8904327600399,,"[""510g""]","[""Roasted Peanuts"", ""Brown Sugar"", ""Pink Himalayan Salt"", ""Permitted Stabilizing Agent (INS 471)""]","[""peanuts""]",[],,
malai paneer fresh,amul,dairies,8901262180115,,"[""200g""]","[""milk solids"", ""citric acid""]","[""milk""]",[],,
Aptamil Gold Stage 3 Follow-up Formula Powder (From 12 Months Onwards),aptamil,baby-foods,8906048501238,,"[""400 g""]","[""Milk Solids"", ""Demineralized Whey and Whey Solids"", ""Edible Vegetable Oils (Corn Oil and Canola Oil)"", ""Minerals*"", ""Docosahexaenoic Acid Powder-0.76% (Schizochytrium sp.oil)"", ""Arachidonic Acid Powder-0.64% (Mortierella Alpina Oil)"", ""Choline"", ""Emulsifier (Soy Lecithin)"", ""Acidity Regulator (Sodium Hydroxide)"", ""Nucleotides Premix-0.027%"", ""Vitamins*"", ""Antioxidant (Mixed Tocopherols)"", ""Taurine"", ""L-Carnitine"", ""Inositol"", ""Beta Carotene. Ingredients of the product when prepared in accordance with the directions on the label: Water"", ""Milk Solids"", ""Demineralized Whey and Whey Solids"", ""Edible Vegetable Oils (Corn Oil and Canola Oil)"", ""Minerals*"", ""Docosahexaenoic Acid Powder (Schizochytrium sp.oil)"", ""Arachidonic Acid Powder (Mortierella Alpina Oil)"", ""Choline"", ""Emulsifier (Soya Lecithin)"", ""Acidity Regulator (Sodium Hydroxide)"", ""Nucleotides Premix"", ""Vitamins"", ""Antioxidant (Mixed Tocopherols)"", ""Taurine"", ""L-Carnitine"", ""Inositol"", ""Beta Carotene.""]","[""milk"", ""soybeans""]",[],,https://images.openfoodfacts.org/images/products/890/604/850/1238/front_en.21.400.jpg
Instant,bru,plant-based-foods-and-beverages,8901030986888,,"[""50 g""]","[""COFFEE 70%"", ""CHICORY 30%"", ""NATURE IDENTICAL (COFFEE) FLAVOURING SUBSTANCE.""]","[""-""]",[],,
Premium Arabian Dates,nutraj,plant-based-foods-and-beverages,9044019376092,,"[""500g""]","[""Dates""]","[""-""]",[],,
Royal Zahidi Premium Dates,apis,plant-based-foods-and-beverages,8906021924436,,"[""500g""]","[""Dates""]","[""-""]",[],,
Tamarind,mahadev,tamarind,8908017484009,,"[""500g""]","[""Tamarind""]","[""-""]",[],,https://images.openfoodfacts.org/images/products/890/801/748/4009/front_en.3.400.jpg
Khatti PREMIUM SEEDLESS TAMARIND,de-naturel,tamarind,8908015592355,,"[""1kg""]","[""PREMIUM SEEDLESS TAMARIND""]","[""-""]",[],,
Oats Marie Thinz,unibic,snacks,8906009074788,,"[""58 g""]","[""Whole Wheat Flour(Atta)"", ""Sugar"", ""Rolled Oats (10%)"", ""Refined Palm Oil"", ""Invert Sugar Syrup"", ""Milk Solids"", ""Raising Agents [INS 503(ii)"", ""INS 500 (ii)]"", ""Honey"", ""Emulsifier of Vegetable Origin (INS 471e)"", ""lodised Salt"", ""Natural"", ""Nature Identical (Honey) and Artificial Flavouring Substances (Milk and Vanilla)"", ""Dough Conditioners [INS 223"", ""INS 1101(1)]. Allergen Advice: Contains Wheat"", ""Oats and Milk May contain traces of Nut.""]","[""gluten"", ""milk""]",[],,
Paper Boat Apple Drink 150ml,paper-boat,plant-based-foods-and-beverages,8906080600180,,"[""150 ml""]","[""WATER"", ""SUGAR"", ""APPLE PUREE CONCENTRATE (4.7%)"", ""ACIDITY REGULATOR (TRISODIUM CITRATE AND MALIC ACID) STABILIZERS (CAROB BEAN GUM AND CARRAGEENAN)"", ""FLAVOURS (NATURE-IDENTICAL AND NATURAL)"", ""ANTIOXIDANT (ASCORBIC ACID AND VITAMIN D2 (ERGOCALCIFEROL)""]","[""-""]",[],,https://images.openfoodfacts.org/images/products/890/608/060/0180/front_en.5.400.jpg
Yoga bar oats dark chocolate,-,plant-based-foods-and-beverages,8904335600756,,"[""400g""]","[""Oats 52%"", ""Seeds & Dry Fruits 11% (Chia Seeds"", ""Pumpkin"", ""Black Raisins). Raw Sugar"", ""Cocoa Powder"", ""Dehydrated Dates Powder"", ""Rice Bran Oil"", ""Himalayan Pink Salt. Contains Added Natural Flavour: Rosemary Extract"", ""Chocolate. Commodity: 6.3 Breakfast Cereal (Proprietary Food) Allergen Advice: CONTAINS OATS"", ""which are processed in a plant where products containing gluten are manufactured.""]","[""gluten""]",[],,
Butterscotch milkshake,amul,beverages-and-beverages-preparations,8901262152402,,"[""180 ml""]","[""Standardized milk"", ""sugar"", ""milk solids"", ""stabilizers (407"", ""466)"", ""emulsifiers [460(i)"", ""471]"", ""nature identical and artificial flavouring substances (butter scotch).\r\nAllergen Information: Contains milk.""]","[""milk""]",[],,
Pasta Crunch,crax,snacks,8908016029287,,"[""53 g""]","[""Refined Wheat Flour (Maida)"", ""Edible Vegetable Oil (Refined Palmolein Oil)"", ""Tapioca Starch"", ""Potato Solid"", ""*Seasoning [lodised Salt"", ""Sugar"", ""Corn Starch"", ""Garlic"", ""Chilli (0.51%)"", ""Ginger"", ""Soya Sauce Powder"", ""Vinegar Powder"", ""Hydrolysed Soy Protein"", ""Ácidity Regulator (INS 330)]"", ""Natural Colour (INS 150 (d))"", ""Flavour(s) (Natural & Nature Identical Flavouring Substances) *Used as part of flavouring agent Contains Wheat and Soy""]","[""gluten"", ""soybeans""]",[],,https://images.openfoodfacts.org/images/products/890/801/602/9287/front_en.3.400.jpg
Zandu pure Honey,-,breakfasts,8901248749039,,"[""500g""]","[""Honey""]","[""-""]",[],,
Refined Sunflower Oil,aadhar,plant-based-foods-and-beverages,8906007286978,,"[""1 L""]","[""Refined Sunflower Oil"", ""Permitted Antioxidant TBHQ (E-319)"", ""Vitamin A and Vitamin D.""]","[""-""]",[],,
Mustard,flipkart-grocery,condiments,8904293728776,,"[""100 g""]","[""Mustard (Rai Big)""]","[""mustard""]",[],,
White Eggs,gvr,farming-products,8409992123322,,"[""30""]","[""Eggs""]","[""eggs""]",[],,https://images.openfoodfacts.org/images/products/840/999/212/3322/front_en.3.400.jpg
Raisins,madhuban,plant-based-foods-and-beverages,8908016958440,,"[""50 g""]","[""Raisins""]","[""-""]",[],,
Munchiez Ragi Chips,Saffola,snacks,8901088724197,,"[""80g""]","[""CEREAL PRODUCT (60.1%) [RAGI FLOUR (24.8%) CORN MEAL"", ""RICE FLOUR)"", ""EDIBLE VEGETABLE OIL (REFINED RICE BRAN OIL)"", ""STARCH"", ""SUGAR"", ""- SPICES AND CONDIMENTS"", ""IODISED SALT"", ""STABILIZERS [INS 170(i)]"", ""DEHYDRATED MANGO POWDER"", ""MALTODEXTRIN"", ""MILK SOLIDS"", ""DEXTROSE"", ""RAISING AGENT [INS 500 (ii)]"", ""FLAVOUR (NATURAL AND NATURE-IDENTICAL FLAVOURING SUBSTANCE"", ""HYDROLYSED VEGETABLE PROTEIN"", ""ACIDITY REGULATORS [INS 330"", ""INS 262(ii)]"", ""FLAVOUR ENHANCER (INS 627"", ""631)"", ""YEAST EXTRACT""]","[""milk""]",[],,
Nariyal Biscuits,patanjali,snacks,8906032019671,,"[""75gm Rs 10""]","[""Wheat"", ""Sugar"", ""palm oil"", ""Coconut powder"", ""Milk"", ""Honey"", ""emulsifier"", ""raising agents""]","[""gluten"", ""milk""]",[],,https://images.openfoodfacts.org/images/products/890/603/201/9671/front_en.18.400.jpg
NIC SUGARLESS ANJEER ICE CREAM,nic,desserts,8906082370005,,"[""500ML""]","[""Milk"", ""Fructose Oligo Saccharide (FOS) and Processed Dried Fig.""]","[""milk""]",[],,
Carrot,more,plant-based-foods-and-beverages,0000101646267,,"[""500g""]","[""Carrot""]","[""-""]",[],,
Double Chocolate Milk Shake,amul,beverages-and-beverages-preparations,8901262152143,,"[""180ml""]","[""Double toned milk"", ""sugar"", ""dark chocolate (7.5%)"", ""milk chocolate (1.9%)"", ""cocoa solids"", ""stabilizer (407)"", ""artificial flavouring substances (cocos"", ""vanilla)""]","[""milk""]",[],,https://images.openfoodfacts.org/images/products/890/126/215/2143/front_en.3.400.jpg
wok tok instant noodles masala,wok-tok,plant-based-foods-and-beverages,8906069406178,,"[""92.5 g""]","[""hgredients\nPROPRIETARY FOOD - NON-EMULSFD SAICE CI\nucose"", ""Refined Soyabean O. odsed s\ns 9"", ""cooking Butter"", ""Suga"", ""Athy fegator dhNS260"", ""Nsa\nr aeS"", ""Stabilzer NS415 and Pee\nETALE MEK Ct t46ONL Cge 46\nAryn letomot\nhygenic\ncplae and Srt n\n2SEE OL POTTOM\nAMAP&\n6T 0TY\n8259\nVR Censuneri""]","[""-""]",[],,
Lotto Choco Pie With Rich Marshmallow,lotte,snacks,8901123005403,,"[""336g""]","[""CHOCO COVERING (25%) [SUGAR"", ""HYDROGENATED VEGETABLE FAT (PALM)"", ""COCOA SOLIDS"", ""MILK SOLIDS"", ""EMULSIFIERS (322"", ""476)"", ""ARTIFICIAL FLAVOUR (VANILLA)]"", ""WHEAT FLOUR (MAIDA)"", ""SUGAR"", ""LIQUID GLUCOSE"", ""INTERESTERIFIED & HYDROGENATED VEGETABLE FAT (PALM)"", ""HUMECTANTS(420"", ""422)"", ""RAISING AGENTS 1500(ii)"", ""503(ii)]. MILK SOLIDS"", ""DEXTROSE"", ""PRESERVATIVES (202"", ""281)"", ""1ODISED SALT"", ""STABILIZERS (407"", ""406"", ""440"", ""401"", ""461"", ""415)"", ""ACIDITY REGULATOR 1341(i)] AND ARTIFICIAL FLAVOUR (MILK). cal diet)""]","[""gluten"", ""milk""]",[],,
Red chilli sauce,ching-s,condiments,8901595862825,,"[""90""]","[""Water"", ""Sugar"", ""Red Chilli (6%)"", ""Garlic"", ""Ginger"", ""lodised Salt"", ""Thickener (INS 1422)"", ""Acidity Regulators (INS 260"", ""INS 330)"", ""Emulsifying and Stabilizing Agent (INS 415)"", ""Preservative (INS 211). Allergen Advice: May contain: Wheat"", ""Nuts"", ""Sesame seeds"", ""Soy"", ""Mustard and Milk.""]","[""-""]",[],,https://images.openfoodfacts.org/images/products/890/159/586/2825/front_en.7.400.jpg
Tandoori Mayo,wingreens-farms,condiments,8906064656783,,"[""180g""]","[""Water"", ""Refined Sunflower Oil"", ""Sugar"", ""Thickeners (INS 1442 & INS 415)"", ""Iodized Salt"", ""Milk Solids"", ""Mixed Spices"", ""Acidity Regulators (INS 260"", ""INS 270 & INS 330)"", ""Mustard Powder"", ""Lemon Juice"", ""Preservatives (INS 202 & INS 211)"", ""Antioxidant (INS 386)"", ""Natural Flavouring Substances Allergen Declaration: Contains Milk. May Contains Soy""]","[""milk"", ""mustard"", ""soybeans""]",[],,
Chilli powder,Aashirvaad,plant-based-foods-and-beverages,8901725125141,,"[""100 g""]","[""Chilli powder""]","[""-""]",[],,
Californian Almond,nutraj,plant-based-foods-and-beverages,8906019771400,,"[""500 g""]","[""Californian Almonds""]","[""-""]",[],,
Arabian  DATES,nature-s-choice,plant-based-foods-and-beverages,8906140202217,,"[""500 g""]","[""Dates""]","[""-""]",[],,https://images.openfoodfacts.org/images/products/890/614/020/2217/front_en.3.400.jpg
100% Whole Wheat Chapati,mr-bakewell,plant-based-foods-and-beverages,8908014814243,,"[""450g""]","[""Whole Wheat Flour (Atta)"", ""(65.6%)"", ""Water"", ""Refined Palmolien Oil(5.9%)"", ""Gluten"", ""lodized Salt"", ""Emulsifier (E471)"", ""Sugar""]","[""gluten""]",[],,
Kerala Banana Chips,beyond-snacks,snacks,0793591862460,,"[""75g""]","[""Raw Banana (72%) Refined vegetable oil (Palmolein)"", ""iodised Salt"", ""Spices and Condiments (Chilli"", ""Garlic"", ""Onion"", ""Tamarind)"", ""Sugar"", ""Rice powder"", ""Hydrolysed Vegetable protein"", ""dehydrated herbs"", ""Acidity regulator (E330)"", ""Anticaking agent (E551)"", ""Flavour Enhancers (E627"", ""E631)"", ""Antioxidant (E319)"", ""natural colors"", ""natural and natural identical flavoring substances"", ""_soy_"", ""_milk solids_"", ""_Mustard_""]","[""milk"", ""mustard"", ""soybeans"", ""milk""]",[],,
100% Pure coconut oil,parachute,plant-based-foods-and-beverages,89007426,,"[""25 ml (22.8 g)""]","[""Coconut Oil""]","[""-""]",[],,https://images.openfoodfacts.org/images/products/000/008/900/7426/front_en.3.400.jpg
Toned Milk,milky-mist,dairies,8904083301455,,"[""1l""]","[""Milk & Milk Solids""]","[""milk""]",[],,
Multigrain Bread,mr-bakewell,plant-based-foods-and-beverages,8908014814007,,"[""400 g""]","[""Refined Wheat Flour (Maida)"", ""Water"", ""Multigrain Mix (Sunflower"", ""Flax Seed"", ""Sesame"", ""Soya Seeds Rolled Oats)"", ""Whole Wheat Flour (Atta)"", ""Sugar"", ""Edible Vegetable Oil (Palm Oil)"", ""Yeast"", ""iodized Salt"", ""Soya Flour"", ""Gluten"", ""Calcium Propionate (INS282). Bread Improver (INS 170)"", ""1100i"", ""Ardior fort (INS 301)""]","[""gluten"", ""sesame seeds"", ""soybeans""]",[],,
Extra Strong Instant Coffee,levista,plant-based-foods-and-beverages,8906031932674,,"[""200g""]","[""COFFEE (57%) & CHICORY (43%)""]","[""-""]",[],,
Saunf,flipkart-grocery,plant-based-foods-and-beverages,8904293728813,,"[""200 g""]","[""Fennel seeds (Saunf small)""]","[""-""]",[],,https://images.openfoodfacts.org/images/products/890/429/372/8813/front_en.7.400.jpg
Nimbooz,7up,beverages-and-beverages-preparations,8902080000425,,"[""250ml""]","[""WATER SUGAR CONCENTRATE PRESERVATIVE (202). *EQUIVALENT TO 5% LEMON JUICE (RECONSTITUTED) NUTRITIONAL INFORMATIONA Serve Size: 200 ml"", ""1.3 servings in this pack FOR MANUFACT Per % RDA 100 ml Per Serve SEE FIRST ONE LETTER LETTERS OF THE BATCH Energy""]","[""-""]",[],,
Instant Coffee,rage,plant-based-foods-and-beverages,5050001665833,,"[""60 g""]","[""Coffee""]","[""-""]",[],,
Dryfruit Mix,dmart,plant-based-foods-and-beverages,8903363011350,,"[""500 g""]","[""Raisins"", ""Almond"", ""Cashew""]","[""nuts""]",[],,https://images.openfoodfacts.org/images/products/890/336/301/1350/front_en.3.400.jpg
Mozzarella Cheese,milken,dairies,9825306676367,,"[""200 g""]","[""Pasteurized Cow Milk"", ""Iodized Salt"", ""Active Culture"", ""Microbial Enzyme"", ""Anti-caking Agent""]","[""milk""]",[],,
Pista Badam Cookies,unibic,snacks,8906009072029,,"[""135g""]","[""Refined Wheat Flour (Maida)"", ""Sugar"", ""Edible Vegetable Oil (Palm)"", ""Nuts (8%) (Almond"", ""Pista"", ""Cashew)"", ""Butter"", ""Milk Solids"", ""Liquid Glucose"", ""Leavening agents (INS 503 ii"", ""INS 500 ii)"", ""Emulsifier (INS 322 from Soy)"", ""iodised Salt"", ""Artificial Flavouring Substances (Vanillin"", ""Almond and Saffron)""]","[""gluten"", ""milk"", ""nuts""]",[],,
Gold Care,tata-tea,plant-based-foods-and-beverages,8901052005154,,"[""250 g""]","[""Tea (96.15%)"", ""Natural Flavours and Natural Flavouring Substances [Ginger"", ""Cardamom"", ""Tulsi"", ""Mulethi"", ""Brahmi]""]","[""-""]",[],,
Smoodh Chocolate,parlē-agro,beverages,8902579002664,,"[""150 ml""]","[""WATER"", ""MILK SOLIDS*"", ""SUGAR"", ""WHEY POWDER"", ""COCOA SOLIDS (1%)"", ""MALT EXTRACT"", ""EMULSIFIERS AND STABILIZERS [INS 4806)"", ""INS 471"", ""INS 466"", ""INS 407"", ""INS 340"", ""INS 452]"", ""NATURE IDENTICAL FLAVOURING SUBSTANCE (CHOCOLATE) AND IODISED SALT.\r\n\r\nALLERGEN INFORMATION: CONTAINS MILK"", ""BARLEY"", ""WHEAT AND MILLET""]","[""gluten"", ""milk"", ""millet""]",[],,https://images.openfoodfacts.org/images/products/890/257/900/2664/front_en.3.400.jpg
Treat Vanilla Creme,britannia,snacks,8901063033399,,"[""60 g""]","[""REFINED WHEAT FLOUR (MAIDA)"", ""SUGAR"", ""REFINED PALM OIL"", ""INTERESTERIFIED VEGETABLE FAT"", ""INVERT SUGAR SYRUP"", ""COCOA SOLIDS"", ""MILK SOLIDS"", ""EDIBLE MAIZE STARCH"", ""DEXTROSE"", ""RAISING AGENT (500(ii) & 503(ii)]"", ""IODISED SALT"", ""EMULSIFIER [322(i)]"", ""ARTIFICIAL (CARAMEL"", ""MILKY COCOA & VANILLA) & NATURE IDENTICAL FLAVOURING SUBSTANCES AND COLOUR (150d"", ""124 & 133). (Numbers in brackets as per International Numbering System) CONTAINS WHEAT"", ""MILK & SOYA""]","[""gluten"", ""milk"", ""soybeans""]",[],,
Rasgulla,Royal,snacks,8903363002327,,"[""500g""]","[""Sugar"", ""Water"", ""Chhena(10%)"", ""Contains _Milk_""]","[""milk""]",[],,
Maggi Rich Tomato Ketchup Pichkoo,Maggi,condiments,8901058903812,,"[""120g""]","[""Water"", ""Sugar"", ""Tomato paste (23.7%)"", ""lodised salt"", ""Acidity Regulator (260)"", ""Thickeners (1422 & 415)"", ""Dehydrated onion"", ""Dried garlic"", ""Preservative (211) and Mixed spices. May contains Milk & Nut.""]","[""milk"", ""nuts""]",[],,https://images.openfoodfacts.org/images/products/890/105/890/3812/front_en.3.400.jpg
Sunrise,nescafe,plant-based-foods-and-beverages,89080047,,"[""2.1 g""]","[""Coffee 70%"", ""Chicory 30%""]","[""-""]",[],,
potato chips,maxvita,plant-based-foods-and-beverages,8908003763057,,"[""15g""]","[""Farm fresh potatoes"", ""Edible vegetable oil"", ""lodized Salt"", ""Sugar"", ""Milk Solids"", ""Cheese Powder"", ""Spices and Condiments.""]","[""milk""]",[],,
Satvikveda,satvikveda,millet-jaggery-cookies,6936140543340,,"[""100gms""]","[""Millet Flour (Ragi/Finger"", ""Foxtail"", ""Little"", ""Jowar/Sorghum"", ""Barnyard) (28%)"", ""Pure Butter (22%)"", ""Natural Jaggery"", ""Whole Wheat"", ""Cashews (7%)"", ""Rice"", ""Milk"", ""Cinnamon"", ""Salt Allergen Info: Contains Wheat"", ""Cashew & Milk. Processed in a facility that also handles seeds & tree nuts. Storage Advice: Once opened transfer to an air-tight container and use within 1 month. keep in cool and dry place. Vacuum Packed Order Online at Try other cookies also Ragi & Almonds Jowar & Coconut Ragi & Dark Choco Visit our website WWW.SATVIKVEDA.IN for right WWW.SATVIKVEDA.IN health information"", ""food facts"", ""and more. INGREDIENTS &lt"", ""& LOVE""]","[""gluten"", ""milk"", ""nuts""]",[],,https://images.openfoodfacts.org/images/products/693/614/054/3340/front_en.3.400.jpg
Green Peas,more,plant-based-foods-and-beverages,0000101481707,,"[""500g""]","[""Green Peas""]","[""-""]",[],,
Chickpea & Pumpkin Hummus,simplifyfoods,plant-based-foods-and-beverages,8906162361220,,"[""25 g""]","[""Yellow Pumpkin (53.8%)"", ""Carrot (10.4%)"", ""Chickpea (10.4%)"", ""Potato (6.9%)"", ""Sweet Potato (6.9%)"", ""Sesame"", ""Sugar (2.5%)"", ""Extra Virgin Olive Oil"", ""Lemon Juice"", ""Cumin Powder"", ""Black Pepper Powder.""]","[""sesame seeds""]",[],,
Turmeric Powder/ Haldi,aachi,plant-based-foods-and-beverages,8906021123105,,"[""16 g""]","[""TURMERIC""]","[""-""]",[],,
nutritius crunchy peanut chikki,nutritius,snacks,05597811,,"[""26 g""]","[""ROASTED PEANUTS & JAGGERY.""]","[""peanuts""]",[],,https://images.openfoodfacts.org/images/products/000/000/559/7811/front_en.3.400.jpg
High Protein Paneer,akshayakalpa-organic,dairies,8906177760971,,"[""200g""]","[""Organic Milk Solids (Cow Milk"", ""Curd).""]","[""milk""]",[],,
Everest Chaat Masala,everest,plant-based-foods-and-beverages,8901786061006,,"[""100 g""]","[""Rock Salt"", ""Black Salt"", ""Dried Mango"", ""Cumin"", ""Pomegranate seed"", ""Black Pepper"", ""Dried Ginger"", ""Chilli"", ""Mint Leaf"", ""Nutmeg"", ""Bishop's Weed"", ""Citric Acid and Compounded Asafoetida. \nALLERGEN INFORMATION: May Contain Mustard""]","[""-""]",[],,
Besan,good-life,plant-based-foods-and-beverages,8902901001594,,"[""500g""]","[""Chana dal""]","[""-""]",[],,https://images.openfoodfacts.org/images/products/890/290/100/1594/front_en.17.400.jpg
Extra Virgin Olive Oil,jivo,plant-based-foods-and-beverages,8908000258723,,"[""1L, 912g""]","[""Extra Virgin Olive Oil""]","[""-""]",[],,
Act II Caramel Bliss,act-ii,snacks,8901512562906,,"[""70g""]","[""Liquid Glucose"", ""Popped Corn (25.9%)"", ""Sugar"", ""Table Butter"", ""Caramel 1 (0.7%)"", ""lodized Salt"", ""Raising Agent (Sodium Bicarbonate)"", ""Emulsifier (Lecithin)"", ""Refined Edible Palmolein Oil (TBHQ)"", ""Nature Identical Flavour (Caramel Butter) & Beta Carotene.""]","[""-""]",[],,
Tata water 1ltr,tata,beverages,8903754000062,,"[""1000ml""]","[""Drinking Water"", ""Copper Sulphate (0.00041%)"", ""iodized Salt""]","[""-""]",[],,
natkhat,crax,wheat-puffs,8908016029263,,"[""63 g""]","[""Semolina (76%)"", ""Edible Vegetable Oil (Refined Palmolein Oill *Seasoning [lodised Salt"", ""Amchur"", ""Red Chilli"", ""Cumin"", ""Coriander"", ""Kachari"", ""Asafoetida"", ""Black Pepper"", ""Ginger"", ""Clove"", ""Mace"", ""Nutmeg"", ""Cinnamon"", ""Mustard Seed"", ""Mint Leaves"", ""Black Cardamom"", ""Acidity Regulator (INS 330)"", ""Flavour Enhancer (INS 635)]"", ""Wheat Bran"", ""Flavour(s) (Natural & Nature Identical Flavouring Substances) &quot"", ""Used as part of flavouring agent Contains Wheat May Contain Soy and Milk""]","[""gluten"", ""mustard""]",[],,https://images.openfoodfacts.org/images/products/890/801/602/9263/front_en.3.400.jpg
No Onion No Garlic Tomato Sauce,kissan,condiments,8901030922565,,"[""425 g""]","[""WATER"", ""TOMATO PASTE* (28%)"", ""SUGAR"", ""IODISED SALT"", ""ACIDITY REGULATOR-E260"", ""STABILIZERS - E1422"", ""E415"", ""PRESERVATIVE - E211"", ""SPICES AND CONDIMENTS.""]","[""-""]",[],,
cow milk,mahanand,dairies,8906011771842,,"[""500""]","[""Cow milk""]","[""milk""]",[],,
Samrat MP Chakki Atta 5 KG,samrat,plant-based-foods-and-beverages,8906016350141,,"[""5 kg""]","[""Whole Wheat""]","[""gluten""]",[],,https://images.openfoodfacts.org/images/products/890/601/635/0141/front_en.4.400.jpg
Roasted peanuts Hing Jeera,jabsons,plant-based-foods-and-beverages,8904067711164,,"[""15g""]","[""Peanuts (83%)"", ""Refined Cottonseed Oil"", ""Cumin (Jeera 4%)"", ""lodized Salt"", ""Chilli (0.6%)"", ""Asafoetida (Hing 0.5%)""]","[""peanuts""]",[],,
Nutri Delite Crunchies,nutri-delite,plant-based-foods-and-beverages,8903363007643,,"[""25 gms""]","[""REFINED WHEAT FLOUR (41.8%)"", ""SUGAR"", ""CORN FLOUR"", ""WHEAT BRAN"", ""LIQUID GLUCOSE"", ""COCOA POWDER (1.9 PALMOLEN OIL"", ""MALT EXTRACT"", ""ARTIFICIAL FLAVOURING SUBSTANCES-VANILLA & BUTTERSCOTCH CALCIUM CARBONATE"", ""IODISED SALT"", ""SOYA LECITHIN (INS 322 (i))"", ""NATURAL COLOUR (INS 150d)"", ""TOCOPHEROL (INS 07b).""]","[""gluten"", ""soybeans""]",[],,
Moong dal,chheda-s,snacks,8904071703155,,"[""32gm""]","[""Decorticated Split Green Gram 72 %"", ""Palm Oil 27 %"", ""Salt 1%""]","[""-""]",[],,https://images.openfoodfacts.org/images/products/890/407/170/3155/front_en.5.400.jpg
High Protein Milk,sid-s-farm,dairies,0726684792160,,"[""250ml""]","[""Pasteurized skimmed milk"", ""B-galactosidase enzyme""]","[""milk""]",[],,
Idly mix,gangwal,plant-based-foods-and-beverages,8906021510011,,"[""500g""]","[""RICE FLOUR (65%)"", ""URAD DAL FLOUR"", ""CITRIC ACID (E 330)"", ""SOD. BICARBONATE (E 500)"", ""IODISED SALT.""]","[""-""]",[],,
Sugar-free Hot Chocolate Dark Variant,tiggle,hot-chocolate,7422590993778,,"[""100g""]","[""Dark Cocoa"", ""Monk Fruit"", ""Erythritol"", ""Coffee"", ""Cinnamon"", ""Cornflour"", ""Salt""]","[""-""]",[],,
Butterfly Pea Flower Herbal Tea,blue-tea,beverages-and-beverages-preparations,8906153091105,,"[""30g""]","[""100 %Butterfly pea flowers (Clitoria Ternatea)""]","[""-""]",[],,https://images.openfoodfacts.org/images/products/890/615/309/1105/front_en.3.400.jpg
Nutri Choice,britannia,bisc,3948063142855,,"[""100g""]","[""Wheat flour (atta) (61%)"", ""Refined Palm Oil"", ""sweeteners [965(i) & (ii) and 955]"", ""WHEAT BRAN (5.4%)"", ""RAISING AGENTS [503(ii) & 500(ii)]"", ""MALTODEXTRIN"", ""MILK SOLIDS"", ""IODISED SALT"", ""EMULSIFIERS [322(i)"", ""471 & 472e)"", ""MALT EXTRACT"", ""NATURE &ii) AND 955)"", ""IDENTICAL & ARTIFICIAL (MILK) FLAVOURING SUBSTANCES"", ""ANTIOXIDANT (307c). DOUGH CONDITIONER (223) AND SPICE.""]","[""gluten"", ""milk""]",[],,
Chikki,ganesha-vilas,chikki,8908004037058,,"[""300 g""]","[""ROASTED GROUNDNUTS"", ""JAGGERY"", ""VANILLA""]","[""peanuts""]",[],,
Veeba Tomato Ketchup,veeba,condiments,0086502404300,,"[""460g""]","[""Tomato Paste (28.0%)"", ""Synthetic Vinegar (Water"", ""Acetic Acid (INS260))"", ""Water"", ""Sweeteners (Erythritol (INS968)"", ""Steviol Glycoside (INS960)]"", ""Iodised Salt"", ""Starch"", ""Stabilizer (INS1422"", ""Spices and Condiments"", ""Acidity Regulator (INS297) and Preservative (INS211)""]","[""-""]",[],,https://images.openfoodfacts.org/images/products/008/650/240/4300/front_en.5.400.jpg
CRYSTAL STAR,heavenly-groups,condiments,1111104081983,,"[""500gm""]","[""COMMON SALT""]","[""-""]",[],,
Zulubar dark crunch,havmor-ice-cream,desserts,8904089325943,,"[""80ml""]","[""Middle Layer - Ice Cream (50.9%): Added Water"", ""Milk Solids"", ""Sugar"", ""Brownie (4.2%) [Milk Solids"", ""Chocolate Substitute (1.1%) (Sugar"", ""Refined Palm Kernel Oil"", ""Refined Palm Oil"", ""Cocoa Solids"", ""Emulsifier (INS 322)"", ""Artificial (Vanilla) Flavouring Substances)"", ""Refined Wheat Flour (Maida)"", ""Refined Palm Oil"", ""Sugar"", ""Cocoa Solids (0.2%)"", ""Refined Cottonseed Oil"", ""Baking Powder"", ""lodised Salt"", ""Raising Agents (INS 500 (ii))]"", ""Cocoa Solids (3.6%)"", ""Chocolate (1.5%) [Contains Additives - Emulsifiers (INS 322"", ""INS 476)"", ""Nature Identical (Vanilla) Flavouring Substances]"", ""Emulsifiers (INS 471"", ""INS 433) and Stabilizers (INS 466"", ""INS 412"", ""INS 407a"", ""INS 410)"", ""Synthetic Food Colours (INS 110"", ""INS 102"", ""INS 122"", ""INS 133). Outer Layer-Dark Compound Covering (24.7%): Chocolate Substitute (21.8%) [Refined Palm Kernel Oil"", ""Sugar"", ""Cocoa Solids"", ""Emulsifier (INS 322 (i)-Lecithin of Soya Origin) & Nature Identical (Vanilla) Flavouring Substances]"", ""Almonds (2.9%) Inner Layer-Compound Covering (24.4 %): Chocolate Substitute (16.9%) (Sugar"", ""Refined Palm Oil"", ""Milk Solids"", ""Cocoa Solids Emulsifier (INS 322"", ""INS 476)"", ""Nature Identical and Artificial (Vanilla) Flavouring Substances)"", ""Refined Palm Kernel Oil"", ""Chocolate (2.4%) [Contains Additives - Emulsifiers (INS 322"", ""INS 476)"", ""Nature Identical (Vanilla) Flavouring Substances]. 63-m Cocoa Solids (0.7%)"", ""Cocoa Bu Food Allergen : Contains Milk"", ""Wheat"", ""Nut and Son/26"", ""06/01/27 P3 14:37 00. Lic No. PCC/DDD/G-6416/WA/AA/KD/16-17/981. Pkg Material Mfg By: Geep Industries India Pvt. Ltd.""]","[""gluten"", ""milk"", ""nuts""]",[],,
Hide and seek choco rolls,parle,snacks,8901719126505,,"[""125 g""]","[""CHOCO CRÈME (40%)"", ""SUGAR"", ""PALMOLEIN"", ""PALM OIL"", ""COCOA SOLIDS"", ""SOY LECITHIN"", ""ARTIFICIAL FLAVOURING SUBSTANCES-VANILLA"", ""REFINED WHEAT FLOUR (MAIDA)"", ""SUGAR"", ""REFINED PALM OIL"", ""INVERT SUGAR SYRUP"", ""COCOA SOLIDS"", ""IODISED SALT"", ""RAISING AGENTS [500 (ii)"", ""503 (ii)] AND EMULSIFIER OF VEGETABLE ORIGIN [472e].""]","[""gluten"", ""soybeans""]",[],,
Veg Mayonnaise,Dr. Oetker,condiments,0890600200494,,"[""250g""]","[""Refined Soyabean Oil"", ""Water"", ""Sugar"", ""Milk Solids"", ""iodised Salt"", ""Lemon Juice"", ""Emulsifiers and Stabilizers (INS415"", ""INS1442)"", ""Acidity Regulators (INS260"", ""INS330)"", ""Preservatives (INS211"", ""INS202)"", ""Antioxidant (INS319).  CONTAINS MILK.""]","[""milk"", ""soybeans""]",[],,https://images.openfoodfacts.org/images/products/089/060/020/0494/front_en.9.400.jpg
Veg Mayonnaise For Burger,Dr. Oetker,condiments,0890600200876,,"[""250g""]","[""Refined Soyabean Oil"", ""Tomatoes (3%)"", ""Sugar"", ""Milk Solids"", ""Lemon Juice"", ""iodised Salt"", ""Emulsifiers & Stabilizers (INS1442"", ""INS415)"", ""Mixed Spices"", ""Acid Regulators (INS260"", ""INS330)"", ""Preservatives (INS211"", ""INS202)"", ""Antioxidant(INS319)"", ""Contains _Milk_""]","[""milk"", ""soybeans""]",[],,
Navaratan mix,snactac,snacks,8904132912748,,"[""150g""]","[""REFINED VEGETABLE OIL (COTTONSEED"", ""PALMOLEIN)"", ""BENGAL GRAM FLOUR (20%)"", ""BENGAL GRAM (18%)"", ""RED LENTILS (12%)"", ""GROUNDNUT (7%)"", ""POTATO CHIPS (3%) RICE FLAKES (3%)"", ""iODISED SALT"", ""SPICES & CONDIMENTS"", ""SPINACH POWDER"", ""CONTAINS _GROUNDNUT_.""]","[""groundnut""]",[],,
Hershey's Hot Chocolate,hershey-s,beverages-and-beverages-preparations,8901071702744,,"[""240g""]","[""Sugar"", ""Cocoa Solids (29.6%)"", ""Vitamins & Minerals [Vitamin C (Ascorbic acid)"", ""Iron (Ferric Pyrophosphate)"", ""Zinc (Zinc sulphate)"", ""Vitamin E (Acetate)"", ""Vitamin B6 (Pyridoxine)"", ""Vitamin B1 (Thiamine Chloride hydrochloride)"", ""Vitamin B2 (Riboflavin)"", ""Vitamin A (Acetate)"", ""Vitamin B9 (Folic Acid)"", ""Vitamin D2 (Ergocalcif - erol)"", ""Vitamin B12 (Cyanocobalamin)] & Flavour (Artificial Flavouring Substance - Vanilla) Mid Du Mokoon Phormocouticals (1) But Itd (Food division)""]","[""-""]",[],,https://images.openfoodfacts.org/images/products/890/107/170/2744/front_en.3.400.jpg
Kachi Ghani Mustard Oil,-,plant-based-foods-and-beverages,8908004828151,,"[""1l 910 g""]","[""Mustard Oil"", ""Vitamin A & Vitamin D2""]","[""-""]",[],,
Kellogg's oats,Kellogg's,plant-based-foods-and-beverages,8901499011534,,"[""425""]","[""Rolled Oats (100%) Contains Oats. Kellogg's Oats is sourced from a facility that processes wheat"", ""barley"", ""nuts"", ""soy and milk and may contain these in traces.""]","[""gluten"", ""milk"", ""nuts"", ""soybeans""]",[],,
Happy Happy CAKES Tutti Frutty Flavoured,parle,cakes-category-7-2-1,8901719128547,,"[""100 g""]","[""REFINED WHEAT FLOUR (MAIDA)"", ""SUGAR"", ""EGG"", ""EDIBLE VEGETABLE FAT (HYDROGENATED VEGETABLE OILS) & REFINED PALM OLEIN"", ""HUMECTANTS (420"", ""422"", ""1520)"", ""CANDIED FRUIT (PAPAYA-5.7%)"", ""CAKE IMPROVER (MALTODEXTRIN"", ""STARCH"", ""EMULSIFIERS (472a"", ""475)"", ""RAISING AGENTS (450i"", ""500ii))"", ""STABILIZER (415)"", ""LIQUID GLUCOSE"", ""EMULSIFIERS OF VEGETABLE ORIGIN (471"", ""477"", ""470i)"", ""INVERT SUGAR SYRUP"", ""IODIZED SALT"", ""ARTIFICIAL (TUTTI FRUITY) FLAVOURING SUBSTANCE"", ""RAISING AGENT (341i)"", ""STABILIZER (415) AND COLOURS (102"", ""129 & 110).""]","[""eggs"", ""gluten""]",[],,https://images.openfoodfacts.org/images/products/890/171/912/8547/front_en.12.400.jpg
Tofu ( soya paneer),sr-foods,plant-based-foods-and-beverages,8908005308003,,"[""200 grams""]","[""Soya Bean"", ""Citric Acid (INS 330)"", ""Purified Water""]","[""soybeans""]",[],,
Black,pepsi,beverages-and-beverages-preparations,8902080001293,,"[""Bottle of 600ml""]","[""CARBONATED WATER"", ""COLOUR (150d)"", ""ACIDITY REGULATORS (338"", ""330)"", ""SWEETENERS (955"", ""950)"", ""PRESERVATIVE (211)"", ""CAFFEINE (13mg/100g)"", ""FLAVOUR (NATURAL FLAVOURING SUBSTANCES)"", ""STABILIZER (436)""]","[""-""]",[],,
Campa cricket with electrolytes,campa,beverages,8904132950788,,"[""500ml""]","[""CARBONATED WATER"", ""SUGAR"", ""LEMON JUICE CONCENTRATE (0.3%)"", ""ACIDITY REGULATORS (E330"", ""E331(iii) )"", ""MINERAL SALTS (SODIUM CHLORIDE"", ""POTASSIUM CHLORIDE)"", ""SEQUESTRANTS (E452(i)"", ""E385)"", ""PRESERVATIVE (E211)"", ""COLOUR (E102)""]","[""-""]",[],,
Sting Blue Current,pepsico,beverages,8902080002528,,"[""250 ml""]","[""CARBONATED WATER"", ""SUGAR"", ""ACIDITY REGULATORS (330"", ""331)"", ""FLAVOUR (NATURAL AND NATURE IDENTICAL FLAVOURING SUBSTANCES)"", ""SEQUESTRANTS (452(i)"", ""385)"", ""CAFFEINE (29 mg/100 ml)"", ""PRESERVATIVES (211"", ""202)"", ""SWEETENERS (955"", ""950)"", ""COLOUR (133)""]","[""-""]",[],,https://images.openfoodfacts.org/images/products/890/208/000/2528/front_en.21.400.jpg
Honey,organic-india,breakfasts,0801541512775,,"[""250 g""]","[""Organic Honey Multi Floral""]","[""-""]",[],,
Aashirvaad svasti Paneer Slices,Aashirvaad,dairies,8901725013318,,"[""200g""]","[""Milk Solids.""]","[""milk""]",[],,
Lemon chilli,gopal-wafers,plant-based-foods-and-beverages,8906078721040,,"[""35g""]","[""Potato (55%)"", ""Edible Vegetable oil (Palmolein oil) (33%)"", ""Sugar"", ""Black Salt"", ""Edible common Salt"", ""Spices & Condiments ((Chilli Powder (0.3%)"", ""Cumin Powder))"", ""Silicon Dioxide (E 551)"", ""Milk Solids"", ""HVP (Soya)"", ""Citric Acid (INS 330)"", ""Malic Acid (INS 296)"", ""Sodium Acetate (INS 262)"", ""Disodium 5'-ribonucleotides (INS 635)"", ""Contains Added Flavour (NATURAL and NATURE IDENTICAL FLAVOURING SUBSTANCES(Lemon)).ALLERGEN ADVICE: CONTAINS _MILK_"", ""_SOYA_.Traces:_CEREALS_(GLUTEN)"", ""_MILK_"", ""_TREE NUTS_"", ""_PEANUTS_"", ""_SESAME SEEDS_"", ""_MUSTARD SEEDS_"", ""_SOYA_.""]","[""milk"", ""mustard"", ""nuts"", ""peanuts"", ""sesame seeds"", ""soybeans""]",[],,https://images.openfoodfacts.org/images/products/890/607/872/1040/front_en.3.400.jpg
Munch,Nestlé,snacks,8901058000702,,"[""18 and 100g""]","[""Sugar"", ""Refined Wheat flour (Maida)"", ""Hydrogenated vegetable fat"", ""Fractionated vegetable fat"", ""Milk solids"", ""Cocoa solids (3.9%)"", ""Emulsifier (Soya lecithin)"", ""Raising agent (E 500(ii))"", ""Yeast"", ""iodised salt"", ""Flour treatment agent (E 516)"", ""Artificial (Vanilla)"", ""Nature identical flavouring substances"", ""Contains _Wheat_"", ""_Sesame_"", ""_Milk_ and _Soy_"", ""May Contains _Nut_""]","[""gluten"", ""milk"", ""nuts"", ""sesame seeds"", ""soybeans""]",[],,
Monster Energy Pipeline Punch,monster-energy,beverages-and-beverages-preparations,4897036695678,,"[""350ml""]","[""CARBONATE WATER"", ""SUCROSE"", ""GLUCOSE"", ""ACIDITY REGULATORS (CITRIC ACID"", ""SON CITRATE)"", ""TAURINE (400 mg/100 ml)"", ""NATURE-IDENTICAL MIXED FRUIT FLAMI PRESERVATIVES (POTASSIUM SORBATE"", ""SODIUM BENZOATE)"", ""CAFFENED 100 ml (300 ppm)"", ""SWEETENER (SUCRALOSE)"", ""VITAMINS (B3"", ""B2"", ""B INOSITOL (2 mg/100 ml)"", ""COLOURS (ALLURA RED AC"", ""TARTRAZINE"", ""NUTR INFORMATION PER 1 SERVING IN 1 CONTAINER (350 ml): ENERGY 125 6% RDA)"", ""PROTEIN 0 g (0% RDA)"", ""CARBOHYDRATE 31 g"", ""TOTAL SUGARS ADDED SUGARS 31 g (61% RDA)"", ""TOTAL FAT 0 g (0% RDA)"", ""CHOLESTER Omg (0% RDA)"", ""SODIUM 51 mg (3% RDA)"", ""VITAMIN B2 2.9 mg"", ""83) 8.8 mg"", ""VITAMIN B6 1.2 mg"", ""VITAMIN B12 0.52 μg THIS CONTAINS SUCRALOSE FOR MANIE SEE THE FIRST""]","[""-""]",[],,
Gold Blend Instant Coffee,nescafe,beverages-and-beverages-preparations,8901058867015,,"[""50g""]","[""Coffee Beans.""]","[""-""]",[],,
Madras Mixture,tasties,snacks,8904256722698,,"[""150 g""]","[""Gram Flour"", ""Edible Vegetable Oil (Palmolein Oil)"", ""Rice Flour"", ""Rice Flakes"", ""Peanuts"", ""Cashew Nuts"", ""Roasted Bengal Gram"", ""Curry Leaves"", ""Iodised Salt"", ""Chilli Powder"", ""Asafoetida"", ""Pepper Powder"", ""Coriander Powder And Ajwain Powder.""]","[""nuts"", ""peanuts""]",[],,https://images.openfoodfacts.org/images/products/890/425/672/2698/front_en.5.400.jpg
Creme Bakes,lavian-exotique,snacks,8906071887743,,"[""21g""]","[""SOFT CAKE(REFINED WHEAT FLOUR (MAIDA)"", ""SUGAR"", ""LIQUID GLUCOSE"", ""HUMECTANTS (INS 422"", ""INS 420(i))"", ""EDIBLE VEGETABLE OIL(REFINED PALMOLIEN OIL"", ""INS 319"", ""INS 330"", ""INS 900(a))"", ""CAKE GEL(INS 471"", ""INS 477"", ""INS 472(b)"", ""INS 470(i)"", ""INS 422)"", ""MILK SOLIDS"", ""COCOA SOLIDS"", ""BAKING POWDER"", ""EMULSIFIER(INS 322)"", ""EDIBLE VEGETABLE FAT(REFINED PALM OIL"", ""REFINED PALM STEARIN"", ""Indian sesame oil)"", ""EDIBLE COMMON SALT"", ""PRESERVATIVES (INS 202"", ""INS 223)"", ""RAISING AGENTS (INS 503(ii)"", ""INS 500(ii))"", ""STABILIZER(INS 415). CONTAINS PERMITTED NATURAL FOOD COLOUR (INS 150(d)) and ADDED FLAVOURS - ARTIFICIAL FLAVOURING SUBSTANCES (ETHYL VANILLIN))SYRUP(HUMECTANTS (INS 420(ii)"", ""INS 422)"", ""PRESERVATIVE (INS 202). CENTRE CREAM (18%)(SUGAR"", ""EDIBLE VEGETABLE FAT (REFINED PALM OIL"", ""REFINED PALM STEARIN"", ""Indian  sesame oil)"", ""MILK SOLIDS"", ""COCOA SOLIDS"", ""DEXTROSE MONOHYDRATE"", ""EMULSIFIER(INS 322)"", ""HUMECTANT (INS 420(i))"", ""PRESERVATIVE (INS 202)"", ""EDIBLE COMMON SALT. CONTAINS ADDED FLAVOUR-NATURAL & NATURE IDENTICAL FLAVOURING SUBSTANCES (COCOA))"", ""ENROBED COMPOUND (35%) (SUGAR"", ""EDIBLE VEGETABLE FATS (HYDROGENATED VEGETABLE OILS - REFINED PALM KERNEL OIL"", ""Indian  sesame oil"", ""INS 322)"", ""MILK SOLIDS"", ""COCOA SOLIDS"", ""EMULSIFIERS (INS 322"", ""INS 476"", ""INS 492)"", ""ANTIOXIDANT (INS 321)"", ""CONTAINS ADDED FLAVOUR(ARTIFICIAL FLAVOURING SUBSTANCES (ETHYL VANILLIN)))"", ""CONTAINS _WHEAT"", ""MILK"", ""SOYA AND SULPHITE. MAY CONTAINS TRACES OF NUTS_HYDROGENATED VEGETABLE FATS USED-CONTAINS TRANS FATS.""]","[""gluten"", ""milk"", ""soybeans"", ""sulphur dioxide and sulphites""]",[],,
Garlic Cheese Spread,milky-mist,dairies,8904083310037,,"[""200 g""]","[""Cheese"", ""Water"", ""Milk Solids"", ""Emulsifiers (INS 452"", ""339)"", ""Stabilizer [INS 412)"", ""Garlic Powder (0.3%)"", ""Acidity Regulator (INS 270 )"", ""Class II Preservative [INS 234"", ""200]""]","[""milk"", ""milk""]",[],,
Himalayan Rock Salt,tata-salt,condiments,8904043926612,,"[""1 kg""]","[""Rock Salt (Sendha Namak)"", ""Potassium lodate""]","[""-""]",[],,https://images.openfoodfacts.org/images/products/890/404/392/6612/front_en.24.400.jpg
Pintola Peanut Butter,pintola,plant-based-foods-and-beverages,8908010900384,,"[""1kg""]","[""_Peanuts_ 100%""]","[""peanuts""]",[],,
Milkybar Moosha,Nestlé,snacks,8901058903966,,"[""38g""]","[""Nougat + Caramel (70%) (Sugar"", ""Liquid glucose"", ""Hydrogenated vegetable fats"", ""Malt extract"", ""*Milk solids (3.7%)"", ""Emulsifiers (471 and Soya Lecithin)"", ""Acidity regulator (330)"", ""Stabilizer (501)"", ""lodized salt"", ""Nature - Identical flavouring substances and Artificial (Vanilla) flavouring substances) and MILKYBAR^ Coating (30%) (*Milk solids (10.6%)"", ""Sugar"", ""Hydrogenated vegetable fats"", ""Fractionated vegetable fat"", ""Emulsifier (Soya lecithin) and Nature-Identical flavouring substances). Contains Barley"", ""Milk"", ""Sesame"", ""Soy and Wheat.""]","[""gluten"", ""milk"", ""sesame seeds"", ""soybeans""]",[],,
Kaju 240,dmart,plant-based-foods-and-beverages,8903363004710,,"[""100 g""]","[""Cashew nuts""]","[""nuts""]",[],,
Kaju 320,dmart,plant-based-foods-and-beverages,8903363004697,,"[""100 g""]","[""Cashew nuts""]","[""nuts""]",[],,https://images.openfoodfacts.org/images/products/890/336/300/4697/front_en.5.400.jpg
white bread,bakeman-s-soft-bread,plant-based-foods-and-beverages,8908007728113,,"[""250g""]","[""Refined wheat Flour"", ""Yeast"", ""Sugar"", ""Iodized Salt"", ""Preservative(282)"", ""Soya Flour"", ""Emulsifier (481(i))"", ""Acidity Regulator (270)"", ""Flour Treatment Agents (1104 & 1100)"", ""Antioxidant(300).""]","[""gluten"", ""soybeans""]",[],,
Happy happy - Parl,parle,snacks,8901719129988,,"[""31.5 g""]","[""REFINED WHEAT FLOUR(MAIDA)"", ""SUGAR"", ""REFINED PALM OIL"", ""CHOCO CHIPS(8.4%)"", ""[SUGAR"", ""EDIBLE VEGETABLE FAT (HYDROGENATED OILS)"", ""COCOA SOLIDS"", ""DEXTROSE"", ""EMULSIFIER (SOY LECITHIN) AND ARTIFICIAL FLAVOURING SUBSTANCES (VANILLA)]"", ""INVERT SUGAR SYRUP"", ""COCOA SOLIDS (0.5%)"", ""IODISED SALT"", ""RAISING AGENTS [503 (ii)"", ""500 (ii)] AND EMULSIFIER OF VEGETABLE ORIGIN (472e)\r\nCONTAINS PERMITTED NATURAL FOOD COLOURS [ 150c"", ""150d ] AND ADDED FLAVOUR (ARTIFICIAL FLAVOURING SUBSTANCES - CHOCOLATE).""]","[""gluten"", ""soybeans""]",[],,
Amul Peanut Spread,amul,plant-based-foods-and-beverages,8901262010504,,"[""300g""]","[""Roasted peanut"", ""Sugar"", ""Edible vegetable oil (groundnut oil)"", ""Iodized salt"", ""Stabilizer (471).""]","[""peanuts""]",[],,https://images.openfoodfacts.org/images/products/890/126/201/0504/front_en.6.400.jpg
SAYER DATES,molsi-s,plant-based-foods-and-beverages,8906142772923,,"[""1 kg""]","[""Dates""]","[""-""]",[],,
Rocket Vannila Ice Cream,mother-dairy,desserts,8901648000174,,"[""60g""]","[""Inner Layer: Ice Cream (65%): Water"", ""Milk Solids"", ""Sugar"", ""Stabilizers & Emulsifiers (477"", ""471"", ""466"", ""407"", ""412"", ""410)"", ""Artificial Flavouring Substances (Vanilla). Outer Layer: Biscuit (35%): Refined Wheat Flour (Maida)"", ""Sugar"", ""Refined Palm Oil"", ""Cocoa Powder"", ""lodized Salt"", ""Emulsifier (322 (i))"", ""Raising agents (500 (ii)"", ""503(ii))"", ""Artificial Flavouring Substance (Vanilla) and Food Colour (150d).\n_Soy_Wheat_Milk""]","[""gluten"", ""milk"", ""soybeans""]",[],,
Nutri+ Eggs,abhi-eggs,farming-products,8908015078033,,"[""6 eggs""]","[""Eggs""]","[""eggs""]",[],,https://images.openfoodfacts.org/images/products/890/801/507/8033/front_en.3.400.jpg
Maggi noodles masala,Nestlé,plant-based-foods-and-beverages,8901058000306,,"[""560 gm""]","[""Noodles: Refined wheat flour (Maida)"", ""Palm oil"", ""lodized salt"", ""Wheat gluten"", ""Thickeners (508 & 412)"", ""Acidity regulators (501(i) & 500 (i)) and Humectant (451 (i)).\n\nMasala *TASTEMAKER®: Mixed spices (25.6%) (Onion powder"", ""Coriander powder"", ""Turmeric powder"", ""Red chilli powder"", ""Garlic powder"", ""Cumin powder"", ""Aniseed powder"", ""Ginger powder"", ""Fenugreek powder"", ""Black pepper powder"", ""Clove powder"", ""Green cardamom powder & Nutmeg powder)"", ""Refined wheat flour (Maida)"", ""Hydrolysed groundnut protein"", ""Sugar"", ""Palm oil"", ""Starch"", ""Vodized salt"", ""Thickener (508)"", ""Flavour enhancer (635)"", ""Toasted onion flakes"", ""Acidity regulator (330)"", ""Colour (150d)"", ""Mineral and Wheat gluten. Contains Wheat & Nut.\n\nMay contains Milk"", ""Mustard"", ""Oats And Soy.""]","[""gluten"", ""milk"", ""mustard"", ""soybeans""]",[],,
Dairy Milk,cadbury,snacks,7622201442019,,"[""23 g""]","[""Sugar"", ""Milk Solids(23%)"", ""Cocoa Butter"", ""Cocoa Solids"", ""Emulsifiers(442"", ""476)"", ""Flavors(Natural"", ""Nature Identical and Artificial(Vanilla) Flavoring Substances) _Milk. May contain Tree Nuts"", ""Wheat"", ""Barley and Soy_""]","[""milk""]",[],,
Essentials - Cashew,happilo,plant-based-foods-and-beverages,8904424800333,,"[""500 g""]","[""Cashew""]","[""nuts""]",[],,
Fortune Besan,fortune,plant-based-foods-and-beverages,8906007285018,,"[""500 g""]","[""Split Chickpea flour""]","[""-""]",[],,https://images.openfoodfacts.org/images/products/890/600/728/5018/front_en.30.400.jpg
Semolina Suji Rawa,reliance,semolina,8902901001747,,"[""1kg""]","[""Wheat""]","[""gluten""]",[],,
Sooji rawa,good-life,plant-based-foods-and-beverages,8902901001754,,"[""500g""]","[""Wheat""]","[""gluten""]",[],,
DryFruit Mix,nutraj,plant-based-foods-and-beverages,8906019779451,,"[""500g""]","[""Raisins (Kishmish)"", ""Almond Kernels & Cashew Nuts. Allergy Caution: Contains Tree Nuts. This product has been packed in an integrated nuts & dried fruits processing unit and may contain an occasional trace of other nuts or dried fruits. FOR ANY FEEDBACK OR COMPLAINT CONNECT WITH OUR CUSTOMER CARE MANAGER AT VKC NUTS PVT. LTD. D-63"", ""SEC A-2"", ""TRANS DELHI SIGNATURE CITY (TRONICA CITY) INDUSTRIAL AREA"", ""回家 GHAZIABAD (UP)-201102 OR CALL AT-+91-9971095414 OR EMAIL  No. of Servings Per Pack 17.85""]","[""nuts""]",[],,https://images.openfoodfacts.org/images/products/890/601/977/9451/front_en.3.400.jpg
Chana Jor Garam,balaji,snacks,8906010502201,,"[""250g""]","[""CHICKPEA (69%)"", ""EDIBLE VEGETABLE OIL (PALMOLEIN"", ""RICE BRAN"", ""CORN)"", ""SPICES & CONDIMENTS (CHILLI"", ""DRY MANGO"", ""TURMERIC"", ""CLOVE"", ""CAROM SEED"", ""GINGER"", ""CINNAMON"", ""CARDAMOM"", ""NUTMEG"", ""MACE"", ""BAY LEAVES)"", ""EDIBLE COMMON SALT"", ""BLACK SALT""]","[""-""]",[],,
Soya Chips,chauhan-foods,snacks,8906171950019,,"[""200g""]","[""SOYA FLOUR (DEFATTED)"", ""UDAD DAL FLOUR"", ""RICE FLOUR"", ""EDIBLE STARCH"", ""IODIZED SALT"", ""CONDIMENTS"", ""SPICES"", ""CITRIC ACID"", ""EDIBLE OIL""]","[""soybeans""]",[],,
Waterful,waterful,beverages-and-beverages-preparations,8908019811063,,"[""112.5g""]","[""Valencia Orange: Sugar"", ""Acidity Regulator (INS 330)"", ""Natural Turmeric Yellow (INS 100)"", ""Natural Orange Flavour"", ""Natural Sweetener Stevia Extract (INS 960)"", ""Gum Arabic (INS 414)"", ""Salt"", ""Vitamin & Mineral Pre-Mix. h Mixed Berries: Sugar"", ""Acidity Regulator (INS 330)"", ""Natural Mixed Berry H Flavour"", ""Natural Sweetener Stevia Extract (INS 960)"", ""Gum Arabic (INS 414)"", ""Natural Beetroot Red (INS 162)"", ""Salt"", ""Vitamin & Mineral Pre-Mix. Green Apple: Sugar"", ""Natural Apple Flavour"", ""Acidity Regulator (INS 330)"", ""Natural Turmeric Yellow (INS 100)"", ""Chlorophyll Complex (INS 1411)"", ""Natural Sweetener Stevia Extract (INS 960)"", ""Gum Arabic (INS 414)"", ""Salt"", ""Vitamin & Mineral Pre-Mix. Lime & Lemon: Sugar"", ""Acidity Regulator (INS 330)"", ""Natural Lemon Flavour"", ""Natural Lemon powder"", ""Gum Arabic (INS 414)"", ""Natural Mint Flavour"", ""Natural Sweetener Stevia Extract (INS 960)"", ""Salt"", ""Vitamin & Mineral Pre-Mix. Tropical Pineapple: Sugar"", ""Acidity Regulator (INS 330)"", ""Natural Pineapple Flavour"", ""Natural Turmeric Yellow (INS 100)"", ""Natural Sweetener Stevia Extract (INS 960)"", ""Gum Arabic (INS414)"", ""Salt"", ""Vitamin & Mineral Pre-Mix.""]","[""-""]",[],,
Bru Cold Coffee Hazelnut,bru,beverages-and-beverages-preparations,8901030966033,,"[""230ml""]","[""DOUBLE TONED MILK (79%)"", ""SUGAR"", ""MILK SOLIDS"", ""COFFEE (1%)"", ""STABILIZERS (INS 460 INS 466&INS 407)"", ""ACIDITY REGULATOR (INS 340 (ii) & FLAVOURS (NATURE IDENTICAL FLAVOURING SUBSTANCES).""]","[""milk""]",[],,https://images.openfoodfacts.org/images/products/890/103/096/6033/front_en.4.400.jpg
bebe burp Ragi Cookies,bebe-burp,snacks,8939997430236,,"[""150 g""]","[""Ragi Flour (48%)"", ""Whole Wheat Flour (20%)"", ""Cow Ghee (15%)"", ""Jaggery Powder (11.25%)"", ""Milk (5%)"", ""Cardamom (0.75%)""]","[""gluten"", ""milk""]",[],,
Classic Salted Cashews,paper-boat,plant-based-foods-and-beverages,8906080604812,,"[""70g""]","[""CASHEWS (98%)"", ""EDIBLE COMMON SALT 1.5% (IODISED SALT AND BLACK SALT) AND EDIBLE VEGETABLE OIL (SUNFLOWER SEED OIL-HIGH OLEIC ACID). Contains Nuts""]","[""nuts""]",[],,
RiteBite MAXPROTEIN snack,ritebite,snacks,8906009532950,,"[""120 g""]","[""Millets & Pulses Blend Flour (55%) (Jowar Sorghum"", ""Chickpeas"", ""Quinoa"", ""Whole Grain Oats"", ""Ragi"", ""Soy"", ""Urad)"", ""Rice Bran Oil"", ""Soy Protein Concentrate"", ""Dietary Fiber"", ""Sugar"", ""Ajwain Powder"", ""Black Pepper"", ""Rock Salt"", ""Fenugreek Powder"", ""Mixed Spices & % Herbs (Chilli"", ""Oregano)"", ""Garlic Powder"", ""Tamarind Powder"", ""Onion Powder"", ""Soya Sauce Powder"", ""Acidity Regulator (E330)"", ""Anti-Caking Agent (551). CONTAINS PERMITTED NATURAL COLOUR (E150a) AND ADDED FLAVOURS (NATURAL AND NATURE IDENTICAL FLAVOURING SUBSTANCES)""]","[""soybeans"", ""cereals""]",[],,https://images.openfoodfacts.org/images/products/890/600/953/2950/front_en.7.400.jpg
Horlicks,hindustan,beverages-and-beverages-preparations,8909106018280,,"[""10g""]","[""Malt (66.7%) [Barley (32%)"", ""Wheat Flour (Atta)"", ""Wheat (49%)"", ""Millet)"", ""Milk Solids (14%)"", ""Sugar"", ""Wheat Gluten"", ""Minerals"", ""Edible lodized Salt"", ""Soy Protein Isolate"", ""Acidity Regulators [INS 501(ii)"", ""INS 500(ii)]"", ""Vitamins. Allergen Information: Contains Wheat"", ""Barley"", ""Milk & Soy.""]","[""gluten"", ""milk"", ""soybeans""]",[],,
Arokya Toned Milk,arokya,dairies,8904057396166,,"[""500 ml""]","[""Milk & Milk Solids Milk \nAllergen Information: Contains Milk""]","[""milk""]",[],,
Purohit Tikha Masala Mamra,purohit,snacks,8906179550013,,"[""500 gm""]","[""Puffed Rice(85%)"", ""Edible Palm Oil (12%)"", ""Iodized Salt"", ""Sugar"", ""Red Chilli Powder"", ""Turmeric Powder"", ""Garam Masala"", ""Asafoetida"", ""Curry Leaves.""]","[""-""]",[],,https://images.openfoodfacts.org/images/products/890/617/955/0013/front_en.8.400.jpg
Gatorade zero sugar lemon lime,gatorade,sports-drink,8902080002344,,"[""500 ml""]","[""WATER"", ""ACIDITY REGULATOR (330)"", ""MINERAL SALTS"", ""SEQUESTRANTS (452 (385) FLAVOUR (NATURAL FLAVOURING SUBSTANCES"", ""PRESERVATIVE 200 SWEETENERS (955.960 a)"", ""STABILIZER (445 (iii))"", ""COLOUR (102) CONTAIN NON-CALORIC SWEETENERS TL ADE""]","[""-""]",[],,
Cheese and Jalapeno dip,veeba,condiments,8906069400473,,"[""300g""]","[""Refined Soyabean Oil"", ""Water"", ""Synthetic Vinegar [Water"", ""Acetic Acid (INS260) Sugar Jalapenos (4.3%)"", ""Emulsifiers and Stabilizers (INS1442"", ""INS1450"", ""INS415)"", ""Milk Solids"", ""Cheese Powder (2.4%)"", ""lodised Salt"", ""Tomato Paste"", ""Spices and Condiments"", ""Acidity Regulator (NS330)"", ""Flavours (Natural & Nature-Identical Flavouring Substances)"", ""Preservatives (NS211"", ""INS202)"", ""Antioxidant (INS319) and Sequestrant (INS385). ALLERGEN INFORMATION: Contains Milk.""]","[""milk"", ""soybeans""]",[],,
Groundnut,dmart,plant-based-foods-and-beverages,8903363000057,,"[""500g""]","[""Groundnut""]","[""-""]",[],,
Rage Coffee Silk Blend Instant Coffee Powder,rage,beverages-and-beverages-preparations,5050001665550,,"[""1.5g""]","[""Coffee""]","[""-""]",[],,https://images.openfoodfacts.org/images/products/505/000/166/5550/front_en.3.400.jpg
Prabhuji Bhujia - Muchy Masti,prabhuji,snacks,8901721000046,,"[""28 g""]","[""Dew Bean Flour (50%)"", ""Bengal Gram Flour (10%) Edible Vegetable Oil (Cotton Seed Oil) (35%)"", ""lodised Salt"", ""Chilli"", ""Spices"", ""Clove & Cardamom.""]","[""-""]",[],,
Butterscotch Crunch,heritage,desserts,8904089974981,,"[""60 ml""]","[""Frozen Dessert: Water"", ""Sugar"", ""Milk Solids"", ""Edible Vegetable Oil (Palm Kern Oil) & Edible Vegetable Fat (Interesterified fat). Liquid Glucose"", ""Wheat Crispy. Vegetable Protein (Soy)"", ""Emulsifier & Stabilizers (INS 471"", ""INS 412"", ""INS 410"", ""INS 407 & INS 401) Choco dip: Edible Vegetable Oil (Palm Kernel Oil"", ""Palm Oil)"", ""Sugar"", ""Cocoa Solids"", ""Emulsifier (INS322) CONTAINS PERMITTED SYNTHETIC FOOD COLOUR (INS102) AND ADDED ARTIFICIAL (BUTTERSCOTCH) FLAVOURING SUBSTANCE. &quot"", ""MEDIUM FAT FROZEN DESSERT&quot"", ""CONTAINS 7.0 % EDIBLE VEGETABLE OIL AND VEGETABLE PROTEIN PRODUCT""]","[""milk"", ""soybeans""]",[],,
MEDIUM FAT ICE CREAM,dinshaw-s,desserts,8904052500940,,"[""30 g""]","[""Medium Fat Ice Cream(77%): Water"", ""Milk Solids"", ""Sugar"", ""Liquid Glucose"", ""Cocoa Solids"", ""Chocochips Compound (2.75%) (Sugar Vegetable Fat Hydrogenated) Milk Solids"", ""Cocoa Solids"", ""Dextrose"", ""Maltodextrin"", ""Emulsifiers (522i) CONTAINS ADDED FLAVOUR (ARTIFICIAL FLAVOURING SUBSTANCES Emulsifiers (471"", ""433)"", ""Stabilizers (412"", ""466"", ""407) CONTAINS PERMITTED SYNTHETIC FOOD COLORS (102"", ""110"", ""122"", ""133) AND ADDED FLAVOUR (NATURE IDENTICAL ARTIFICIAL FLAVOURING SUBSTANCES - (CHOCOLATE). BISCUIT COME (14%): Wafer"", ""Refined wheat Four (Maida). Sugar"", ""Emulsifier (322) Common Salt. CONTAINS COLOR-CARAMEL (1508).""]","[""gluten"", ""milk""]",[],,https://images.openfoodfacts.org/images/products/890/405/250/0940/front_en.5.400.jpg
Nutrela Soya Chunks,nutrela,plant-based-foods-and-beverages,8906032010982,,"[""1kg""]","[""Defatted Soy""]","[""-""]",[],,
Orange Cake – Milka Wonder Cake,-,snacks,8904065212489,,"[""35 g""]","[""REFINED WHEAT FLOUR"", ""SUGAR"", ""EGGS"", ""EDIBLE VEGETABLE OIL/SHORTENING"", ""HUMECTANTS [INS 420"", ""INS 422]"", ""STARCH"", ""SKIMMED MILK POWDER"", ""SALT"", ""RAISING AGENTS [INS 500(ii)"", ""INS 341(1)"", ""ACIDITY REGULATOR [INS 260]"", ""ANTIOXIDANT [INS 320)"", ""AND CONTAINS PERMITTED CLASS II PRESERVATIVES [INS 282"", ""INS 202"", ""INS 200].\nCONTAINS PERMITTED SYNTHETIC FOOD COLOUR [INS 110] AND ADDED ARTIFICIAL FLAVOUR [ORANGE & LEMON].""]","[""eggs"", ""gluten"", ""milk"", ""orange""]",[],,
Gold Standard Whey (Vanilla Ice Cream Flavour),optimum-nutrition,dairies,0748927065794,,"[""4 kg""]","[""Protein Blend (93%) (Whey Protein Isolate"", ""Whey Protein Concentrate"", ""Hydrolysed Whey Protein) (Emulsifier: INS 322i)"", ""Artificial Flavours (Vanilla"", ""Cream"", ""Cookie"", ""Waffle Cone)"", ""Thickeners (INS 466"", ""INS 415)"", ""Sodium Chloride"", ""Sweeteners (INS 955"", ""INS 960).""]","[""milk""]",[],,
Yummiez Veg. Cheese Fingers,godrej-tyson,frozen-foods,8902756331891,,"[""400g""]","[""Frozen Vegetables (Potato"", ""Carrot"", ""Peas) (26%)"", ""Water"", ""Processed Cheese (7%) {(Milk Solids"", ""Vegetable Fats"", ""Modified Starch"", ""Emulsifiers (INS 452(i)"", ""INS 339(iii))"", ""lodized Salt"", ""Preservative (INS 200)"", ""Acidity Regulator (INS 3307)}"", ""Bread Crumb (Maida"", ""Yeast"", ""Salt"", ""Dextrose"", ""Preservative (INS 282) & Acidity Regulator (INS 260)"", ""Batter (Maida"", ""Corn Starch"", ""Salt"", ""Stabilizer (INS 466) & Raising Agent (INS 500))"", ""Dehydrated Potato"", ""Cheese Powder"", ""lodized Salt. 424 CONTAINS ADDED FLAVOUR - NATURE IDENTICAL FLAVORING SUBSTANCES (CHEESE). Allergy Advice: Contains Wheat and Milk Products. Marketed by: Godrei Tyson Foods Ltd""]","[""gluten"", ""milk""]",[],,https://images.openfoodfacts.org/images/products/890/275/633/1891/front_en.3.400.jpg
Ammamma's Peanut Chutney,-,plant-based-foods-and-beverages,8908017084346,,"[""100g""]","[""Peanuts"", ""Red Chilli"", ""Jeera"", ""Garlic"", ""Salt"", ""Tamarind"", ""Preservative (E202)""]","[""peanuts""]",[],,
King's soyabean oil,king-s,plant-based-foods-and-beverages,8906007284097,,"[""15 kg""]","[""Refined Soyabean Oil"", ""Permitted Antioxidant - TBHQ (E-319)"", ""Vitamin A and Vitamin D""]","[""soybeans""]",[],,
Sesame Chutney,katdare,plant-based-foods-and-beverages,8906011851025,,"[""100 gm""]","[""Sesame"", ""Dry coconut"", ""Red chilli"", ""Iodised salt""]","[""sesame seeds""]",[],,https://images.openfoodfacts.org/images/products/890/601/185/1025/front_en.3.400.jpg
Spinach,more,plant-based-foods-and-beverages,0000101481695,,"[""250g""]","[""Spinach""]","[""-""]",[],,
Coriander,more,plant-based-foods-and-beverages,0000101481697,,"[""100g""]","[""Coriander""]","[""-""]",[],,
Ginger,more,plant-based-foods-and-beverages,0000101403187,,"[""100g""]","[""Ginger""]","[""-""]",[],,https://images.openfoodfacts.org/images/products/000/010/140/3187/front_en.3.400.jpg
Plain Salted Potato Chipps,Uncle Chipps,plant-based-foods-and-beverages,8901491405003,,"[""25g""]","[""Potato"", ""Edible Vegetable Oil (Palmolein"", ""Rice Bran Oil)"", ""Iodized Salt (1.5%).""]","[""-""]",[],,
Chekkalu,tasties,snacks,4904059826405,,"[""150 g""]","[""Rice flour (64%)"", ""Refined palmolein oil"", ""Clarified butter"", ""Onion"", ""Ginger"", ""Green chilli"", ""Roasted bengal gram dal"", ""Iodised salt"", ""Sesame seeds"", ""Cumin and Curry leaves.""]","[""milk"", ""sesame seeds""]",[],,
Pecan & almond grain-free granola,the-paleo-foods-co,plant-based-foods-and-beverages,2000000148087,,"[""285 g""]","[""Coconut (28%)"", ""Almonds (25%)"", ""Sunflower Seeds (20%)"", ""Pumpkin Seeds (8.5%)"", ""Organic Coconut Blossom Nectar (7%)"", ""Chicory Root Fibre (4%)"", ""Pecans (3%)"", ""Cashews (2%)"", ""Linseeds (1.5%)"", ""Chia Seeds (1%)""]","[""nuts"", ""nuts"", ""nuts"", ""contains-nuts"", ""nuts""]",[],,
Horlicks Chocolate,Horlicks,beverages-and-beverages-preparations,8901030978579,,"[""1kg""]","[""Malted Cereals (Extracted Solids) (23%) [Barley Malt (13%)"", ""Wheat Malt (10%)]"", ""Cereal Extract (19%) [Barley (11%)"", ""Wheat (8%)]"", ""Partially Hydrolysed Cereal Solids"", ""Sugar"", ""Milk Solids (8%)"", ""Cocoa Powder (6%)"", ""Wheat Gluten"", ""Minerals"", ""Soy Protein Isolate"", ""Emulsifier (INS 471)"", ""Liquid Glucose"", ""Natural Colour (INS 150c)"", ""Nature Identical Flavouring Substances"", ""Vitamins"", ""Stabiliser (INS 412)"", ""Edible lodized Salt"", ""Acidity Regulators [INS 501(ii)"", ""INS 500(ii)].""]","[""gluten"", ""milk"", ""soybeans""]",[],,https://images.openfoodfacts.org/images/products/890/103/097/8579/front_en.3.400.jpg
Horlicks Classic Malt,Horlicks,beverages-and-beverages-preparations,8901030993398,,"[""1kg""]","[""Malt (66.7%) [Barley (32%)"", ""Wheat Flour (Atta)"", ""Wheat"", ""Millet]"", ""Milk Solids (14%)"", ""Sugar"", ""Wheat Gluten"", ""Minerals"", ""Edible lodized Salt"", ""Soy Protein Isolate"", ""Acidity Regulators [INS 501(ii)"", ""INS 500(ii)]"", ""Vitamins.""]","[""gluten"", ""milk"", ""soybeans""]",[],,
Protein Milkshake,epigamia-turbo,beverages-and-beverages-preparations,8906059636615,,"[""250ml""]","[""Skimmed Milk (79%)"", ""Milk Solids"", ""Water"", ""Cocoa Powder (0.5%)"", ""Natural & Nature Identical Flavouring Substances (Chocolate&Vanilla)"", ""Acidity Regulators [INS 340"", ""INS 452"", ""INS 339 (i)"", ""Stabilizers (INS 407)"", ""Sweetener (INS 955)"", ""Edible Common Salt""]","[""milk""]",[],,
Kingfisher Beer,kingfisher,beverages-and-beverages-preparations,8905002180007,,"[""650ml""]","[""SINCE 1857 KINGFISHER STRONG BEER KINGFI THE KING OF GOOD 2""]","[""-""]",[],,https://images.openfoodfacts.org/images/products/890/500/218/0007/front_en.4.400.jpg
Super Gainer Black,muscleblaze,dietary-supplements,8906165781773,,"[""3kg""]","[""Maltodextrin"", ""Milk Solids (Skimmed Milk Powder"", ""Whey Protein Concentrate & Calcium Caseinate"", ""Barley Malt Extract"", ""Cocoa Powder"", ""Nature Identical Flavouring Substances"", ""Fat Powder"", ""Anticaking Agent INS 551)"", ""Tribulus terrestris Extract"", ""L-Glutamine"", ""Ashwagandha (Witho somnifera) Root Extract"", ""Jeera (Cuminum cyminum L) Extract"", ""Musali safed (Chlorophytum borivilliant Root Extract"", ""Enzymes (Amylases"", ""Lactase"", ""Proteases)"", ""Fennel (Foeniculum vulgare) Extract"", ""Stabilizer (INS 415)"", ""Sweetener (INS 955)"", ""Fenugreek (Trigonella-foenum-graecum) Seed Extract"", ""Probiotics (Bifidobacterium lactis Bifidobacterium bifidum"", ""Bifidobacterium longum"", ""Bifidobacterium breve"", ""Lacticaseibacillus case Lactobacillus acidophilus"", ""Lacticaseibacillus paracasei"", ""Ligilactobacillus salivarius"", ""Lactiplantibacillus plantarum & Lactobacillus delbrueckii sub-sp. bulgaricus)"", ""Prebiotic (Fructo oligosaccharides)"", ""Emulsifier [INS 322 (i)) & Black Pepper (Piper nigrum) Extract.""]","[""gluten"", ""milk""]",[],,
nutriticrunch digestive,parle,snacks,8901719130403,,"[""75 g""]","[""ATTA (36%). REFINED PALM OIL"", ""SUGAR"", ""ROLLED OATS (9.4%)"", ""CHOCOLATE (7.3%) [SUGAR COCOA SOLIDS"", ""COCOA BUTTER"", ""DEXTROSE AND EMULSIFIER OF VEGETABLE ORIGIN (SOY LECITHIN). ARTIFICIAL FLAVOURING SUBSTANCES - VANILLA ]"", ""INVERT SUGAR SYRUP"", ""CASHEW (3.6%)"", ""LIQUID GLUCOSE"", ""RAISING AGENTS [503 (ii)"", ""500 ]"", ""IODISED SALT AND EMULSIFIER OF VEGETABLE ORIGIN [472e]. CONTAINS ADDED FLAVOURS (ARTIFICIAL FLAVOURING SUBSTANCES-VANILLA"", ""CHOCOLATE) CONTAINS: WHEAT"", ""OATS"", ""CASHEW AND SOY""]","[""gluten"", ""nuts"", ""soybeans""]",[],,
Happilo Sultan Dates,happilo,plant-based-foods-and-beverages,8904424803785,,"[""500g""]","[""Dates""]","[""-""]",[],,https://images.openfoodfacts.org/images/products/890/442/480/3785/front_en.3.400.jpg
Swing Coconut Water Drink,paper-boat,beverages-and-beverages-preparations,8906080604751,,"[""1.2 l""]","[""WATER"", ""COCONUT WATER CONCENTRATE (4.3%)"", ""SUGAR"", ""MINERAL (POTASSIUM CHLORIDE) NATURE-IDENTICAL FLAVOURING SUBSTANCES"", ""IODISED SALT"", ""PRESERVATIVES (242"", ""202"", ""224)"", ""ACIDITY REGULATOR (CITRIC ACID) AND ANTIOXIDANT (ASCORBIC ACID).""]","[""-""]",[],,
Cumin Seeds (Jeera),flipkart-grocery,plant-based-foods-and-beverages,8904293709942,,"[""200 g""]","[""Cumin Seeds (Jeera)""]","[""-""]",[],,
Campa Lemon,campa-cola,beverages-and-beverages-preparations,8904132948198,,"[""500ml""]","[""CARBONATED WATER"", ""SUGAR"", ""ACIDITY REGULATORS (330"", ""331) PRESERVATIVE (211)"", ""NATURE IDENTICAL FLAVOURING SUBSTANCES""]","[""-""]",[],,
Whole Wheat Chapathi (Indian Bread),modern,plant-based-foods-and-beverages,8904043551326,,"[""450g""]","[""Whole Wheat Flour (Atta 64.4%)"", ""Edible Vegetable Oil (Refined Sunflower Oil)"", ""lodized Salt"", ""Wheat Bran"", ""Preservatives (282"", ""200)"", ""Acidity Regulator (260) and Yeast.""]","[""gluten"", ""soybeans""]",[],,https://images.openfoodfacts.org/images/products/890/404/355/1326/front_en.5.400.jpg
Paneer,milky-mist,dairies,8904083300021,,"[""200 g""]","[""Milk Solids & Vinegar""]","[""milk""]",[],,
Sprite,coca-cola,beverages,3948764032912,,"[""250ml""]","[""Sprite""]","[""-""]",[],,
Alphonso mango pulp,chitale,plant-based-foods-and-beverages,8904025400079,,"[""500 g""]","[""Alphonso Mango Pulp"", ""Sugar"", ""Citric Acid (E330)""]","[""-""]",[],,https://images.openfoodfacts.org/images/products/890/402/540/0079/front_en.5.400.jpg
Mixed Fruit,raw-pressery,beverages-and-beverages-preparations,8904258700748,,"[""1000 ml""]","[""WATER"", ""SUGARCANE JUICE"", ""MANGO PULP(14.13%)"", ""GUAVA PULP (14%)"", ""POMEGRANATE JUICE (6%)"", ""FRUCTOSE"", ""LEMON JUICE"", ""BEETROOOT POWDER"", ""ANTIOXIDANTS [(VITAMIN C-INS 300)"", ""INS 224] CONTAINS NATURALLY OCCURING SUGARS Allergen Advice: Contains Sulphite. Manufactured in the same facility which processes Nut"", ""Milk. *RO""]","[""milk""]",[],,
Ghee,aavin,dairies,8904011311044,,"[""500 ml""]","[""Milk Fat""]","[""milk""]",[],,
Muesli 0% Added Sugar,Kellogg's,plant-based-foods-and-beverages,8901499010476,,"[""500g""]","[""MULTIGRAIN MIX (79.5%)"", ""WHEAT (19.9%)"", ""CORN GRITS & CORN MEAL (D6.7%)"", ""RICE (13.9%)"", ""ROLLED BARLEY (13%)"", ""ROLLED OATS (10%)"", ""RAGI MILLET FLOUR (3%)"", ""SORCHUM MILLET DOWARI FLOUR (3%)"", ""DRY FRUITS"", ""NUT & SEED (17.3%)"", ""BROWN RAISINS (8.3%)"", ""BLACK CURRANTS (3%)"", ""ALMONDS (3%)"", ""PUMPKIN SEEDS (3%)"", ""CEREAL EXTRACT"", ""OLIGOFRUCTOSE"", ""WHEAT BRAN"", ""IODIZED SALT"", ""VITAMINS"", ""ANTIOXIDANT (INS 307b) AND MINERAL""]","[""gluten"", ""fruits à coque""]",[],,
Kadalamavu Mixture,dev,snacks,8908000385061,,"[""200g""]","[""Gram Flour"", ""Peanut"", ""Fried Gram Split"", ""Palmolein Oil"", ""Chilli Powder Asafoetida"", ""Salt & Curry Leaves. ALLERGY ADVICE: CONTAINS PEANUT.""]","[""peanuts""]",[],,https://images.openfoodfacts.org/images/products/890/800/038/5061/front_en.3.400.jpg
Congress Peanuts Masala,congress,snacks,8908001954075,,"[""200g""]","[""Roasted Groundnuts"", ""Edible Oil"", ""& Spices""]","[""-""]",[],,
Coated Wafer,Nestlé,chocolate-snacks,8901058905113,,"[""57 g (2 UNITS x 28.5 g)""]","[""Sugar"", ""Milk solids (16.2%)"", ""Fractionated vegetable fat"", ""Hydrogenated vegetable fats"", ""Refined Wheat flour (Maida)"", ""Cocoa solids (4.5%)"", ""Emulsifier (Soya lecithin)"", ""Yeast"", ""Raising agent (500ii)"", ""Artificial (Vanilla) flavouring substance"", ""Iodised salt"", ""Flour treatment agent (516) and Nature-identical flavouring substance.""]","[""gluten"", ""lait"", ""soja""]",[],,
Masala oats 550g,Saffola,rolled-oats-with-vegetables,8901088129817,,"[""500 g""]","[""Rolled Oats (70.3%)"", ""Maltodextrin"", ""Spices and Condiments (6.4%) (Onion"", ""Pepper"", ""Garlic"", ""Coriander"", ""Cumin"", ""Fenugreek"", ""Ginger"", ""Turmeric"", ""Cinnamon"", ""Clove)"", ""lodised Salt"", ""Sugar"", ""Edible Vegetable Oil (Refined Rice Bran Oil)"", ""Dried Vegetables [Carrot (0.7%)"", ""French Beans (0.5%)"", ""Tomato (0.3%)]"", ""Natural Flavouring Substances"", ""Hydrolysed Vegetable Protein"", ""Nature - identical Flavouring Substances"", ""Flavour Enhancer (INS 627"", ""INS 631)"", ""Wheat Powder.""]","[""gluten"", ""soybeans""]",[],,https://images.openfoodfacts.org/images/products/890/108/812/9817/front_en.18.400.jpg
Britannia Treat croissant coco cream bauli,britannia,snacks,8901063032446,,"[""45g""]","[""Serving size - 48.5 g"", ""1 serving"", ""Per 100 g - energy - 451 kcal"", ""protein - 6.3g"", ""carbohydrates - 51.1g"", ""of which total sugar - 20.3g"", ""added sugar - 19.6g"", ""total fat - 24.6g""]","[""-""]",[],,
Micronized Creatine Powder,optimum-nutrition,dietary-supplements,0748927066623,,"[""250g""]","[""Creatine Monohydrate (100%).""]","[""-""]",[],,
Dairy Milk Silky Bubbly BubbleGum,cadbury,snacks,7622201685638,,"[""120g""]","[""Flavored White Chocolate (60%)(Sugar"", ""Cocoa Butter"", ""Milk Solids (19%)"", ""Whey"", ""Color (162)"", ""emulsifiers(442"", ""476))"", ""Milk Chocolate (40%)(Sugar"", ""Nature identical and artificial (Vanilla) flavoring substances). Contains added bubblegum flavor""]","[""milk""]",[],,https://images.openfoodfacts.org/images/products/762/220/168/5638/front_en.3.400.jpg
Yakult,yakult,beverages-and-beverages-preparations,8906019270002,,"[""325ml""]","[""Water"", ""Sugar"", ""Skimmed Milk Powder"", ""Glucose"", ""Stabilizer (Pectin)"", ""Sweetener (Steviol Glycoside)"", ""Vitamin E"", ""Vitamin D"", ""Probiotic-Lactobacillus casei strain Shirota"", ""CONTAINS NATURAL & NATURAL IDENTICAL FLAVOURS""]","[""milk""]",[],,
Tata Gluco+ Orange,tata,beverages,8903754313056,,"[""180 ml""]","[""Water"", ""Sugar"", ""Glucose"", ""Concentrated Apple Juice"", ""Acidity Regulator"", ""Mineral Salts"", ""Preservative"", ""Emulsifier"", ""Synthetic food colour"", ""added flavour ( natural flavouring substances)""]","[""-""]",[],,
Puff Dough Paratha,switz,plant-based-foods-and-beverages,8906018140429,,"[""400 grams""]","[""REFINED WHEAT FLOUR (MAIDA)"", ""WATER"", ""EDIBLE VEGETABLE FAT (PALM)"", ""RICE FLOUR"", ""SUGAR"", ""SALT"", ""BAKING POWDER [INS 500ii] ALLERGEN ADVICE: Contains Wheat (Gluten)""]","[""gluten""]",[],,
Chocolate Milkshake,cavin-s,beverages,8902979051934,,"[""1 Liter""]","[""Milk (86%)"", ""Sugar"", ""Cocoa Solids (1.4%)"", ""Flavor (Nature Identical Flavoring Substances)"", ""Stabilizers (INS 415"", ""INS 412"", ""INS 407)"", ""Sequestrant (INS 451 (i))"", ""iodized Salt"", ""(Zinc"", ""Vitamin A and D)""]","[""milk""]",[],,https://images.openfoodfacts.org/images/products/890/297/905/1934/front_en.3.400.jpg
Eastern fish masala,eastern,condiments,8901440013136,,"[""100g""]","[""Kashmiri chilli"", ""Coriander"", ""Turmeric"", ""Salt"", ""Mustard"", ""Fenugreek"", ""Garlic"", ""Dry ginger.""]","[""mustard""]",[],,
vedaka red masoor dal split,vedaka,plant-based-foods-and-beverages,8903023010792,,"[""2kg""]","[""Red Masoor Dal Split""]","[""-""]",[],,
Mountain Breeze Spearmint Pocket Packs,mountain-breeze,mouth-freshener,8908008442278,,"[""8""]","[""Pullulan (1204)"", ""HPMC (464)"", ""Spearmint"", ""Menthol"", ""Sucralose (955)"", ""Eucalyptol"", ""Tween 80"", ""Glycerol (422)"", ""Brilliant Blue (133)"", ""Tartrazine Yellow (102)"", ""Purified Water & Added Flavour (SPEARMINT)""]","[""-""]",[],,https://images.openfoodfacts.org/images/products/890/800/844/2278/front_en.3.400.jpg
Indian Snacks Mixture,haldiram-s,plant-based-foods-and-beverages,8904004400977,,"[""400 g""]","[""Split Pulse Bengal Gram (Chana Dal)"", ""Refined Palmolein Oil"", ""Bengal Gram Flour (Besan) (10%)"", ""Red Lentils (Masur Whole) (8%)"", ""Groundnut (Peanuts) (7%)"", ""Potato"", ""Rice Flakes"", ""Spinach"", ""Iodised Salt"", ""Red Chilli Powder"", ""Acidity Regulator (INS 330)"", ""Black Salt"", ""Black Pepper"", ""Pipal"", ""Coriander Powder"", ""Dried Ginger Powder"", ""Clove Powder"", ""Cumin Powder"", ""Nutmeg"", ""Bay Leaf"", ""Turmeric Powder"", ""Dried Mango Powder"", ""Fennel Seed"", ""Cinnamon"", ""Garlic Powder"", ""Hydrolysed Vegetable Protein (Soya)"", ""Colour (INS 141) & Asafoetida. Allergen: Contains Peanuts & Soy May Contains Wheat"", ""Almond"", ""Cashew"", ""Milk"", ""Sesame Seed & Mustard Seed""]","[""milk"", ""nuts"", ""peanuts"", ""soybeans""]",[],,
Soda,bisleri,beverages,8906017290774,,"[""750 ml""]","[""TREATED WATER"", ""CARBON DIOXIDE""]","[""-""]",[],,
Turmeric powder,Aashirvaad,plant-based-foods-and-beverages,8901725125370,,"[""500 g""]","[""Turmeric powder""]","[""-""]",[],,
Spicy Sambar powder,mtr,sp,8901042970455,,"[""8g""]","[""Coriander (42%)"", ""Red chilli powder (23%)"", ""Bengal gram splits"", ""Red gram splits"", ""lodised salt"", ""Turmeric powder"", ""Fenugreek"", ""Cumin"", ""Black gram splits"", ""Black pepper (0.7%)"", ""Spice extracts"", ""Mustard"", ""Curry Leaf powder (0.5%)"", ""Asafoetida and Ginger""]","[""mustard""]",[],,https://images.openfoodfacts.org/images/products/890/104/297/0455/front_en.3.400.jpg
Nescafe coffee,Nestlé,snacks,0009876543210,,"[""100 g""]","[""Sugar"", ""glucose syrup"", ""instant coffee"", ""coffee creamer""]","[""-""]",[],,
Arasan Achu Murukku,arasan-murukku,snacks,8955442015179,,"[""10 Pieces""]","[""Rice Flour"", ""Orid Dhal"", ""Edible Oil"", ""Sesame"", ""Coconut Milk"", ""Sugar & Butter""]","[""milk"", ""sesame seeds""]",[],,
Malabari Special Biryani Rice,malabari,plant-based-foods-and-beverages,8908011819005,,"[""1 kg""]","[""Rice""]","[""-""]",[],,https://images.openfoodfacts.org/images/products/890/801/181/9005/front_en.3.400.jpg
SVS Roasted Uluthangali Mix,svs-s-v-sankaralinga-nadar,roasted-uluthangali-mix,8908000581401,,"[""500 g""]","[""Black Urad Dal"", ""Raw Rice""]","[""-""]",[],,
Appy fizz,parle-agro,beverages-and-beverages-preparations,8902579002046,,"[""600ml""]","[""WATER"", ""SUGAR"", ""CARBONATING AGENT (INS 290) ACIDITY REGULATORS [INS 296"", ""INS 331(iii)"", ""INS 330]"", ""STABILIZER (INS 440)"", ""FOOD COLOUR (INS 150d)"", ""PRESERVATIVE (INS 211)"", ""ANTIOXIDANT (INS 300)"", ""NATURE-IDENTICAL FLAVOURING SUBSTANCE (APPLE)""]","[""apple""]",[],,
Coca cola Soft Drink 750ml,coca-cola,beverages-and-beverages-preparations,3948764012273,,"[""750ml""]","[""Carbonated water"", ""Sugar"", ""Acidity Regulator (338)"", ""Caffeine (8.7 mg/100g)"", ""Colour (150d)"", ""Flavours (Natural Flavoring substances)""]","[""-""]",[],,
Urja Lassi,urja,beverages-and-beverages-preparations,8906019580224,,"[""200ml""]","[""Milk Solids (Malai Curd)"", ""Potable Water"", ""Sugar"", ""Salt"", ""Starter Culture"", ""CONTAINS ADDED FLAVOUR(S) (NATURE IDENTICAL & ARTIFICIAL FLAVOURING SUBSTANCES-ROSE FLAVOUR) NO PRESERVATIVES.""]","[""milk""]",[],,https://images.openfoodfacts.org/images/products/890/601/958/0224/front_en.3.400.jpg
More Choice Raw Peanut,more,plant-based-foods-and-beverages,8903059383952,,"[""1kg""]","[""Peanut""]","[""peanuts""]",[],,
Nuts Fusion,greenfinity,plant-based-foods-and-beverages,8908025353090,,"[""500g""]","[""Almond"", ""cashew"", ""dry dates"", ""pumpkin seeds"", ""sunflower seeds"", ""processed gooseberry"", ""processed cherry"", ""raisins"", ""black raisins"", ""dry apricot""]","[""nuts""]",[],,
Amul Bitter Chocolate,amul,snacks,8901262070836,,"[""150g""]","[""Cocoa solids"", ""sugar"", ""emulsibers (322"", ""476)"", ""artificial flavouring substances (cocoa"", ""vanilla).""]","[""-""]",[],,https://images.openfoodfacts.org/images/products/890/126/207/0836/front_en.7.400.jpg
Chana Sattu,patanjali,gram-flour,8904422701281,,"[""500g""]","[""Roasted bengal gram""]","[""-""]",[],,
Mom fried rice,mankind,plant-based-foods-and-beverages,8906084410532,,"[""145g""]","[""Energy Fried Rice (62%): Rice (69%)"", ""Edible Vegetable Oil (Refined Sunflower Oil)"", ""Salt"", ""Garlic"", ""Onion"", ""Soya Sauce Powder"", ""Dehydrated Vegetables (Carrot"", ""Spring Onion)"", ""Spices and Condiments (Red Chilli Powder"", ""Ginger Powder"", ""Black Pepper Powder)"", ""Flavour Enhancers (INST 627"", ""INS 631)"", ""Sugar"", ""Acidity Regulator (INS 330)"", ""Anticaking Agent (INS 551)"", ""Natural & Nature Identical Flavour. Schezwan Gravy (38%): Chilli"", ""Water"", ""Edible Vegetable Oil (Sunflower)"", ""Garlic"", ""Veg Paste [Tomato"", ""Water"", ""Sugar"", ""Vegetable Pulp (Carrot"", ""Beetroot)"", ""Fruit Pulp (Apple"", ""Pear)"", ""Salt"", ""Acidity Regulator (INS 260)"", ""Thickeners (INS 401"", ""INS 415)"", ""Onion Powder"", ""Garlic Powder"", ""Red Chilli Powder"", ""Spice and Condiments]"", ""Sugar"", ""Veg Broth Powder [Salt Sauce Powder"", ""Yeast Extract"", ""Flavour Enhancers (INS 627"", ""INS 631) Maltodextrin"", ""Dextrose"", ""Dehydrated Onion"", ""Sugar"", ""Corn Starch"", ""Soy Anticaking Agent (INS 551)"", ""Dehydrated Garlic"", ""Edible Vegetable Oil Refined Soyabean Oil)"", ""Spice and Condiments]"", ""Ginger"", ""Coriander"", ""Sherwan Pepper"", ""Starch"", ""Green Chilli"", ""Acidity Regulator (INS 260) ALLERGEN ADVICE Contains Wheat & Soy. Manufactured in a facility that processes Tree ST Peanuts"", ""Sesame Choles Sodium Satg Total""]","[""apple"", ""soybeans""]",[],,
Akshayakalpa Malai Paneer,akshayakalpa-organic,dairies,8908003249070,,"[""200 g""]","[""Organic Pasteurized Cow Milk"", ""Organic Curd.""]","[""milk""]",[],,https://images.openfoodfacts.org/images/products/890/800/324/9070/front_en.8.400.jpg
A2B Masala Chips,a2b,snacks,8907003500129,,"[""30g""]","[""Potato"", ""Bengal gram dal flour"", ""Rice flour"", ""Refined palm superolein oil"", ""White till"", ""Asafoetida"", ""lodised salt"", ""Chilly powder.""]","[""-""]",[],,
Naturo Fruit Bar,-,snacks,8904008100446,,"[""10gm""]","[""mango pulp"", ""sugar"", ""thickeners""]","[""-""]",[],,
Iyer's Curd Chillies Papad,iyer-s,plant-based-foods-and-beverages,8908000233058,,"[""200g""]","[""Chillies"", ""curd"", ""iodised salt.""]","[""-""]",[],,
Shresta Bansi Rawa,shresta,plant-based-foods-and-beverages,8906100280293,,"[""500g""]","[""Wheat""]","[""gluten""]",[],,https://images.openfoodfacts.org/images/products/890/610/028/0293/front_en.3.400.jpg
Protinex Original,Danone,dietary-supplements,8906048500361,,"[""400 g""]","[""Peanut protein hydrolysate (56%)"", ""Sugar"", ""Malt extract"", ""Maltodextrin"", ""Minerals (Tribasic calcium phosphate"", ""Ferrous gluconate)"", ""Vitamins (Choline bitartrate"", ""Ascorbic acid"", ""Niacinamide"", ""dl-alpha Tocopheryl acetate"", ""Riboflavin"", ""Pantothenol"", ""Thiamine mononitrate"", ""Retinyl palmitate"", ""Pyridoxine hydrochloride"", ""Folic acid"", ""Ergocalciferol"", ""Phytomenadione"", ""d-Biotin"", ""Cyanocobalamin)"", ""Natural colour (INS 150a)"", ""Artificial flavouring substances (chocolate)""]","[""-""]",[],,
B Natural apple juice 1ltr tpk,itc,beverages-and-beverages-preparations,8901725100063,,"[""1 l""]","[""Water"", ""Apple Juice (15%)"", ""Sugar"", ""Polydextrose (Dietary Fiber) (0.95%)"", ""Acidity Regulator (INS 296)"", ""Nature Identical Flavouring Substances"", ""Vitamins"", ""Stabilizers (INS 415"", ""INS 466)"", ""Colour (INS 150d) and Natural Flavours and Natural Flavouring Substances. May Contain Milk"", ""Nut and Soy.""]","[""-""]",[],,
First Crop Butter Cookies,first-crop,snacks,8905507011424,,"[""200g""]","[""Refined Wheat Flour (Maida)(56.8%)"", ""Sugar"", ""Edible Vegetable Oil (Palm Oil)"", ""Invert Sugar Syrup"", ""Raising Agents [INS 503(ii)"", ""INS 500(ii). INS 450]. Butter (0.56%). Calcium Carbonate"", ""Milk Solids"", ""lodised Salt"", ""Emulsifiers (INS 472e"", ""INS 322). Dough Conditioner (INS 223).""]","[""gluten"", ""milk"", ""soybeans"", ""sulphur dioxide and sulphites""]",[],,https://images.openfoodfacts.org/images/products/890/550/701/1424/front_en.3.400.jpg
Unibic Swaadesi Navratan Mixture,unibic,snacks,8906009075853,,"[""165g""]","[""‎Gram Flour"", ""Edible Vegetable Oil (Rice Bran Oil"", ""Sunflower Oil & Groundnut Oil)"", ""Bengal Gram"", ""Lentil"", ""Rice Flour"", ""Rice Flakes"", ""Peanut"", ""Arrowroot Powder"", ""Corn Flakes"", ""Green Peas"", ""Potato"", ""Spice & Condiments (Spinach Powder"", ""Red Chilli Powder"", ""Kashmiri Chilli Powder"", ""Turmeric Powder"", ""Black Pepper"", ""Ginger Powder"", ""Dry Mango Powder"", ""Clove Powder"", ""Mace Powder"", ""Nutmeg Powder"", ""Cumin Powder"", ""Fenugreek Seeds Powder"", ""Coriander Seeds"", ""Bay Leaf & Cardamom)"", ""Iodised Salt & Acidity Regulator (INS 330).""]","[""peanuts""]",[],,
Green Raisins,nutri-organics,plant-based-foods-and-beverages,00084984,,"[""1kg""]","[""Raisins""]","[""-""]",[],,
alphonso mango juice,raw-pressery,plant-based-foods-and-beverages,8904258700540,,"[""1 liter""]","[""ALPHONSO MANGO PULP (51%)"", ""WATER"", ""FRUCTOSE"", ""ANTIOXIDANTS [(VITAMIN C-INS 300)"", ""INS 224]""]","[""-""]",[],,
Broad Beans (Avare Chikadi),more,plant-based-foods-and-beverages,0000101481757,,"[""250g""]","[""Broad Beans""]","[""-""]",[],,https://images.openfoodfacts.org/images/products/000/010/148/1757/front_en.3.400.jpg
More Choice Kasoori Methi,Choice,condiments,8903023289983,,"[""100 g""]","[""Kasoori Methi""]","[""-""]",[],,
Daawat Biryani Kit Hyderabadi,daawat,plant-based-foods-and-beverages,3948537078321,,"[""334 g""]","[""RICE - Basmati Rice BIRYANI PASTE - Water"", ""Curd"", ""Edible Vegetable Oil (Sunflower)"", ""Onion (Fresh and Dehydrated)"", ""Tomato"", ""Edible Common Salt"", ""Green Chilli"", ""Garlic"", ""Ginger"", ""Coriander Leaves"", ""Spices and Condiments (Cardamom"", ""Cumin"", ""Fennel"", ""Cinnamon"", ""Clove"", ""Mace"", ""Bay Leaf"", ""Black Cardamom (0.04%)"", ""Nutmeg and Black Pepper)"", ""Kewra Water"", ""Rose Water"", ""Flavor Enhancers (INS 627"", ""INS 631)"", ""Red Chilli Powder (0.5%)"", ""Coriander Seed Powder (0.4%)"", ""Turmeric Powder"", ""Spice Extract (Paprika)"", ""Flavours - Natural and Nature Identical"", ""Hydrolyzed Vegetable Protein (Soya) and Acidity Regulator (INS 330). WHOLE SPICES - Cinnamon Sticks"", ""Green Cardamom"", ""Bay Leaf"", ""Clove and Black Pepper (0.1%). RAITA SEASONING - Spices and Condiments (Cumin"", ""Chilli"", ""Coriander"", ""Dried Ginger)"", ""Maltodextrin (Corn)"", ""Natural and Nature Identical Flavouring Substances"", ""Edible Common Salt"", ""Cane Sugar"", ""Dehydrated Garlic"", ""Dehydrated Onion Powder"", ""Black Salt"", ""Hydrolyzed Vegetable Protein (Soya)"", ""Dried Mango Powder"", ""Dehydrated Parsley and Anticaking Agent (INS 551).""]","[""celery"", ""gluten"", ""mustard"", ""nuts"", ""sesame seeds"", ""soybeans"", ""sulphur dioxide and sulphites""]",[],,
Society tea,society,beverages-and-beverages-preparations,8901095004015,,"[""250 GM""]","[""Tea""]","[""-""]",[],,https://images.openfoodfacts.org/images/products/890/109/500/4015/front_en.9.400.jpg
Daily Good Bread,daily-good,plant-based-foods-and-beverages,8909177022865,,"[""400 g""]","[""Whole Wheat Flour (Atta) (80%)"", ""Sour Dough"", ""Yeast"", ""Vinegar"", ""Edible Vegetable Oil (Sunflower Oil)"", ""Sugar"", ""Iodized Salt"", ""Gluten"", ""Preservative (INS 282"", ""INS 200)"", ""Improver {Antioxidant (INS 300)"", ""Anticaking Agent (INS 170(i)"", ""Flour Treatment Agent (INS 1100(i))).""]","[""gluten""]",[],,
Atom Creatine Monohydrate,atom,dietary-supplements,8904221695873,,"[""100 g""]","[""Creatine Monohydrate (Micronized)"", ""Acidity Regulator 330"", ""Sucralose""]","[""-""]",[],,
Jaggery Powder,dr-brand,sweeteners,8908012731054,,"[""500 g""]","[""Jaggery Powder (Concentrated Sugarcane Juice)""]","[""-""]",[],,https://images.openfoodfacts.org/images/products/890/801/273/1054/front_en.3.400.jpg
MIXED FRUIT Jam,mala-s,food,8901689010019,,"[""500g""]","[""Sugar"", ""Mix fruit Pulp (45%) (Apple"", ""Banana"", ""Orange"", ""Papaya"", ""Chikku"", ""Strawberry)"", ""Thickener (INS 440)"", ""Acidity Regulator (INS 330 & INS 331(i)). CONTAINS PERMITTED NATURAL"", ""NATURE IDENTICAL & ARTIFICIAL FLAVOURING SUBSTANCES (PINEAPPLE"", ""RASPBERRY"", ""BLACKCURRANT). CONTAINS PERMITTED NATURAL FOOD COLOUR (INS 150(d)) & SYNTHETIC FOOD COLOUR (INS 122). CONTAINS PERMITTED CLASS II PRESERVATIVE (INS 202"", ""INS 211)""]","[""apple"", ""banana"", ""orange""]",[],,
Fortune Refined Sunflower Oil,fortune,plant-based-foods-and-beverages,8906007280280,,"[""5L (4.550 Kg)""]","[""Refined Sunflower Oil"", ""Permitted Antioxidant-TBHQ (E-319)"", ""Vitamin A and Vitamin D. Saturated Fat #NM MAX. RETAIL PRICE : INCLUSIVE OF OOOO 0% 13.65 20.37% 2.32 10.55% 0.14 7.00% 0% Explore fortune 19 ad wil For a healthy g Markete Corporal Near Na Ahmeda For manu License No the bracke FOR ANY CUSTOME TOLL-FREE FREE FR USE BY D DRY PLAC 620.00 (USPF 124.0""]","[""-""]",[],,
Desi kitchen Kodo millet,desi-kitchen,plant-based-foods-and-beverages,8902901027839,,"[""500g""]","[""Kodo Millet""]","[""-""]",[],,
Madras Mix,udupi-munch,snacks,8904071704596,,"[""40 g""]","[""Gram Flour (50%)"", ""Edible Vegetable Oil (Palmolein)"", ""Rice Flour (6%)"", ""Gram Dal (6%)"", ""Peanuts (6%) Rice Flour (5%)"", ""Mixed Spice (Red Chilli Powder"", ""Salt"", ""Turmeric Powder"", ""Curry Leaves"", ""Asafoetida).""]","[""peanuts""]",[],,https://images.openfoodfacts.org/images/products/890/407/170/4596/front_en.3.400.jpg
Ensure plus,abbott,food,4904443911526,,"[""1 kg""]","[""SUCROSE"", ""EDIBLE VEGETABLE OILS (HIGH OLEIC SUNFLOWER OIL"", ""SOY OIL"", ""COCONUT OIL)"", ""WHEY PROTEIN CONCENTRATE"", ""SOY PROTEIN ISOLATE"", ""FRUCTO-OLIGOSACCHARIDE (FOS) (4.2%)"", ""(NATURAL"", ""NATURE IDENTICAL AND ARTIFICIAL FLAVORING SUBSTANCES - VANILLA)"", ""VITAMINS TOCOPHEROLS).""]","[""milk"", ""soybeans""]",[],,
DoodhShakti Ghee,nutralite,dairies,8901542002090,,"[""1L""]","[""Milk Fat""]","[""milk""]",[],,
Marie biscut,patanjali,snacks,8906032019787,,"[""250g""]","[""Wheat flour (Atta 65.5%)"", ""Sugar"", ""Refined vegetable oil (Palm oil)"", ""Malt extract"", ""Raising agent (INS 500 (ii)"", ""INS 503(1))"", ""Barley flour"", ""Invert syrup"", ""Liquid glucose"", ""Milk solids"", ""Honey"", ""iodized salt"", ""Clarified butter"", ""Dough conditioner (INS 223). Antioxidant (INS 319)"", ""Emulsifier [INS 322(i)]"", ""Flavours-Nature identical flavouring substances (Milk & Vanilla). CONTAINS _WHEAT_"", ""_MILK_"", ""_SOY_"", ""_BARLEY_"", ""_SULPHITE_""]","[""gluten"", ""milk"", ""soybeans"", ""sulphur dioxide and sulphites""]",[],,https://images.openfoodfacts.org/images/products/890/603/201/9787/front_en.3.400.jpg
Women's Plus,horlicks-unilever,plant-based-foods-and-beverages,8901030949630,,"[""200 g""]","[""Cereal Extract (46%) [Barley"", ""Wheat"", ""Malted Barley"", ""Wheat Malt]"", ""Milk Solids (37%)"", ""Maltodextrin"", ""Minerals"", ""Edible lodized Salt"", ""Nature Identical Flavouring Substances"", ""Vitamins"", ""Non-Caloric Sweetener (INS 950). Allergen Information: Contains Wheat"", ""Barley & Milk. May Contain Traces of Soy.""]","[""gluten""]",[],,
Protein+ Soy Beverage,so-good,plant-based-foods-and-beverages,0841541000032,,"[""1L""]","[""Water"", ""Soybeans-18%"", ""Soy Protein-1.8%"", ""Minerals"", ""Edible Common Salt"", ""Stabilizer (INS 407)"", ""Nature Identical"", ""Flavoring (Vanilla)"", ""Vitamins"", ""Acidity Regulator (INS 500(ii))""]","[""soybeans""]",[],,
Gold Atta,pillsbury,plant-based-foods-and-beverages,8904150503898,,"[""400 g""]","[""Whole Wheat""]","[""gluten""]",[],,
Alu Bhujia,a2b,deep-fried-snacks,8907003500082,,"[""20 g""]","[""Potato flakes (71%)"", ""moth dal flour"", ""Gram dal flour"", ""Corn flour"", ""Refined palm superolein oil"", ""Mixed spices"", ""lodised salt.""]","[""-""]",[],,
Cashew nuts,r-u-nutz,plant-based-foods-and-beverages,8906142772763,,"[""250 g""]","[""Cashew nuts""]","[""nuts""]",[],,
Desi popz,go-desi,imli,8906108890173,,"[""80""]","[""Jaggery"", ""Tamarind"", ""Edible Salt"", ""Cumin Powder Curry Leaves Powder"", ""Chilli Powder Refined OPZ OPZ lower Oil"", ""Acacia Gum (INS 414).""]","[""-""]",[],,https://images.openfoodfacts.org/images/products/890/610/889/0173/front_en.3.400.jpg
Almond Coconut Breakfast Protein Bar,yoga-bar,snacks,8908005144335,,"[""50g""]","[""Whole Grains 20% (Rolled Oats 10%"", ""Brown Rice"", ""Foxtail millet 5%"", ""Quinoa 4%)"", ""Seeds 14% (Sunflower"", ""Sesame"", ""Flax"", ""Watermelon"", ""Pumpkin"", ""Chia)"", ""Honey"", ""Prebiotic fibre (Fructo-oligosaccharide). Nuts (Almonds 10%"", ""Peanuts)"", ""Soy crisps"", ""Rice crisps"", ""Dried Coconut 5%"", ""Dried Cranberry"", ""Apple fibre"", ""Ginger"", ""Gum Acacia"", ""Himalayan pink salt. CONTAINS ADDED NATURAL FLAVOUR (Rosemary extract)""]","[""nuts"", ""peanuts"", ""sesame seeds""]",[],,
Eggs,suguna,farming-products,8906027149116,,"[""30""]","[""Eggs""]","[""eggs""]",[],,
Energy Drink 250ml,hurricane,beverages-and-beverages-preparations,8902246015942,,"[""3""]","[""WATER"", ""SUGAR"", ""CARBON DIOXIDE"", ""ACIDULANT  (CITRIC ACID)"", ""TAURINE (595mg)"", ""CONTAINS NATURAL AND NATURE IDENTICAL FLAVOURS"", ""ACIDITY REGULATOR (INS 331 (iii))"", ""CONTAINS COLOUR (CARAMEL INS 150A)"", ""PERMITTED CLASS II PRESERVATIVE (INS 202)"", ""CAFFEINE (57.5mg)"", ""ANTIOXIDANT (INS 300)"", ""INOSITOL (30mg)"", ""VITAMIN B3 (7mg)"", ""VITAMIN B5 (4.2mg)"", ""VITAMIN B6 (0.95mg)"", ""VITAMIN B12 (0.5µg)""]","[""-""]",[],,
Britannia toastea,britannia,plant-based-foods-and-beverages,8901063325463,,"[""400 g""]","[""REFINED WHEAT FLOUR (MAIDA) (71%)"", ""SUGAR"", ""REFINED PALM AND PALMOLEIN OIL"", ""SEMOLINA (SUJ!) (1.8%)"", ""YEAST"", ""VITAL GLUTEN"", ""COLOUR (150a)"", ""INVERT SUGAR SYRUP"", ""IODISED SALT"", ""EMULSIFIERS (472e"", ""471)"", ""SPICE (0.3%) (GREEN CARDAMOM SEEDS)"", ""BREAD IMPROVER (STARCH"", ""SOYA FLOUR"", ""IMPROVERS [1100(1)"", ""1104"", ""1102])"", ""WHEAT FIBRE"", ""NATURE IDENTICAL & ARTIFICIAL (MILK) FLAVOURING SUBSTANCES AND ANTIOXIDANT (300). (Numbers in brackets as per International Numbering System) CONTAINS WHEAT GLUTEN AND SOYA.""]","[""gluten"", ""milk"", ""soybeans""]",[],,https://images.openfoodfacts.org/images/products/890/106/332/5463/front_en.3.400.jpg
Similac Plus,abbott,baby-foods,8886451008619,,"[""400 g""]","[""Lactose"", ""nonfat dry milk"", ""edible vegetable oils (coconut oil"", ""high oleic sunflower oil"", ""medium chain triglycerides oil"", ""low erucic rapeseed oil"", ""soy oil)"", ""corn syrup solids"", ""whey protein concentrate"", ""fructo-oligosaccharides (FOS) (1.6%)"", ""MINERALS"", ""arachidonic acid (AA) from M. alpina oil"", ""emulsifier (soy lecithin)"", ""2'-fucosyllactose (2¹-FL) (human milk oligosaccharide) (0.17%)"", ""choline bitartrate"", ""docosahexaenoic acid (DHA) from Schizochytrium oil"", ""VITAMINS"", ""nucleotides"", ""taurine"", ""antioxidant (mixed tocopherols)"", ""lutein.""]","[""milk"", ""soybeans""]",[],,
Gold Standard 100% Whey Extreme Milk Chocolate Flavour,optimum-nutrition,dairies,0748927060041,,"[""907 g""]","[""Protein Blend (90%) (Whey Protein Isolate"", ""Whey Protein Concentrate"", ""Hydrolysed Whey Protein) (Emulsifier: INS 3221)"", ""Cocoa Powder (Processed With Alkali)"", ""Artificial Flavours (Vanilla"", ""Chocolate)"", ""Creamer (Edible Vegetable Oil (Sunflower Oil)"", ""Maltodextrin"", ""Sodium Caseinate"", ""Mono And Diglycerides"", ""Tocopherols"", ""Tricalcium Phosphate)"", ""Sodium Chloride"", ""Sweeteners (INS 950"", ""INS 955). ALLERGENS: Contains MILK and SOY.""]","[""milk"", ""soybeans""]",[],,
Instant Rolled Oats,sundrop-heart,plant-based-foods-and-beverages,8901512927804,,"[""1 kg""]","[""Oats""]","[""gluten""]",[],,https://images.openfoodfacts.org/images/products/890/151/292/7804/front_en.5.400.jpg
Mini Mogra Rice,unity,plant-based-foods-and-beverages,0690225106948,,"[""10 kg""]","[""Rice""]","[""-""]",[],,
Vermicilli,gits,plant-based-foods-and-beverages,8901155910126,,"[""85 g""]","[""Wheat Semolina""]","[""gluten""]",[],,
Red Label,brooke-bond,beverages-and-beverages-preparations,8901030876998,,"[""500 gm""]","[""Tea""]","[""-""]",[],,https://images.openfoodfacts.org/images/products/890/103/087/6998/front_en.3.400.jpg
Emperor dates,emperor,plant-based-foods-and-beverages,8908002506044,,"[""500g""]","[""Dates""]","[""-""]",[],,
Yippee! noodles mood masala,sunfeast,plant-based-foods-and-beverages,8901725119195,,"[""70 g""]","[""Instant Noodles: Refined Wheat Flour (Maida)"", ""Refined Palm Oil"", ""lodized Salt"", ""Wheat Gluten"", ""Thickeners (INS 508"", ""INS 412)"", ""Stabilizers [INS 170(i)"", ""INS 339(1)"", ""INS 450 (iii) and INS 452(1)] and Acidity Regulators [INS 501(i)"", ""INS 500(i) and INS 330]. Seasoning: Main Masala Mix: Spices and Condiments (22.3%) [Garlic"", ""Red Chilli (3.1%)"", ""Coriander (2.1%)"", ""Aniseed"", ""Ginger"", ""Cumin"", ""Black Pepper"", ""Cassia"", ""Cardamom"", ""Nutmeg and Clove]"", ""Onion Powder"", ""Instant Noodle Powder {Refined Wheat Flour (Maida)"", ""Refined Palm Oil"", ""lodized Salt and Wheat Gluten)"", ""lodized Salt"", ""Sugar"", ""Hydrolyzed Vegetable Protein"", ""Maltodextrín"", ""Fat powder"", ""Flavour Enhancers (INS 627"", ""INS 631)"", ""Starch"", ""Yeast Extract"", ""Natural Flavours and Natural Flavouring Substances"", ""Nature Identical Flavouring Substances"", ""Dairy Whitener (Milk Solids"", ""Sugar)"", ""Anticaking Agent (INS 551)"", ""Acidity Regulator (INS 330) and Refined Sunflower Oil. Mood Masala Mix: Spices and Condiments (25.4%) [Garlic"", ""Red Chilli (3.8%)"", ""Ginger"", ""Coriander (2.0%)"", ""Black Pepper"", ""Aniseed"", ""Cumin"", ""Cassia and Cardamom]"", ""Onion Powder"", ""Sugar"", ""Instant Noodle Powder (Refined Wheat Flour (Maida)"", ""Refined Palm Oil"", ""lodized Salt and Wheat Gluten)"", ""lodized Salt"", ""Dairy Whitener (Milk Solids"", ""Sugar)"", ""Hydrolyzed Vegetable Protein"", ""Starch"", ""Fat Powder"", ""Maltodextrin"", ""Flavour Enhancers (INS 627"", ""INS 631)"", ""Nature Identical Flavouring Substances"", ""Yeast Extract"", ""Anticaking Agent (INS 551)"", ""Natural Flavours and Natural Flavouring Substances and Acidity Regulator (INS 330). Contains Wheat"", ""Soy"", ""Milk"", ""Nut.""]","[""gluten"", ""milk"", ""nuts"", ""soybeans""]",[],,
Cup Noodles Spiced Chicken,nissin,plant-based-foods-and-beverages,8901014004942,,"[""55 g""]","[""Refined Wheat Flour (Maida)"", ""Edible Vegetable Oil (Palm Oil)"", ""Dehydrated Pieces 3.80% (Chicken"", ""Carrot"", ""French Beans"", ""Cabbage & Curry Leaves)"", ""Iodised Salt"", ""Hydrolysed Vegetable Protein Powder (Soya)"", ""Mixed Spices 1.49% (Red Chilli"", ""Turmeric"", ""Coriander"", ""Black Pepper"", ""Cumin"", ""Fenugreek"", ""Ginger"", ""Clove"", ""Nutmeg & Green Cardamom)"", ""Onion Powder"", ""Sugar"", ""Corn Starch"", ""Maltodextrin"", ""Yeast Extract Powder"", ""Flavour Enhancers (INS 631"", ""INS 627 & INS 620)"", ""Milk Solids"", ""Acidity Regulators [INS 500(i)"", ""INS 451(i) & INS 330]"", ""Nature Identical Flavour"", ""Edible Vegetable Oil (Coconut Oil)"", ""Thickener (INS 415) & Antioxidant (INS 319). ALLERGEN INFORMATION: CONTAINS WHEAT"", ""SOY & MILK.""]","[""chicken"", ""gluten"", ""milk"", ""soybeans""]",[],,
Namaskaram Bhavnagri Ghatiya,namaskaram,snacks,8904272906157,,"[""150 g""]","[""Gram Flour (59%)"", ""Refine Palmolein Oil (40%)"", ""Asafoetida"", ""Carom Seeds"", ""Alkaline Salt (Papad Khar)"", ""Sodium Bicarbonate & Salt.""]","[""-""]",[],,https://images.openfoodfacts.org/images/products/890/427/290/6157/front_en.3.400.jpg
Smoodh Chaas,parle-agro,dairies,8902579003456,,"[""180ml""]","[""WATER"", ""DOUBLE TONED MILK DAHI (40%) (MILK SOLIDS"", ""STARTER CULTURE)"", ""IODISED SALT"", ""STABILIZER (INS 466)"", ""NATURE IDENTICAL FLAVOURING SUBSTANCES (MASALA) AND ACIDITY REGULATOR (INS 330).""]","[""milk""]",[],,
RAS KIK MANGO,campa-cola,beverages-and-beverages-preparations,8904132973084,,"[""150 ml""]","[""WATER"", ""SUGAR"", ""MANGO CONCENTRATE (5.2%)"", ""ACIDITY REGULATORS (330"", ""331"", ""STABILIZER (415)"", ""PRESERVATIVE (211) (1"", ""150d)"", ""NATURE IDENTICAL FLAVOURING SUBSTANCES MANGO JUICE CONTENT IS 10.4% IN FINAL""]","[""-""]",[],,
Dr Oetker Funfoods Peanut Butter Creamy,Dr. Oetker,plant-based-foods-and-beverages,8906002006076,,"[""125g""]","[""Roasted  Peanuts (91%)"", ""Sugar"", ""Edible Vegetable Fat(Soyabean)"", ""Iodised Salt""]","[""nuts"", ""peanuts""]",[],,https://images.openfoodfacts.org/images/products/890/600/200/6076/front_en.3.400.jpg
Pasteurised Full Cream Milk,aavin,dairies,8904011301601,,"[""500 ml""]","[""Milk & Milk Solids""]","[""milk""]",[],,
Swing Juicier Drink,paper-boat,beverages-and-beverages-preparations,8906080601774,,"[""125ml""]","[""WATER"", ""SUGAR"", ""MANGO PULP CONCENTRATE (6.5%)*"", ""ACIDITY REGULATOR (CITRIC ACID)"", ""FLAVOURS (NATURE-IDENTICAL AND NATURAL FLAVOURING SUBSTANCES)"", ""STABILIZER (PECTIN)"", ""ANTIOXIDANT (ASCORBIC ACID) AND VITAMIN D2. *RECONSTITUTED 13% MANGO PULP CONTENT.""]","[""-""]",[],,
Pasteurised Unsalted Cooking Butter,nilgiris,dairies,8901018028531,,"[""500 g""]","[""_Milk_ Fat""]","[""milk""]",[],,https://images.openfoodfacts.org/images/products/890/101/802/8531/front_en.3.400.jpg
Protein Granola,true-elements,plant-based-foods-and-beverages,8906112665354,,"[""900g""]","[""Seeds (62.9% - Watermelon"", ""Sunflower"", ""Flax"", ""Chia"", ""Sesame)"", ""Jaggery (13.4%)"", ""Nuts (10.3% - Almonds"", ""Desiccated Coconut)"", ""Oat flour (7.2%)"", ""Raw Honey (6.2%).""]","[""nuts"", ""sesame seeds""]",[],,
Sprite Lemon drink 300ml can,sprite,beverages-and-beverages-preparations,8901764031250,,"[""300ml""]","[""Carbonated Water"", ""Sugar"", ""Acidity Regulators (330"", ""331(iii))"", ""Preservative (211)"", ""Sweetener(960)"", ""Flavours (Natural Flavouring Substances)""]","[""-""]",[],,
Dev peanut ball 125 g,dev,plant-based-foods-and-beverages,8908000385238,,"[""125g""]","[""Peanut"", ""Jaggery"", ""Cardamom Powder"", ""Liquid Glucose.""]","[""peanuts""]",[],,
Hallmark Byadgi Chilli Stemless,hallmark,plant-based-foods-and-beverages,8906044920231,,"[""100 g""]","[""Chilli""]","[""-""]",[],,https://images.openfoodfacts.org/images/products/890/604/492/0231/front_en.3.400.jpg
Good Life Whole Wheat Atta with Multigrains,good-life,plant-based-foods-and-beverages,8902901029871,,"[""1kg""]","[""Sharbati Wheat (90%)"", ""Multigrains (Defatted Soya 5%"", ""Maize 2%"", ""Chana 1%"", ""Ragi 1%"", ""Jowar1%).""]","[""-""]",[],,
Sharp Jalapeno and Cream Cheese,kettle-studio,plant-based-foods-and-beverages,8906066701030,,"[""113 g""]","[""Fresh Potatoes"", ""Vegetable Oils (Sunflower Oil"", ""Palmolein Oil"", ""Cotton Seed Oil)"", ""Sugar"", ""lodized Salt"", ""Rice Powder"", ""Milk Solids (Skimmed Milk"", ""Sucrose)"", ""Spices & Condiments"", ""Corn Starch"", ""Ghee"", ""Anticaking Agent (E551)"", ""Dehydrated Herbs"", ""Acidity Regulator (E270)"", ""Maltodextrin"", ""Cheese"", ""Flavour Enhancers (E627"", ""E631)"", ""Antioxidants (E300"", ""E319).\n\nCONTAINS ADDED NATURAL (CHEESE) AND NATURE IDENTICAL FLAVOURING (JALAPENO) SUBSTANCES.\n\nAlergen Advisory: Contains Milk Solids. Produced in factory which dies Peanuts"", ""Soya"", ""Wheat"", ""Sesame & other Nuts on separate machines""]","[""gluten"", ""milk"", ""sesame seeds"", ""soybeans""]",[],,
Buttermilk,nandini,dairies,8906036670632,,"[""200ml""]","[""Milk Solids. Pasteurised was fodised Satt Spices & Condiments Allergen Advice: contains Milk""]","[""milk""]",[],,https://images.openfoodfacts.org/images/products/890/603/667/0632/front_en.16.400.jpg
winkies love bite choco heart cake filled with french vanilla cream,winkies,snacks,8906005610386,,"[""45g""]","[""CAKE (82%): REFINED WHEAT FLOUR (MAIDA)"", ""SUGAR"", ""PALMOLINE OIL"", ""WATER"", ""VANILLA CONCENTRATE (MILK SOLID"", ""REFINED WHEAT FLOUR(MAIDA)"", ""STARCH"", ""DEXTROSE"", ""LEAVENING AGENTS INS 90ii"", ""INS 450ii"", ""INS 341 (i))"", ""STABILIZER (INS 415)"", ""HUMECTANTS (INS 420"", ""INS 422)"", ""LIQUID GLUCOSE. COCO SOLIDS"", ""CAKE GEL (INS 470a"", ""INS 471"", ""INS 475"", ""INS 422"", ""INS 420"", ""INS 525)"", ""NATURAL & NATURE DENTICAL FLAVOUR(CHOCOLATE & VANILLA)"", ""PRESERVATIVES (INS 282"", ""INS 200)"", ""STABILIZER (INS 412)"", ""MILK CHOCOLATE COMPOUND"", ""ACIDITY REGULATOR (INS 260"", ""INS 262)"", ""EDIBLE COMMON SALT"", ""RAISING AGENT(INS 500(ii))"", ""ANTIOXIDENT-MIX( INS 1520"", ""INS 319). FILLING (18%): (LIQUID GLUCOSE"", ""SUGAR"", ""WATER"", ""EDIBLE VEGETABLE OIL (PALM OIL)"", ""BAKERY SHORTENING"", ""MILK SOLID"", ""THICKENER (INS 440"", ""INS 1402)"", ""PERMITTED FOOD COLOUR (INS 171)"", ""PRESERVATIVE (INS 202)"", ""EDIBLE COMMON SALT"", ""ACIDITY REGULATOR (INS 330)"", ""FLAVOUR (NATURE IDENTICAL & ARTIFICIAL FLAVOURING SUBSTANCES - VANILLA))"", ""FILLING-( SUGAR"", ""WATER"", ""GLUCOSE SYRUP"", ""HUMACTANT (INS 422)"", ""EMULSIFIER (INS 460)"", ""THICKENER (INS 1442)"", ""EDIBLE COMMON SALT"", ""PERMITTED ARTIFICIAL FLAVOUR (VANILLA) & FOOD COLOUR(INS 171"", ""INS 102)"", ""PRESERVATIVE (INS 202)"", ""ACIDITY REGULETOR (INS 330).""]","[""gluten""]",[],,
Tempayy Crumbles,hello-tempayy,plant-based-foods-and-beverages,8908016501363,,"[""75g""]","[""Non-GMO Soybeans"", ""Water"", ""Red Chilli Paste"", ""Vinegar"", ""Sunflower Oil"", ""Chilli Powder"", ""Sugar"", ""Iodized Salt"", ""Lime Juice"", ""Spices and Condiments"", ""Hydrolysed Vegetable Protein"", ""Rice Flour"", ""Rhizopus (Culture)"", ""Iron"", ""Vitamin B12.""]","[""soybeans""]",[],,
Nu Nectar,nu-nectar,nutrition-drink,2000000147560,,"[""500g""]","[""‎Cereal extract (65% super grains - wheat"", ""barley & pearl millet)"", ""Jaggery"", ""Milk solids"", ""Cocoa"", ""Wheat gluten"", ""Vitamins"", ""Minerals"", ""Inositol"", ""Natural and nature identical flavouring substances (Chocolate and Vanilla)"", ""Salt"", ""Raising agent (INS 500(ii))"", ""Choline"", ""Taurine"", ""Phenylalanine"", ""Leucine"", ""Arginine"", ""Threonine"", ""Methionine"", ""Valine"", ""Histidine"", ""Lysine."", ""Protein"", ""Vitamin D"", ""Vitamin K"", ""Taurine"", ""Inositol"", ""Calcium"", ""Phosphorous"", ""Chromium"", ""FOS"", ""Manganese"", ""Folic acid (Vitamin B9)"", ""Choline"", ""Iron"", ""Zinc"", ""Magnesium"", ""Iodine"", ""Vitamin C"", ""Vitamin B12"", ""Vitamin B6"", ""Potassium"", ""Chloride"", ""Vitamin A"", ""Vitamin E"", ""Copper"", ""Selenium"", ""Molybdenum"", ""Histidine"", ""Arginine"", ""DL Methionine"", ""Leucine"", ""L-Lysine"", ""DHA 10%"", ""Valine"", ""Biotin (Vitamin B7)"", ""Thiamine (Vitamin B1)"", ""Riboflavin (Vitamin B2)"", ""Niacin (Vitamin B3)"", ""Pantothenic acid (Vitamin B5)""]","[""gluten"", ""milk""]",[],,https://images.openfoodfacts.org/images/products/200/000/014/7560/front_en.3.400.jpg
Swing Jeera,paper-boat,beverages-and-beverages-preparations,8906080602634,,"[""600 ml""]","[""CARBONATED WATER"", ""SUGAR"", ""IODISED SALT"", ""ACIDITY REGULATOR (330)"", ""FOOD COLOUR (150D) FLAVOURS (NATURE-IDENTICAL FLAVOURING SUBSTANCES)"", ""ANTIOXIDANT (300)"", ""PRESERVATIVE (211) AND CUMIN POWDER.""]","[""-""]",[],,
Delfi Twister Choco Wafer Roll With Chocolate Cream,delfi,snacks,8991001780522,,"[""320G""]","[""Sugar"", ""Refined Wheat Flour (Maida) (29%)"", ""Edible Vegetable Oil"", ""Cocoa Powder (7%)"", ""Skimmed Milk Powder"", ""Whey Powder"", ""Emulsifier (E322)"", ""Salt"", ""Flavour. CONTAINS ADDED NATURE IDENTICAL FLAVOURING SUBSTANCE (VANILLIN)""]","[""gluten"", ""milk""]",[],,
Amul Butterscotch Gold,amul,desserts,8901262174480,,"[""69g""]","[""Milk solids"", ""sugar"", ""cashew chikki (12%) (sugar cashew"", ""glucose"", ""ghee)"", ""emulsifier (471)"", ""stabilizers (407"", ""466"", ""415"", ""412)"", ""artificial substances (butterscotch)"", ""colour (102)""]","[""milk""]",[],,
Good Life MP Sharbati Atta,good-life,plant-based-foods-and-beverages,8902901029857,,"[""1kg""]","[""Wheat Flour (Atta)""]","[""gluten""]",[],,https://images.openfoodfacts.org/images/products/890/290/102/9857/front_en.9.400.jpg
Idly and Dosa Batter,asal,batters,8908001588331,,"[""1 kg""]","[""RO-purified Water"", ""Rice"", ""Urad Dal"", ""Fenugreek and lodized Salt""]","[""-""]",[],,
Total Curd,heritage,dairies,8904089975339,,"[""140 g""]","[""Pasturised Toned Milk & Active Lactic Cultures. Made from Toned Milk (Fat 3"", ""0% & SNF 8"", ""5%) Allergen Information: Contains Milk""]","[""milk""]",[],,
Curd,hatsun,dairies,8904057395602,,"[""85g""]","[""Pasteurized Toned Milk & Starter Culture Allergen Information: Contains Milk Made from Toned Milk""]","[""-""]",[],,https://images.openfoodfacts.org/images/products/890/405/739/5602/front_en.3.400.jpg
Macadamia Dragees,entisi,plant-based-foods-and-beverages,8906116820759,,"[""100g""]","[""(Min cocoa 28%) cocoa mass"", ""cocoa butter"", ""sugar"", ""whole milk powder"", ""macadamia""]","[""milk"", ""nuts""]",[],,
Premium Pav Bun,mr-bakewell,plant-based-foods-and-beverages,8908014814151,,"[""160 g""]","[""Refined Wheat Flour (Maida)"", ""Water"", ""Sugar"", ""Yeast"", ""Refined Palm Oil"", ""lodized Salt"", ""Milk Powder"", ""Flour Improver"", ""Emulsifiers DATEM (INS472e)"", ""Calcium Propionate (INS282)"", ""Gluten.""]","[""gluten"", ""milk""]",[],,
Kitkat Butterscotch Flavour,Nestlé,snacks,4901059046345,,"[""27.5g""]","[""Sugar"", ""Milk solids"", ""Hydrogenated vegetable fats"", ""Fractioned vegetable fat"", ""Refined Wheat flour (Maida)"", ""Cocoa solids (2.4%)"", ""Emulsifier (Soya lecithin)"", ""Nature identical (Butterscotch) flavouring substances"", ""Raising agent (500(ii))"", ""Yeast"", ""lodized salt"", ""Flour treatment agent (516)"", ""Artificial (Vanilla) flavouring substance and Colour (160a(i)). Contains Wheat"", ""Milk"", ""Seasame and Soy. May Contains Nut.""]","[""gluten"", ""milk"", ""nuts"", ""sesame seeds"", ""soybeans""]",[],,https://images.openfoodfacts.org/images/products/490/105/904/6345/front_en.3.400.jpg
Sooji,naga,plant-based-foods-and-beverages,8906011830068,,"[""500 g""]","[""WHEAT \nAllergen declaration: Contains Wheat (Gluten)""]","[""gluten""]",[],,
Potato Chips,bikaji,plant-based-foods-and-beverages,8906005506962,,"[""100 g""]","[""Potatoes (58%)"", ""Edible Vegetable Oil (Palmolein Oil and/or Cottonseed Oil)"", ""Spices and Condiments (Tomato Powder (1%) Sugar"", ""Iodised Salt"", ""Red Chilli Powder"", ""Garlic Powder"", ""Onion Powder"", ""Paprika Extract (INS 160c)"", ""Maltodextrin"", ""Acidity Regulator (INS 330)"", ""Anticaking Agent (INS 551)) AUD IAP INI""]","[""-""]",[],,
potato chips,bikaji,plant-based-foods-and-beverages,8906005506979,,"[""100 g""]","[""Potatoes (65%)"", ""Edible Vegetable Oil (Palmolein Oil and/or Cottonseed Oil)"", ""lodised Salt (1.5%)""]","[""-""]",[],,https://images.openfoodfacts.org/images/products/890/600/550/6979/front_en.7.400.jpg
cow milk,heritage,dairies,8904089919135,,"[""500 ml""]","[""Milk Solids (Cow Milk)"", ""Vitamin A Palmitate & Vitamin D (Ergocalciferol)""]","[""milk""]",[],,
Classic Malt,Horlicks,beverages,8901030807237,,"[""2 kg""]","[""Malt (66.7%) [Barley (32%)"", ""Wheat Flour (Atta)"", ""Wheat"", ""Millet)"", ""Milk Solids (14%)"", ""Sugar"", ""Wheat Gluten"", ""Minerals"", ""Edible lodized Salt"", ""Soy Protein Isolate"", ""Acidity Regulators [INS 501 (ii)"", ""500(ii)]"", ""Vitamins. Allergen Information: Contains Wheat"", ""Barley"", ""Milk & Soy.""]","[""gluten"", ""milk"", ""soybeans""]",[],,
Peanut butter,myfitness,plant-based-foods-and-beverages,8904327600863,,"[""2.5kg""]","[""Roasted peanuts (10 PURE PEANUTS. NOTHING ELSE Allergen Info: Contains Peanuts BUTTER""]","[""milk"", ""peanuts""]",[],,
chiwda,sitashree-lakshminarayan,snacks,8906151420020,,"[""500g""]","[""Riceflakes (Poha)"", ""Peanuts"", ""Refined Groundnut Oil"", ""Sugar"", ""Raisins"", ""Cashew nuts"", ""Coconut"", ""Sesame Seed"", ""Hydrogenated Vegetable Oil"", ""Iodized Salt"", ""Red Chilli Powder"", ""Turmeric Powder"", ""Asafoetida"", ""Sweet Wood""]","[""nuts"", ""peanuts"", ""sesame seeds""]",[],,https://images.openfoodfacts.org/images/products/890/615/142/0020/front_en.3.400.jpg
Charli masala butter chakli,charliee,snacks,8906005670366,,"[""105 g""]","[""Tapioca Flour (44%)"", ""Refined Palmolein Oil (28%)"", ""Black Matpe Flour (23%)"", ""lodised Salt (2%)"", ""Red Chilli Powder (2%)"", ""Butter (1%).""]","[""milk""]",[],,
Hide and seek,parle-platina,snacks,3948719105913,,"[""120 gm""]","[""Added sugar""]","[""-""]",[],,
Regency Apricots Dried,regency,plant-based-foods-and-beverages,8906059160110,,"[""200 g""]","[""Dried Apricots""]","[""-""]",[],,https://images.openfoodfacts.org/images/products/890/605/916/0110/front_en.7.400.jpg
Unpolished Toor Dal,tata-sampann,plant-based-foods-and-beverages,8904043926216,,"[""1 kg""]","[""Toor Dal""]","[""-""]",[],,
Classic Pizza Sauce,the-gourmet-jar,plant-based-foods-and-beverages,0763846998411,,"[""390g""]","[""Tomatoes (84%)"", ""Onion"", ""Garlic"", ""Tomato Paste"", ""Salt"", ""Raw Sugar (Khand-1.5%)"", ""Olive Oil"", ""Spices and condiments""]","[""-""]",[],,
Zahidi Dates,wonderland-foods,plant-based-foods-and-beverages,8906095126927,,"[""500g""]","[""Zahidi Dates""]","[""-""]",[],,https://images.openfoodfacts.org/images/products/890/609/512/6927/front_en.4.400.jpg
Blue Tea Chamomile Flower Herbal Tea,blue-tea,beverages-and-beverages-preparations,00001062,,"[""100 g""]","[""Chamomile Flowers""]","[""-""]",[],,
shrikhand elaichi,milky-mist,desserts,8904083312055,,"[""250g""]","[""Milk Solids"", ""Sugar"", ""Cardamom (Elaichi) (0.2%)"", ""Stabilizer (NS 440)"", ""Flavour (Natural Flavouring Substances-Cardamom)""]","[""milk"", ""none""]",[],,
Coca cola zero sugar 300ml,coca-cola,beverages-and-beverages-preparations,8901764111259,,"[""16""]","[""CARBONATED WATER"", ""ACIDITY REGULATORS (338"", ""331)"", ""SWEETENERS (955"", ""950)"", ""PRESERVATIVE (211)"", ""CAFFEINE (9.2 mg/100 g)"", ""COLOUR (150d)"", ""FLAVOURS (NATURAL FLAVOURING SUBSTANCES""]","[""-""]",[],,https://images.openfoodfacts.org/images/products/890/176/411/1259/front_en.6.400.jpg
Nandini GoodLife Toned Milk,nandini,dairies,8906036673602,,"[""1litre""]","[""Milk Solids"", ""Vitamin A& Vitamin D\nMilk Fat : 3.0% (Min) & SNF 8.5% (Min.)""]","[""milk""]",[],,
Peanut Butter 100% Natural Crunchy,sundrop,plant-based-foods-and-beverages,8901512144904,,"[""924 g""]","[""Roasted _Peanuts_""]","[""peanuts""]",[],,
Milk chocolate,godiva,snacks,0031290721818,,"[""90 g /3.2 OZ""]","[""sugar full cream milk powder cocoa butter cocoa mass butter oil emulsifier soy lecithin natural flavouring""]","[""-""]",[],,
Mineral Water,ice,beverages,8908003799285,,"[""200 ml""]","[""Mineral Water""]","[""-""]",[],,https://images.openfoodfacts.org/images/products/890/800/379/9285/front_en.7.400.jpg
Blockbuster Mango magic,havmor,desserts,8904089313964,,"[""90 ml""]","[""Inner layer - Ice Cream (70%): Added Water"", ""Milk Solids"", ""Sugar"", ""Mango Pulp (9.6%)"", ""Emulsifiers (INS 471"", ""INS 433) and Stabilizers (INS 466"", ""INS 412"", ""INS 407a"", ""INS 410)"", ""Artificial (Mango) Flavoring Substances"", ""Synthetic Food Colours (INS 110"", ""INS 102"", ""INS 124). Outer Layer - White Compound Covering (30%): Refined Palm Kernel Oil"", ""Sugar"", ""Milk Solids"", ""Refined Palm Oil"", ""Emulsifier (INS 322)"", ""Natural Colour (160b)"", ""Artificial (Mango) Flavoring Substances.""]","[""milk"", ""soybeans""]",[],,
Jimjam Pops,britannia,snacks,8901063029309,,"[""70 g""]","[""REFINED WHEAT FLOUR (MAIDA)"", ""SUGAR"", ""REFINED PALM OIL & INTERESTERIFIED VEGETABLE FAT"", ""INVERT SUGAR SYRUP"", ""MILK SOLIDS"", ""EDIBLE MAIZE STARCH"", ""FRUIT PRODUCTS (1%) (APPLE JUICE CONCENTRATE BANANA POWDER"", ""PLUM JUICE CONCENTRATE)"", ""EMULSIFIERS [322(i) & 471)"", ""IODISED SALT"", ""ARTIFICIAL (VANILLA"", ""RASPBERRY"", ""PINEAPPLE"", ""APRICOT) & NATURE IDENTICAL FLAVOURING SUBSTANCES"", ""ACIDITY REGULATORS [330& 331(iii)"", ""GELLING AGENT (440)"", ""RAISING AGENTS (500(ii) & 503(ii)] AND COLOUR (122).CONTAINS WHEAT"", ""MILK & SOY""]","[""gluten"", ""milk"", ""soybeans""]",[],,
Punjabi Kulfi Mawa Elaichi,amul,desserts,8901262176552,,"[""60ml / 48 g""]","[""Milk solids"", ""sugar"", ""permitted emulsifiers (435"", ""471)"", ""stabilizers (407"", ""412)"", ""cardamom powder (0.1%)"", ""artificial flavouring substances (cardamom special). Allergen Information: Contains milk.""]","[""milk""]",[],,https://images.openfoodfacts.org/images/products/890/126/217/6552/front_en.11.400.jpg
Whole Wheat Bread,metro,plant-based-foods-and-beverages,8908002332551,,"[""350 g""]","[""Refined Wheat Flour (65%)"", ""Sugar"", ""Yeast"", ""Edible Common Salt"", ""Edible Vegetable Oils. Class II Preservative (282)"", ""Acidity Regulator (260)"", ""Emulsifier (472e)"", ""Soya Flour"", ""Antioxidant (300) And Flour Treatment Agent (510)""]","[""gluten"", ""soybeans""]",[],,
Extra Chill Chocolate Brownie,noto,desserts,8906145150612,,"[""80ml""]","[""Ice Cream: (72%) Milk solids"", ""Cocoa solids"", ""Chocolate Brownie (10 %)"", ""Fructo Oligosaccharide (Prebiotic fibre)"", ""Erythritol"", ""Polydextrose"", ""Maltitol"", ""Permitted Emulsifiers (INS 477"", ""INS 471) and Stabilisers (INS 412"", ""INS 410)"", ""Salt"", ""Stevia Coating Layer: (28%) Milk chocolate"", ""Dark chocolate"", ""Refined Coconut Oil""]","[""milk""]",[],,
Doodh Biscuits,patanjali,snacks,8906032018513,,"[""35 g""]","[""Wheat Flour (Atta )- 58.6%"", ""Edible Vegetable Oil (Palm)"", ""Sugar"", ""Liquid Glucose"", ""Milk Solids (1.7%)"", ""lodized Salt"", ""Leavening agents [INS-500(ii)"", ""INS 503(ii)"", ""INS - 341(1)"", ""Cheese"", ""Dough Conditioner (INS 223)"", ""Antioxidant (INS 319)"", ""Emulsifier [INS 322). Natural"", ""Nature Identical Artificial Flavouring Substances (Milk & Vanilla). CONTAINS WHEAT"", ""MILK"", ""SOY"", ""SULPHITE""]","[""gluten"", ""milk"", ""soybeans"", ""sulphur dioxide and sulphites""]",[],,https://images.openfoodfacts.org/images/products/890/603/201/8513/front_en.3.400.jpg
Peanut Chikki Bar,haldiram-s,plant-based-foods-and-beverages,8904063200082,,"[""35 g""]","[""Peanuts (58%)"", ""Jaggery"", ""Hydrogenated Vegetable oils"", ""Glucose and Cardamom Powder.""]","[""peanuts""]",[],,
Kurkure Green chutney,-,snacks,8901491103046,,"[""33g""]","[""Cereal Products (57%) (Rice meal (38%)"", ""corn meal (19%))"", ""Edible Vegetable oil (Palmolein) *Seasoning Spices & Condiments"", ""Iodised salt"", ""Sugar"", ""Tamarind powder"", ""Flavour (Nature identical and Artificial (Spearmint)"", ""Maltodextrin"", ""Acidity Regulator (330)"", ""Emulsifier (414)"", ""Color (160c)"", ""Flavour Enhancers (627"", ""631))"", ""Gram meal (6%).""]","[""-""]",[],,
Monster Energy Ultra,monster,beverages-and-beverages-preparations,4897036692455,,"[""350ml""]","[""CARBONATED WATER"", ""ACIDITY REGULATORS (CITRIC ACID PRESERVATIVES (SORBIC ACID"", ""BENZOIC ACID)"", ""SWEETENERS (SUCRALISE ROMIAN CITRATE)"", ""ERYTHRITOL"", ""TAURINE (400 mg/100ml)"", ""FLAVORS (0) MATURE-IDENTICAL & ARTIFICIAL (CITRUS FRUIT FLAVORING SUBSTANCES ACESULFAME POTASSIUM)"", ""CAFFEINE 30mg/100ml (300ppm)"", ""VITAMINS (05"", ""B3"", ""B6"", ""B12)"", ""D-GLUCURONOLACTONE"", ""INOSITOL (2 mg/100ml)""]","[""-""]",[],,https://images.openfoodfacts.org/images/products/489/703/669/2455/front_en.14.400.jpg
Soya Chaap Tandoori,blue-tribe,meat-alternatives,8908016809377,,"[""250g""]","[""Soya chaap (Potable Water"", ""Soya flour"", ""Wheat gluten"", ""Tapioca starch"", ""Iodized Salt"", ""Fibers (Wheat"", ""Psyllium Husk)"", ""Spices"", ""Roasted Onions"", ""Edible Vegetable Oil (Rice Bran Oil Mustard) Lemon Powder"", ""Garlic Paste"", ""Ginger Paste"", ""Natural & Nature identical flavours"", ""Roasted Chana Powder"", ""Spices""]","[""gluten"", ""soybeans""]",[],,
Nandini Healthy Life Lite Double Toned Milk,nandini,dairies,8906153561875,,"[""135ml""]","[""Milk Solids"", ""Vitamin A & Vitamin D""]","[""milk""]",[],,
Maggie,Nestlé,545,36903690,,"[""55g""]","[""Flour"", ""Masala""]","[""-""]",[],,
Foxtail Millet,organic-tattva,plant-based-foods-and-beverages,8906055441503,,"[""500 g""]","[""Organic Foxtail Millet""]","[""-""]",[],,https://images.openfoodfacts.org/images/products/890/605/544/1503/front_en.3.400.jpg
Strawberry Creme,superyou,dietary-supplements,8908024977037,,"[""40g""]","[""PROTEIN BLEND (FERMENTED NUTRITIONAL YEAST PROTEIN (22%) + MILK SOLIDS)"", ""EDIBLE VEGETABLE FATS (HYDROGENATED COCONUT OILS"", ""INS 322)"", ""SWEETENER (INS 965(i))"", ""REFINED WHEAT FLOUR (MAIDA)"", ""STARCH"", ""EMULSIFIER (INS 322)"", ""EDIBLE COMMON SALT"", ""IMPROVER ENZYME"", ""STRAWBERRY FRUIT POWDER (0.01%)"", ""CONTAINS PERMITTED NATURAL FOOD COLOR (INS 162) AND ADDED FLAVORS - NATURE IDENTICAL FLAVORING SUBSTANCES (STRAWBERRY)"", ""ARTIFICIAL FLAVOURING SUBSTANCES (ETHYL VANILLIN).""]","[""gluten"", ""milk""]",[],,
24 Mantra Organic,organic-peanut-butter-creamy,plant-based-foods-and-beverages,8904083525585,,"[""450 g""]","[""Organic Peanut""]","[""peanuts""]",[],,
Mentos pure and fresh gum,Mentos,snacks,8901393016192,,"[""54.6g""]","[""Polyols (Maltitol"", ""Sorbitol)"", ""Gum Base"", ""Thickener (INS 414)"", ""Sweetener: Aspartame (INS 951)"", ""Humectant (INS 422)"", ""Flavours (Green Tea Extract"", ""Spearmint)"", ""Emulsifier (INS 322)"", ""Antioxidant (INS 321) CONTAINS PERMITTED SYNTHETIC FOOD COLOURS (INS 133"", ""INS 102) AND ADDED FLAVOURS (NATURAL (GREEN TEA EXTRACT)"", ""NATURE IDENTICAL & ARTIFICIAL (MINT) FLAVOURING SUBSTANCES THIS CONTAINS ASPARTAME - NOT RECOMMENDED FOR CHILDREN-NO SUGAR ADDED IN THE PRODUCT NOT FOR PHENTERETONURICS Palyals may have laxative effects .""]","[""-""]",[],,https://images.openfoodfacts.org/images/products/890/139/301/6192/front_en.3.400.jpg
Multigrain Energy Bar,yoga-bar,snacks,8908005144076,,"[""38 g""]","[""Nuts & Seeds 34% (Almonds. Sunflower"", ""Sesame"", ""pumpkin"", ""Chia)"", ""Whole Grain Flakes 32% (Rolled Oats"", ""Brown Rice"", ""Saamai)"", ""Honey 22%"", ""Dried Fruit (Dates & Cranberry) 9% Rice Crisps 2%"", ""Prebiotic Fib (Acacia Gum). Cinnamon CONTAINS ADDED NATURAL FLAVOUR: Rosemary Extract""]","[""nuts"", ""sesame seeds""]",[],,
Kurkure - Green Chutney Style,inc,snacks,8901491101905,,"[""17 g""]","[""Cereal Products (57%) (Rice Meal (38%)"", ""Corn Meal (19%))"", ""Edible Vegetable Oil (Palmolein)"", ""*Seasoning (Spices & Condiments"", ""lodised Salt"", ""Sugar"", ""Tamarind Powder"", ""Flavour (Natural"", ""Nature Identical and Artificial (Spearmint) Flavouring Substance)"", ""Maltodextrin"", ""Acidity Regulator (330)"", ""Emulsifier (414)"", ""Color (160c)"", ""Flavour Enhancers (627"", ""631))"", ""Gram Meal (6%). *As flavouring agent. ~Contains Onion and Garlic""]","[""-""]",[],,
Multi Grain Bread,britannia,plant-based-foods-and-beverages,8901063343276,,"[""450g""]","[""WHEAT PRODUCTS (54%) [WHEAT FLOUR (ATTA)"", ""WHEAT BRAN&BROKEN WHEAT]"", ""OIL SEEDS-5% (LINSEED"", ""SESAME"", ""SUNFLOWER AND WATER-MELON) YEAST"", ""RAGI FLOUR (2%)"", ""ROLLED OATS (2%)"", ""VITAL GLUTEN"", ""SUGAR"", ""SOYA FLAKES (1.2%)"", ""IODISED SALT"", ""REFINED PALMOLEIN OIL"", ""PRESERVATIVE (282)"", ""EMULSIFIERS [472e"", ""471"", ""481 (1)]"", ""ACIDITY REGULATOR (260) AND FLOUR TREATMENT AGENT (510). (Numbers in brackets as per International Numbering System) CONTAINS WHEAT GLUTEN"", ""CATS AND SOYA.""]","[""gluten"", ""sesame seeds"", ""soybeans""]",[],,https://images.openfoodfacts.org/images/products/890/106/334/3276/front_en.4.400.jpg
Lime and lemon,shunya,sugar-free,8908011423042,,"[""300 ml""]","[""Carbornated Water"", ""Acidity Regulators [330"", ""321)"", ""Vitamin C"", ""Sweeteners (960)"", ""Edible Common Salt & Green Tea Extract""]","[""-""]",[],,
Taj Mahal,brooke-bond,beverages-and-beverages-preparations,8909106043671,,"[""500 gm""]","[""Tea""]","[""-""]",[],,
MULTIGRAIN ENERGY BAR CHOCOLATE CHUNK NUT,yoga-bar,snacks,8908005144014,,"[""38 g""]","[""Whole Grains 36% (Brown Rice"", ""Millets (Saamai"", ""Foxtail). Rolled Oats 15%). Honey 20% Almonds 12%"", ""Dates"", ""Seeds 9% (Sunflower"", ""Chia)"", ""Rice Crispies. Belgian Dark Chocolate 6% (Cocoa"", ""Brown Sugar"", ""Cocoa Butter"", ""Soya Lecithin)"", ""Peanut Protein Powder. CONTAINS ADDED NATURAL FLAVOUR (Rosemary Extract. Vanilla Extract)""]","[""soja""]",[],,
Amulya dairy whitener,amulya,beverages-and-beverages-preparations,8901262090353,,"[""200g""]","[""Milk Solids"", ""Sucrose""]","[""milk""]",[],,
Milky Mist Curd,milky-mist,curd,8904083306085,,"[""400g""]","[""Pasteurized Toned Milk and Active Lactic Culture. Allergen Information: Contains Milk.""]","[""milk""]",[],,https://images.openfoodfacts.org/images/products/890/408/330/6085/front_en.5.400.jpg
White Buttons,british-mushroom,plant-based-foods-and-beverages,8908004722008,,"[""200 g""]","[""Button mushroom""]","[""-""]",[],,https://images.openfoodfacts.org/images/products/890/800/472/2008/front_en.3.400.jpg
Paper Boat Swing yummy Guava 600ml pet,paper-boat,beverages-and-beverages-preparations,8906080602726,,"[""600 ml""]","[""WATER"", ""GUAVA PUREE (14%)"", ""SUGAR ACIDITY REGULATORS (330"", ""331 (iii))"", ""IODISED SALT"", ""FLAVOURS (NATURE-IDENTICAL AND NATURAL FLAVOURING SUBSTANCES)"", ""STABILIZERS (418"", ""466) PRESERVATIVES (202"", ""242)"", ""ANTIOXIDANT (300)"", ""FOOD COLOUR (160a(iii)) AND VITAMIN D2 (ERGOCALCIFEROL)""]","[""-""]",[],,https://images.openfoodfacts.org/images/products/890/608/060/2726/front_en.16.400.jpg
Munch,Nestlé,snacks,89009802,,"[""8.9g""]","[""Sugar"", ""Refined Wheat flour (Maida)"", ""Hydrogenated vegetable fats (contain sesame oil)"", ""Milk solids"", ""Edible vegetable fats"", ""Cocoa solids (3.8%)"", ""Emulsifier (Soya lecithin)"", ""Raising agent (500 (ii))"", ""Yeast"", ""Flour treatment agents (516 and 1101(i)) and lodized salt. CONTAINS ADDED FLAVOUR (ARTIFICIAL (VANILLA) FLAVOURING SUBSTANCES). MAY CONTAIN PEANUTS MAHA CRUNCH ilicious""]","[""gluten"", ""milk"", ""sesame seeds"", ""soybeans""]",[],,
premium desh ki chai,tata-tea,beverages-and-beverages-preparations,8901052030460,,"[""500 gram""]","[""Tea""]","[""-""]",[],,https://images.openfoodfacts.org/images/products/890/105/203/0460/front_en.3.400.jpg
Masala Veg Atta Noodles,Nestlé,plant-based-foods-and-beverages,8901058901832,,"[""72.5g""]","[""Noodles: Wheat flour (atta) (85.2%)"", ""Palm oil"", ""lodised salt"", ""Thickeners (508&412)"", ""Humectants (451)&452) and Acidity regulators (501() & 500 ()). Masala *TASTEMAKER: Mixed spices (22.5%)"", ""(&quot"", ""Roasted spice mix powder (66%) (Coriander"", ""Turmeric"", ""Cumin"", ""Aniseed"", ""Black pepper"", ""Fenugreek"", ""Ginger"", ""Green cardamom Cinnamon"", ""Clove"", ""Nutmeg"", ""Bay leaf & Black cardamom)"", ""Onion powder"", ""Garlic powder Red chil powder"", ""Red chilli bits"", ""Coriander powder"", ""Turmeric powder"", ""Ginger powder"", ""Aniseed powder Black pepper powder"", ""Cumin powder"", ""Cumin"", ""Fenugreek powder"", ""Capsicum extract"", ""Compounded asafoetida"", ""Star anise powder"", ""Coriander extract & Cumin extract) Dehydrated Vegetables (16.7%) (Carrot bits (8.5%) & Green peas (8.2%))"", ""Toasted onion flakes (Onion (12.4%) & Com oil)"", ""Refined wheat flour (Maida)"", ""Sugar"", ""lodised salt"", ""Toasted onion powder (Onion (59%) & Corn oil)"", ""Thickener (508)"", ""Palm oil"", ""Flavour enhancer (635)"", ""Yeast extract powder"", ""Dehydrated kasuri methi leaves"", ""Starch"", ""Acidity regulator (330)"", ""Mineral and Wheat gluten Contains Wheat May contains Milk"", ""Oats and Soy. C i ^ C""]","[""gluten"", ""soybeans""]",[],,https://images.openfoodfacts.org/images/products/890/105/890/1832/front_en.11.400.jpg
Good Life ragi flour,good-life,plant-based-foods-and-beverages,8902901225907,,"[""500g""]","[""Ragi""]","[""-""]",[],,https://images.openfoodfacts.org/images/products/890/290/122/5907/front_en.4.400.jpg
Mayonnaise,Hellmann's,condiments,8901030833892,,"[""275g""]","[""Refined Soybean Oil (Fortified with Vitamin A & D)"", ""Water"", ""Sugar"", ""Thickeners(E 1442"", ""E 1450)"", ""Natural Vinegar"", ""iodised Salt"", ""Spices & Condiments"", ""Lemon Juice Concentrate"", ""Preservative(E 202)"", ""Nature Identical and Natural Flavouring"", ""Sequestrant(E 385). May contain traces of _Soya_.""]","[""soybeans""]",[],,https://images.openfoodfacts.org/images/products/890/103/083/3892/front_en.7.400.jpg
Brittania Gobbles Chocolate Cake,brittania,snacks,8901063363960,,"[""110g""]","[""REFINED WHEAT FLOUR (MAIDA)"", ""SUGAR"", ""EGGS"", ""EDIBLE HYDROGENATED VEGETABLE OIL&REFINED PALMOLEIN OIL"", ""HUMECTANTS (420) & 422)"", ""HIGH MALTOSE SYRUP"", ""LIQUID GLUCOSE COCOA SOLIDS (2%)"", ""SWEETENED CONDENSED MILK"", ""COLOURS (150c"", ""150d"", ""102"", ""122"", ""132 & 133)"", ""CAKE GEL (EMULSIFIERS & STABILIZERS (471&477) AND HUMECTANT (420)}1"", ""RAISING AGENTS (341()& 500)]"", ""INVERT SUGAR SYRUP"", ""IODIZED SALT"", ""PRESERVATIVES (200 &282)"", ""BAKING POWDER"", ""PLAIN CHOCOLATE (0.14%) /SUGAR"", ""COCOA BUTTER"", ""COCOA SOLIDS EMULSIFIERS (322) & 476] AND ARTIFICIAL (VANILLA) FLAVOURING SUBSTANCE)"", ""FLAVOURS [NATURE IDENTICAL AND ARTIFICIAL (VANILLA & CHOCOLATE) FLAVOURING SUBSTANCES) AND STABILIZER (415).""]","[""eggs"", ""gluten"", ""milk""]",[],,https://images.openfoodfacts.org/images/products/890/106/336/3960/front_en.3.400.jpg
Malai Paneer,indiska-farms,dairies,8908011832004,,"[""200 g""]","[""Milk Solids"", ""Citric Acid (E330) & Edible Common Salt.""]","[""milk""]",[],,https://images.openfoodfacts.org/images/products/890/801/183/2004/front_en.3.400.jpg
Fuse bites,cadbury,snacks,7622201521905,,"[""108.5""]","[""filling (72%) [peanuts (19%)"", ""sugar"", ""interesterified palm fat"", ""liquid glucose"", ""milk solids"", ""hydrogenated palm oil"", ""cocoa solids"", ""invert sugar"", ""humectant (glycerol)"", ""lodised salt"", ""emulsifiers (soya lecithin"", ""mono-and diglycerides of fatty acids)"", ""flavouring]"", ""chocolate flavoured coating (28%) [sugar"", ""cocoa butter"", ""milk solids"", ""lactose (milk)"", ""cocoa nutrient nutrition infor typical value q (pe energy kj/100g energy kcal/100g fat (g)""]","[""milk"", ""peanuts"", ""soybeans""]",[],,https://images.openfoodfacts.org/images/products/762/220/152/1905/front_en.3.400.jpg
Classic Dahi,mother-dairy,dairies,8901648026167,,"[""80 g""]","[""Toned Milk"", ""Water"", ""Milk Solids and Active Lactic Culture""]","[""milk""]",[],,https://images.openfoodfacts.org/images/products/890/164/802/6167/front_en.7.400.jpg
glucose,glucovita,sweeteners,8901399084515,,"[""1kg""]","[""Glucose (99.4%)"", ""Minerals (Calcium Phosphate"", ""Iron"", ""pyrophosphate) and Vitamin D2.""]","[""-""]",[],,https://images.openfoodfacts.org/images/products/890/139/908/4515/front_en.3.400.jpg
Mountain Dew,pepsico,beverages-and-beverages-preparations,8902080364589,,"[""400 ml""]","[""CARBONATED WATER"", ""SUGAR"", ""ACIDITY REGULATORS (330"", ""331)"", ""FLAVOUR (NATURAL FLAVOURING SUBSTANCES)"", ""PRESERVATIVE (211)"", ""CAFFEINE (13 mg/100 g)"", ""STABILIZER (445)"", ""COLOUR (102)""]","[""-""]",[],,https://images.openfoodfacts.org/images/products/890/208/036/4589/front_en.25.400.jpg
Cheeku,cheeku,cheeku,23234545,,"[""500g""]","[""Sugar"", ""Milk""]","[""milk""]",[],,https://images.openfoodfacts.org/images/products/000/002/323/4545/front_en.129.400.jpg
Maggi 2-Minute Noodles,Maggi,plant-based-foods-and-beverages,8901058901559,,"[""280 g""]","[""Noodles: Refined wheat flour (Maida)"", ""Palm oil"", ""lodised salt"", ""Wheat gluten"", ""Thickeners (508 & 412)"", ""Acidity regulators (501(i) & 500 (i)) and Humectant (451(i)). Masala *Tastemaker: Mixed spices (25.6%) (Onion powder"", ""Coriander powder"", ""Turmeric powder"", ""Red chilli powder"", ""Garlic powder"", ""Cumin powder"", ""Aniseed powder"", ""Ginger powder"", ""Fenugreek powder"", ""Black pepper powder"", ""Clove powder"", ""Green cardamom powder & Nutmeg powder)"", ""Refined wheat flour (Maida)"", ""Hydrolysed groundnut protein"", ""Sugar"", ""Palm oil"", ""lodised salt"", ""Starch"", ""Thickener (508)"", ""Flavour enhancer (635)"", ""Toasted onion flakes"", ""Acidity regulator (330)"", ""Mineral"", ""Colour (150d) and Wheat gluten. Contain Wheat and Nut May contains Milk"", ""Mustard"", ""Oats and Soy.""]","[""gluten"", ""milk"", ""mustard"", ""soybeans""]",[],,https://images.openfoodfacts.org/images/products/890/105/890/1559/front_en.3.400.jpg
Chocochips Ice Cream,amul,desserts,8901262170420,,"[""270g""]","[""Milk solids"", ""sugar"", ""milk chocolate chips (8%) sugar"", ""cocoa butter"", ""milk solids"", ""cocoa solids"", ""emulsifiers (322"", ""476)]"", ""cocoa solids"", ""emulsifier (471)"", ""stabilizers (407"", ""466"", ""415"", ""412).""]","[""milk""]",[],,https://images.openfoodfacts.org/images/products/890/126/217/0420/front_en.5.400.jpg
Toastea Rusk,britannia,plant-based-foods-and-beverages,8901063325784,,"[""275 g""]","[""REFINED WHEAT FLOUR (MAIDA) (7190). SUGAR"", ""REFINED PALM AND PALMOLEIN OIL"", ""SEMOLINA VEAST VITAL GLUTEN"", ""COLOUR (150a)"", ""INVERT SUGAR SYRUP"", ""IODISED SALT"", ""EMULSIFIERS (472e"", ""471)"", ""SPICE (0.3%) (GREEN CARDAMOM SEEDS)"", ""BREAD IMPROVE STARCH"", ""SOYA FLOUR"", ""IMPROVERS [1100(1)"", ""1104 1102]}"", ""WHEAT FIBER"", ""NATURE IDENTICAL & ARTIFICIAL (MILK) FLAVOURING SUBSTANCES AND ANTIOXIDANT (300).""]","[""gluten"", ""milk"", ""soybeans""]",[],,https://images.openfoodfacts.org/images/products/890/106/332/5784/front_en.20.400.jpg
Peps,pepsi,beverages-and-beverages-preparations,8902080000104,,"[""300ml""]","[""carbonated wate"", ""sugar"", ""colour(150d)"", ""acidity regulator(338)"", ""caffeine(10mg/100g)"", ""flavour(natural flavouring substances)"", ""stabilizer(436).""]","[""-""]",[],,https://images.openfoodfacts.org/images/products/890/208/000/0104/front_en.5.400.jpg
Brown Bread,harvest-gold,plant-based-foods-and-beverages,8906020460959,,"[""50 g""]","[""Whole Wheat Flour (Atta) (32.7%)"", ""Refined Wheat Flour (Maida) (27.3%)"", ""Yeast"", ""Sugar"", ""Gluten"", ""Wheat Bran"", ""lodized Salt"", ""Edible Vegetable Oil (Refined Palmolein Oil)"", ""Preservatives (282"", ""200)"", ""Emulsifier (472e)"", ""Acidity Regulators (3410)"", ""270"", ""297)"", ""Flour Treatment Agents (1100"", ""1104 & 1102)"", ""Antioxidant (300).""]","[""gluten""]",[],,
Vanilla flavoured Medium Fat Ice Cream,mother-dairy,desserts,8901648021629,,"[""48 g""]","[""Water"", ""Milk Solids"", ""Sugar"", ""Stabilizers and Emulsifiers (412"", ""410"", ""407"", ""471"", ""466)"", ""Natural and Artificial Flavouring Substances (Vanilla)""]","[""milk""]",[],,
Tomato Ketchup,tops,condiments,8904288601183,,"[""950 g""]","[""Water"", ""Tomato Paste - 28%"", ""Sugar"", ""lodised Salt"", ""Thickeners (1422"", ""401"", ""415)"", ""Acidity Regulator (260)"", ""Onion Powder"", ""Garlic Powder"", ""Preservative (211)"", ""Red Chilli Powder"", ""Spices & Condiments.""]","[""-""]",[],,https://images.openfoodfacts.org/images/products/890/428/860/1183/front_en.5.400.jpg
JUMBO SANDWICH BREAD,english-oven,plant-based-foods-and-beverages,8908007029081,,"[""800g""]","[""wheat flour"", ""(maida)"", ""water"", ""sugar"", ""yeast"", ""edible vegetable oil (palm)"", ""edible common salt"", ""soya flour"", ""wheat gluten"", ""class ll preservative"", ""acidity regulator(260)"", ""emulsifiers(471"", ""472e"", ""481(i))"", ""510"", ""923"", ""1100) and antioxidant""]","[""gluten"", ""soybeans""]",[],,
SITOPALADI CHURNA,dabur,ayurveda,8901207002533,,"[""60g""]","[""Each 5g prepared from powder of the wing: Tvak (Cinnamomum zeylanicum"", ""St.Bk.) 1562 Sushmala (Elettaria cardamomum"", ""Sd.) 312.5mg"", ""Pippal Per longum"", ""Fr.) 625mg"", ""Vamsha (Bambusa bambos"", ""50 mg and Sharkara 2656.25mg LOCATION: Svasa"", ""Kasa"", ""Kshaya"", ""Daha"", ""Agnimandhya kuchi DOSAGE: 2g (approx 2 teaspoonful) two times a day wh mey or as directed by the physician. Light and easily digestible foods. Aid: Heavy"", ""oily and spicy food.""]","[""-""]",[],,
Knorr soup,Knorr,meals,8901030900150,,"[""42 gram""]","[""Refined Wheat flour (Maida)"", ""Sugar"", ""Milk Solids"", ""Hydrolyzed Vegetable Protein"", ""lodised salt"", ""Flavours - Natural (Garlic) and Nature Identical Flavouring Substances"", ""Dehydrated Vegetables (Onion (1.8%)"", ""Leeks (0.4%))"", ""Dehydrated Chicken (2.2%) (Stabilizer - 461 & 407"", ""Antioxidant - 300)"", ""Hydrogenated Palm Oil"", ""Thickener - 415"", ""Flavour Enhancer - 627 & 631"", ""Spices & Condiments (Black Pepper (0.3%))"", ""Food Colour - Caramel IV. Contains Wheat and Milk. May Contain Traces of Soya"", ""Mustard"", ""Celery and Nuts.""]","[""gluten"", ""milk""]",[],,https://images.openfoodfacts.org/images/products/890/103/090/0150/front_en.3.400.jpg
Sprinkler Black Pepper,catch,plant-based-foods-and-beverages,8901192114006,,"[""50 g""]","[""BLACK PEPPER""]","[""-""]",[],,
Masala sev murmura,Balaji Wafers,snacks,8906010501259,,"[""48g""]","[""PUFFED RICE (45%)"", ""CHICKPEA FLOUR"", ""EDIBLE VEGETABLE OIL (CONTAINS ONE OR MORE OF THE FOLLOWINGS: PALMOLEIN"", ""RICE BRAN"", ""CORN"", ""COTTONSEED)"", ""RICE FLOUR"", ""**SEASONING [SPICES & CONDIMENTS 4% (CHILLI"", ""BLACK PEPPER"", ""CURRY LEAVES"", ""OREGANO"", ""COMPOUNDED ASAFOETIDA (WHEAT FLOUR"", ""GUM ACACIA"", ""ASAFOETIDA)"", ""CUMIN"", ""DRY MANGO"", ""GINGER)"", ""DEHYDRATED VEGETABLE POWDER (GARLIC"", ""TAMARIND"", ""ONION)"", ""EDIBLE COMMON SALT"", ""BLACK SALT"", ""SUGAR HYDROLYZED VEGETABLE PROTEIN (SOYA)"", ""FLAVOUR (NATURAL & NATURE IDENTICAL FLAVOURING SUBSTANCES)"", ""ACIDITY REGULATOR (INS 330)"", ""YEAST EXTRACT"", ""ANTICAKING AGENT (INS 551)"", ""FLAVOUR ENHANCER (INS 627"", ""INS 631) **AS FLAVOURING & SEASONING AGENT""]","[""gluten"", ""soybeans""]",[],,
Ghee,ashtavinayak,dairies,8908022080098,,"[""450 g""]","[""MILK FAT""]","[""milk""]",[],,https://images.openfoodfacts.org/images/products/890/802/208/0098/front_en.5.400.jpg
Britannia cake fruity fun,britannia,snacks,8901063363779,,"[""50g""]","[""REFINED WHEAT FLOUR (MAIDA)"", ""SUGAR"", ""EGGS"", ""HYDROGENATED VEGETABLE OIL & REFINED PALMOLEIN OIL"", ""FRUIT PRODUCTS (7.3%) (GLAZED FRUITS (PAPAYA CUTS"", ""SUGAR"", ""COLOURS (124 & 110)"", ""PINEAPPLE CUTS) & ORANGE PULP)"", ""HUMECTANTS (422 & 420 HIGH MALTOSE E SYRUP"", ""EDIBLE MAIZE STARCH"", ""PENTA CAKE (RAISING AGENTS 1450"", ""500m"", ""341"", ""341m)"", ""EMULSIFIERS (472e"", ""466"", ""435"", ""STABILIZER (412) & ACIDITY REGULATOR (330))"", ""RAISING AGENTS [34101"", ""500m) & 4500)"", ""NATURE IDENTICAL & ARTIFICIAL (MIXED FRUIT & VANILLA) FLAVOURING SUBSTANCES"", ""CAKE GEL (EMULSIFIERS AND STABILIZERS (471 & 477) AND HUMECTANT (420)"", ""IODISED SALT"", ""INVERT SUGAR SYRUP"", ""PRESERVATIVES (202&282)"", ""BAKING POWDER"", ""ACIDITY REGULATOR (330)"", ""STABILIZER (415) AND COLOUR (102). (Numbers in brackets as per International Numbering System) CONTAINS WHEAT AND EGGS""]","[""eggs"", ""gluten""]",[],,
butter,nandini,dairies,8906036670830,,"[""500""]","[""milk solids""]","[""milk""]",[],,
Horlicks Lite Regular Malt 450g pet,Horlicks,beverages-and-beverages-preparations,8901030824937,,"[""6""]","[""Cereal Extract (65%) [Barley (37%)"", ""Wheat (15%)"", ""Malted Barley (12%)"", ""Wheat Malt (1%)"", ""Milk Solids (17%)"", ""Corn Solids (Hydrolyzed)"", ""Minerals"", ""Soy Protein Isolate"", ""Wheat Gluten"", ""Nature Identical Flavouring Substances"", ""Vitamins"", ""Edible Iodized Salt"", ""Non-Caloric Sweetener [INS 950)"", ""Natural Flavour""]","[""gluten"", ""milk"", ""soybeans""]",[],,
Amrut Tea Classic Cookies,amrut-tea,snacks,8908018726184,,"[""20g""]","[""Wheat Floor"", ""whole Wheat Sugar"", ""Yeast"", ""Cardamom"", ""Fennel"", ""Vanaspati Ghee"", ""Palm Oil"", ""Milk Powder"", ""Custard Powder"", ""Salt""]","[""milk""]",[],,https://images.openfoodfacts.org/images/products/890/801/872/6184/front_en.3.400.jpg
Shots,cadbury,snacks,7622201448837,,"[""58 x 3.6g""]","[""Sugar"", ""Hydrogenated Oil"", ""Milk Solids"", ""Cocoa Solids"", ""Emulsifiers (442"", ""476)"", ""Stabilizer (414)"", ""Maltodextrin"", ""Glazing Agent (903)"", ""Colours (102"", ""133"", ""122"", ""110)"", ""Flavours (Natural"", ""Nature Identical and Artificial (Caramel and Vanilla) Flavouring Substances). Allergen Information: Contains Milk"", ""Sulphites. May Contain Wheat"", ""Soy.""]","[""milk"", ""sulphur dioxide and sulphites""]",[],,
Pitambari Ruchiyana Jaggery Powder,pitambari,sweeteners,8901468119780,,"[""500g""]","[""Jaggery Powder""]","[""sulphur dioxide and sulphites""]",[],,
Finger Millet Vermicelli,anil,plant-based-foods-and-beverages,8906042150074,,"[""180 g""]","[""Finger Millet (Ragi) Flour (50%)"", ""Samba Wheat Flour (30%) & Refined Wheat Flour (Maida) (20%) CONTAINS WHEAT""]","[""gluten""]",[],,https://images.openfoodfacts.org/images/products/890/604/215/0074/front_en.18.400.jpg
miloodles,grami,millet-noodles,0428557571635,,"[""180g (6.34 Oz.)""]","[""Whole Wheat Flour"", ""Ragi millet flour (35%)"", ""Salt"", ""Edible Calcium"", ""Cluster bean Powder & Starches. Contains: Wheat""]","[""gluten""]",[],,
Magnum Almond,kwality-wall-s,desserts,8901030739026,,"[""62 g""]","[""ICE CREAM: WATER"", ""MILK SOLIDS"", ""SUGAR"", ""LIQUID GLUCOSE"", ""EMULSIFIER - E471"", ""STABILISERS - E410"", ""E412 AND E407"", ""NATURAL COLOUR (BETA CAROTENE) AND NATURAL FLAVOURING SUBSTANCE"", ""OUTER LAYER: MILK COMPOUND COATING (24.85%): SUGAR"", ""COCOA BUTTER"", ""MILK SOLIDS"", ""COCOA SOLIDS"", ""COCONUT OIL"", ""EMULSIFIER - E322"", ""VANILLIN"", ""MILK COVERING CHOCOLATE* (8.28%): SUGAR"", ""COCOA BUTTER"", ""MILK SOLIDS"", ""COCOA SOLIDS"", ""EMULSIFIER - E322"", ""VANILLIN"", ""NUTS"", ""ALMONDS (4.73%).\r\n\r\n*MILK COVERING CHOCOLATE IS BELGIAN CHOCOLATE.\r\n\r\nContains Soy"", ""Milk and Almonds.\r\n\r\nMay contain Wheat"", ""Barley"", ""Peanuts and other tree nuts.""]","[""milk"", ""nuts"", ""soybeans""]",[],,
Pro Immunity Multi-source Edible Oil,fortune,plant-based-foods-and-beverages,8906008811902,,"[""1l""]","[""Physically Refined Rice Bran Oil (80%)"", ""Refined Sunflower Oil (20%)"", ""Permitted Antioxidants TBHQ (E-319) & Citric Acid (E-330)"", ""Permitted antifoaming agent DMPS (E-900a)"", ""Vitamins A & D""]","[""-""]",[],,https://images.openfoodfacts.org/images/products/890/600/881/1902/front_en.9.400.jpg
kissan fresh Tamato,kissan,condiments,8901030532719,,"[""500 g""]","[""WATER"", ""TOMATO PASTE (28%)"", ""SUGAR"", ""IODISED SALT"", ""ACIDITY REGULATOR - 260"", ""STABILIZERS - 1422"", ""415"", ""PRESERVATIVE - 211"", ""ONION POWDER"", ""GARLIC POWDER"", ""SPICES AND CONDIMENTS.""]","[""-""]",[],,
Eggless Mayonnaise,mrs-food-rite,condiments,8906029450081,,"[""100g""]","[""Water"", ""Refined Soybean Oil"", ""Sugar"", ""Liquid Glucose"", ""Milk Solids"", ""lodized Salt"", ""Thickeners (1442"", ""415)"", ""Acidity Regulators (260"", ""330)"", ""Antioxidant (319)"", ""Sequestrant (385)"", ""Preservatives (202"", ""211) CONTAINS PERMITTED CLASS II PRESERVATIVES (202"", ""211) CONTAINS MILK Nutritional Contents Energy (kcal) Protein (g) Fat (g) Saturated Fat (g)""]","[""milk"", ""soybeans""]",[],,
Masala oats,Saffola,meals,8901088068772,,"[""38g""]","[""Rolled Oats (74%)"", ""Maltodextrin"", ""lodised Salt"", ""Dried Vegetable [French Beans"", ""Onion (0.69%)"", ""Green Peas (0.47%)]"", ""Spices and Condiments (1.3%) [Coriander (0.34%)"", ""Cumin"", ""Turmeric"", ""Black Pepper (0.3%)"", ""Chilly"", ""Ginger"", ""Fennel"", ""Fenugreek"", ""Curry Leaf Powder (0.2%)]"", ""Hydrolysed Vegetable Protein"", ""Onion Powder"", ""Garlic"", ""Sugar"", ""Wheat Flour"", ""Flavour Enhancers (INS 627"", ""INS 631)"", ""Yeast Extract"", ""Acidity Regulators (INS 330)"", ""Natural and Nature - identical Flavouring Substances""]","[""gluten""]",[],,https://images.openfoodfacts.org/images/products/890/108/806/8772/front_en.12.400.jpg
Molsi's.Cashews,molsi-s,snacks,8906021062459,,"[""500g""]","[""Cashew""]","[""nuts""]",[],,
Himalaya Honey,apis,breakfasts,8906135091079,,"[""100g""]","[""Honey""]","[""-""]",[],,
Muesli,true-elements,plant-based-foods-and-beverages,8906112662803,,"[""1 Kg""]","[""Rolled Oats (35.4%)"", ""Wheat Flakes (25.6%)"", ""Millets (18.3% - Jowar)"", ""Seeds (13% - Flax"", ""Pumpkin)"", ""Almonds (5.3%)"", ""Freeze Dried Fruits (2.3% - Chikoo"", ""Fig"", ""Pineapple)"", ""Rosemary Extract.""]","[""gluten"", ""nuts""]",[],,https://images.openfoodfacts.org/images/products/890/611/266/2803/front_en.23.400.jpg
Paneer,thirumala,dairies,8906023642048,,"[""400 g""]","[""Milk Solids"", ""Preservative (Naturally sourced food protectant) -  INS 234""]","[""milk""]",[],,
Paneer,vallhabha,dairies,8908010643625,,"[""400 g""]","[""Milk Solids"", ""Vinegar & Glucono Delta Lactone (INS575)""]","[""milk""]",[],,
Peanut Roast Salted,sanjay-condiments,plant-based-foods-and-beverages,8908001954051,,"[""200 g""]","[""Roasted Peanuts"", ""lodised Salt""]","[""peanuts""]",[],,
Coconut Oil,bajaj,plant-based-foods-and-beverages,8906014762465,,"[""600 ml""]","[""Coconut Oil""]","[""-""]",[],,https://images.openfoodfacts.org/images/products/890/601/476/2465/front_en.5.400.jpg
Digestive High Bran Biscuits,cremica,snacks,8906078263588,,"[""1 kg""]","[""Refined Wheat Flour [(Maida (43%)]"", ""Edible Vegetable Oil (palm)"", ""Sugar"", ""Wheat Flour [Atta (15%)]"", ""Wheat Bran (3%). Invert Syrup"", ""lodised Salt"", ""Raising Agents [INS 503(ii)"", ""INS 500(ii)) Wheat Gluten"", ""Malt Extract"", ""Acidity Regulators (INS 296"", ""INS 450(i). INS 334)"", ""Dough Conditioner (INS 223).""]","[""gluten""]",[],,
Raw Pressery 250ml pet Sugarcane Juice,raw-pressery,beverages-and-beverages-preparations,8904258700557,,"[""250 ml""]","[""SUGARCANE JUICE (94%)"", ""LEMON JUICE"", ""ANTIOXIDANT [(VITAMIN C-INS 300)"", ""INS 224] CONTAINS NATURALLY OCCURING SUGARS""]","[""-""]",[],,https://images.openfoodfacts.org/images/products/890/425/870/0557/front_en.3.400.jpg
Premium Burger Buns,mr-bakewell,plant-based-foods-and-beverages,8908014814083,,"[""160 g""]","[""Refined Wheat Flour (Maida)"", ""Water"", ""Sugar"", ""Yeast"", ""Refined Palm Oil"", ""lodized Salt"", ""Flour Improver"", ""Emulsifiers DATEM (INS472e)"", ""Calcium Propionate (INS282)"", ""Gluten.""]","[""gluten""]",[],,
Mexican Lime Corn Turtle Chips,orion,snacks,8906130900536,,"[""35 g""]","[""CORN FLOUR (60%)"", ""EDIBLE VEGETABLE OIL (PALMOLEIN OIL & RAPESEED OIL)"", ""SEASONING [EDIBLE COMMON SALT"", ""MALTODEXTRIN"", ""SUGAR"", ""RICE FLOUR"", ""SPICES & CONDIMENTS (CHILLL (0.5%))"", ""HYDROLYZED SOY PROTEIN"", ""ONION POWDER"", ""ACIDITY REGULATOR (INS 330 & INS 296)"", ""NATURAL & NATURE IDENTICAL FLAVOURING SUBSTANCES"", ""EDIBLE VEGETABLE OIL (PALM)"", ""TOMATO SOLIDS"", ""FLAVOUR ENHANCER (INS 627 &INS 631)"", ""ANTICAKING AGENT (INS 551)"", ""GARLIC POWDER"", ""THICKENING AGENT (INS 414)"", ""NATURAL COLOUR (INS 150c)"", ""LEMON & LIME OIL (0.01%))"", ""RAISING AGENT (INS 500)""]","[""soybeans""]",[],,
Lactogen 1,Nestlé,baby-foods,8901058901689,,"[""400 g""]","[""Milk Solids (62.1%)"", ""Demineralised whey(21.1%)"", ""soybean oil"", ""minerals"", ""low erucic rapeseed oil"", ""coconut oil"", ""high oleic sunflower oil"", ""sunflower oil"", ""emulsifier (soya lecithin)"", ""vitamin"", ""probiotic"", ""taurine"", ""acidity regulator"", ""l-carnitine"", ""chlorine bitartrate""]","[""milk"", ""soybeans""]",[],,https://images.openfoodfacts.org/images/products/890/105/890/1689/front_en.3.400.jpg
Aloo Bhujia Tana-Tan,bikaji,spicy-potato-noodle-snack,8906005500335,,"[""40g""]","[""Edible Vegetable Oil (Palmolein Oil"", ""Cottonseed Oil)"", ""Dehydrated Potato Flakes (20%)"", ""Gram Flour"", ""Dew Bean Flour (Moth Flour)"", ""Potato Starch (4%)"", ""Tapioca Starch"", ""Ground Spices & Condiments (Iodised Salt"", ""Dry Mango"", ""Red Chilli"", ""Ginger"", ""Black Pepper"", ""Cardamom"", ""Cumin"", ""Clove"", ""Turmeric (Colouring & Spices)"", ""Dehydrated Vegetable Powder (Tomato"", ""Onion"", ""Garlic)"", ""Black Salt"", ""Mace"", ""Nutmeg"", ""Cinnamon"", ""Extracts & Oils (Peppermint"", ""Spearmint"", ""Lemon"", ""Red Chilli"", ""Onion"", ""Cumin)"", ""Acidity Regulator (INS 296))"", ""Anticaking Agent (INS 551) CONTAINS: ADDED FLAVOURS (NATURAL AND NATURAL IDENTICAL FLAVOURING SUBSTANCES)""]","[""-""]",[],,
Idly and Dosa Batter,mr-bakewell,plant-based-foods-and-beverages,8908014814397,,"[""1kg""]","[""Ro-purified Water"", ""Rice"", ""Urad Dal"", ""Fenugreek and lodised Salt.""]","[""-""]",[],,
milkmaid 100+ recipes,Nestlé,dairies,8901058903959,,"[""380 g""]","[""Milk solids and Sugar.""]","[""milk""]",[],,https://images.openfoodfacts.org/images/products/890/105/890/3959/front_en.5.400.jpg
Good Life Fig Anjeer 100g,good-life,plant-based-foods-and-beverages,8902901224108,,"[""100g""]","[""Fig(Anjeer)""]","[""-""]",[],,
Classic Curd,mother-diary,dairies,8901648021537,,"[""100 g""]","[""Toned Milk Water"", ""Milk Solids and Active Lactic Culture 100 g & Per Serve & ROL Energy: 62 lical (3.1% RDA)"", ""Protein:  g Carbohydrate: 5 Total Surgars: 5gr Added Sugars: 0.0 g (0% RDA)"", ""Total Fat 3 g (4.5% RDA)"", ""Saturated Fat: 2.1 g (9.5% RDA)"", ""Cholesterol:  mg Cacium: 168 mg Sodium: 47.6 mg (2.4% RDA) Serving Sa: 100 g Number of Servings in the Pack 2 Provides Calcium Goor for strong Bones and Teeth Supes Proteins Hey maintain active life and growth P Tasty and Delicious Everybody loves it! NET QUANTITY: He Digestion Supports digestive system in gut PT 200 g $ PS RECYCLABLE""]","[""milk""]",[],,
Malgudi fresh filter coffee,continental,plant-based-foods-and-beverages,8901036393185,,"[""500g""]","[""coffee 80%"", ""Chicory 20%""]","[""-""]",[],,https://images.openfoodfacts.org/images/products/890/103/639/3185/front_en.3.400.jpg
WeiKFiELD,weikfield,dairies,8901808000068,,"[""100""]","[""Maize Starch"", ""Iodized Salt"", ""Artificial Flavouring Substance(Vanilla)"", ""Synthetic Food Colours (INS 102"", ""110"", ""122)""]","[""-""]",[],,
Fruit Yogurt Blueberry,milky-mist,dairies,8904083302100,,"[""100 g""]","[""Milk & Milk Solids"", ""Sugar"", ""Active Lactic Culture (Lbacillus delbrueckii subsp. bulgaricus"", ""S.thermophilus)"", ""Stabilizing agent (INS 440)"", ""Fruit Content (6%) from Blueberry preparation (Blueberry Fruit"", ""Sugar"", ""Water"", ""Stabilizer (INS 440)"", ""Acidifying agent (INS 330)"", ""Preservative (INS 202))"", ""Colours (INS 122"", ""INS 133)"", ""Flavor (Nature - Identical Flavoring Substances - Blueberry). Allergen Information: Contains Milk. Manufactured & Marketed by: MILKY MIST DAIRY FOOD PRIVATE LIMITED SF No.: 43/1"", ""2"", ""3"", ""Pattakaranpalayam Village"", ""Perundurai Taluk - 638 057"", ""Erode District"", ""fssai Tamil Nadu"", ""India. Lic. No. 10017042003191 FOR FEEDBACK/ QUERIES CONTACT OUR CUSTOMER CARE EXECUTIVE TOLL FREE NUMBER 1800-419-9000 OR CONTACT AT MFD. & MARKETED BY ADDRESS Write to us: / visit us at: www.milkymist.com Net Quantity: 100 g For Batch No."", ""Date of Packaging"", ""Expiry Date MRP (incl. of all taxes) - SEE TOP OF THE PACK""]","[""milk""]",[],,
Amul Kool Kesar Flavour 180ml,amul,beverages-and-beverages-preparations,8901262152211,,"[""180ml""]","[""Milk solids"", ""sugar"", ""artificial flavouring substances (cream flavour"", ""saffron flavour"", ""almond flavour)"", ""E102"", ""E110""]","[""milk""]",[],,https://images.openfoodfacts.org/images/products/890/126/215/2211/front_en.43.400.jpg
Happydent wave,-,snacks,8901393019469,,"[""28.9g""]","[""Polyols (Maltitol"", ""Xylitol (6.5%)"", ""Sorbitol)"", ""Gum Base"", ""Humectant (INS 422)"", ""Thickeners (INS 1405"", ""INS 466)"", ""Flavours (Nature-Identical and Artificial (Mint) Flavouring Substances)"", ""Sweetener (INS 951)"", ""Strawberry Fruit Powder"", ""Emulsifiers (INS 322"", ""INS 473"", ""INS 471"", ""INS 415)"", ""Acidity Regulators (INS 334"", ""INS 330). Glazing Agents (INS 903"", ""INS 901"", ""INS 904)"", ""Antioxidant (INS 321)"", ""Colour (INS 122)""]","[""-""]",[],,
Tasty+,Saffola,plant-based-foods-and-beverages,8901088002530,,"[""820 g""]","[""PHYSICALLY REFINED RICE BRAN OIL"", ""REFINED CORN OIL"", ""ANTIOXIDANTS (INS 319"", ""330)"", ""VITAMINS"", ""ANTI FOAMING AGENT (INS 900a)""]","[""-""]",[],,
Masala noodles,snactac,plant-based-foods-and-beverages,8904132912847,,"[""70g""]","[""INSTANT NOODLES (91%): REFINED WHEAT FLOUR (MAIDA)"", ""REFINED PALM OIL"", ""iODISED SALT"", ""ACIDITY REGULATORS(E500"", ""E 501(i)"", ""E 451)"", ""THICKENER (E 412)& ANTIOXIDANT (E319)"", ""SEASONING (MASALA) (9%): iODISED SALT"", ""SUGAR"", ""MIXED SPICES (15.5%)[ (RED CHILLI"", ""TURMERIC"", ""CORIANDER"", ""CUMIN"", ""BLACK PEPPER"", ""GINGER"", ""FENUGREEK"", ""NUTMEG"", ""GREEN CARDAMOM"", ""CLOVE)]"", ""ONION POWDER"", ""INSTANT NOODLES POWDER (REFINED WHEAT FLOUR (MAIDA) REFINED PALM OIL"", ""IODISED SALT"", ""ACIDITY REGULATORS (E 500(i)"", ""E 501(i)"", ""E 451 (i)"", ""THICKENER (E 412) & ANTIOXIDANT (E 319)"", ""HYDROLYSED VEGETABLE PROTEIN (SOYA)"", ""TOMATO POWDER"", ""ACIDITY REGULATORS (E 170"", ""E 330)"", ""GARLIC POWDER"", ""NATURE IDENTICAL FLAVOURING SUBSTANCES(MASALA)"", ""FLAVOUR ENHANCERS (E 631"", ""E 627). ALLERGEN INFORMATION: CONTAINS _WHEAT_"", ""_SOY_"", ""MAY CONTAIN _MILK_"", ""_NUTS_.""]","[""gluten"", ""soybeans""]",[],,https://images.openfoodfacts.org/images/products/890/413/291/2847/front_en.7.400.jpg
Veg Atta Masala Noodles,Maggi,plant-based-foods-and-beverages,8901058902839,,"[""290 g""]","[""Wheat flour (atta) (85.3%)"", ""Palm oil"", ""lodised salt"", ""Thickeners (508"", ""412)"", ""Humectants (451(1)"", ""452(i)) and Acidity regulators (501(i)"", ""500 (i))"", ""Mixed spices (22"", ""5%)"", ""(&quot"", ""Roasted spice mix powder (6.6%) (Coriander"", ""Turmeric"", ""Cumin"", ""Aniseed"", ""Black pepper"", ""Fenugreek"", ""Ginger"", ""Green cardamom"", ""Cinnamon"", ""Clove"", ""Nutmeg"", ""Bay leaf & Black cardamom)"", ""Onion powder"", ""Garlic powder"", ""Red chilli powder"", ""Red chilli bib"", ""Coriander powder"", ""Turmeric powder"", ""Ginger powder"", ""Aniseed powder"", ""Black pepper powder"", ""Cumin powder"", ""Cumin"", ""fenugreek powder"", ""Capsicum extract"", ""Compounded asafoetida"", ""Star anise powder"", ""Coriander extract & Cumin extract) Dehydrated Vegetables (16.7%) (Carrot bits (8.5%) & Green peas (8.2%))"", ""Toasted onion flakes (Onion (12.4%) & Corn oil)"", ""Refined wheat flour (Maida)"", ""Sugar"", ""lodised salt"", ""Toasted onion powder (Onion (5.9%) & Corn oil)"", ""Thickener (508)"", ""Palm oil"", ""Flavour enhancer (635)"", ""Yeast extract powder"", ""Dehyciated kasuri methi leaves Starch"", ""Acidity regulator (330)"", ""Mineral and Wheat gluten. Contains Wheat. May contains Milk Oats and Soy.""]","[""gluten"", ""soybeans""]",[],,
SAFOLA ACTIVE - MULTI-SOURCE EDIBLE OIL,Saffola,plant-based-foods-and-beverages,8901088034593,,"[""1l""]","[""PHYSICALLY REFINED RICE BRAN OIL"", ""REFINED SOYA BEAN OIL"", ""ANTIOXIDANTS (INS 319"", ""330)"", ""VITAMINS"", ""ANTI FOAMING AGENT (INS 900a).""]","[""soybeans""]",[],,
Jimjam 57g (57),britannia,snacks,8901063029255,,"[""57 g""]","[""REFINED WHEAT FLOUR (MAIDA)"", ""SUGAR (24%)"", ""REFINED PALM OIL & INTERESTERIFIED VEGETABLE FAT"", ""INVERT SUGAR SYRUP"", ""DEXTROSE"", ""MILK PRODUCTS (MILK SOLIDS & SWEETENED CONDENSED MILK)"", ""EDIBLE MAIZE STARCH"", ""MALTODEXTRIN"", ""FRUIT PRODUCTS (0.7%) (APPLE JUICE CONCENTRATE"", ""BANANA POWDER & PLUM JUICE CONCENTRATE)"", ""IODISED SALT"", ""EMULSIFIERS [322(i) & 471]"", ""RAISING AGENTS [503(ii) & 500(ii)]"", ""NATURE IDENTICAL AND ARTIFICIAL (MIXED FRUIT"", ""VANILLA & BUTTER) FLAVOURING SUBSTANCES"", ""ACIDITY REGULATORS (330 & 331)"", ""GELLING AGENT (440) AND COLOUR (122). (Numbers in brackets as per International Numbering System) CONTAINS WHEAT"", ""MILK AND SOYA. ydrate-73g"", ""of which Total 31 Total Fat-19g/141 no unsaturated fatty acids-7.29 fss Lic. No. 10015 100120260N For Mfg unit address & Lic. No. read the last two characters of CWALIOR 474005"", ""MADHYA PRADESH Lic. No. the &quot"", ""Lot No. and see address panel. 06-1.8. MANGHARAM FOODS 01129""]","[""gluten"", ""milk"", ""soybeans""]",[],,
Italiano Tradizionale,keya,plant-based-foods-and-beverages,8906066202124,,"[""500 g""]","[""Durum Wheat Semolina""]","[""gluten""]",[],,https://images.openfoodfacts.org/images/products/890/606/620/2124/front_en.3.400.jpg
Peanut Butter Creamy,disano,plant-based-foods-and-beverages,8906047529523,,"[""350g""]","[""Roasted Peanuts (91%) Sugar"", ""Stabilizer (INS471)"", ""lodised Salt. 31 Category :4.2.2.5 (Proprietary Food - Peanut Butter) Allergen Information: Contains Nuts. Manufactured in facility that also processes other nuts. 3.84 3.36 23.40 13.09 0.0""]","[""nuts"", ""peanuts""]",[],,
B-Protin Chocolate Flavour,british-biologicals,dietary-supplements,8906011145018,,"[""200g""]","[""Proprietary blend of high quality protein (Whey protein concentrate"", ""Soy protein isolate). Skimmed milk powder"", ""Sucrose"", ""Maltodextrin"", ""Malt extract"", ""Natural cocoa powder"", ""Inulin (Dietary fibre)"", ""Oleic sunflower oil powder"", ""Minerals"", ""Vitamins""]","[""milk"", ""soybeans""]",[],,
Peanut Butter 100% Natural Creamy,sundrop,plant-based-foods-and-beverages,8901512144201,,"[""924 g""]","[""Roasted Peanuts""]","[""peanuts""]",[],,https://images.openfoodfacts.org/images/products/890/151/214/4201/front_en.3.400.jpg
Potato Chips Salted,bingo,plant-based-foods-and-beverages,8901725007096,,"[""21.4g""]","[""POTATO (89.1%)"", ""*EDIBLE VEGETABLE OIL AND IODIZED SALT (0.42%).""]","[""-""]",[],,
Tea masala,dmart,condiments,8903363003058,,"[""50gm""]","[""Dry Ginger"", ""Black Pepper"", ""Cardamom"", ""Peepramul"", ""Nutmeg"", ""Clove & Cinnamon.""]","[""-""]",[],,
Tea masala,vichare,plant-based-foods-and-beverages,8908003197265,,"[""50gm""]","[""Cinnamon"", ""Black pepper"", ""Clove"", ""Tej patta"", ""Laving patta"", ""Dry ginger"", ""Jaifal"", ""Cardamom"", ""Pipermul""]","[""-""]",[],,https://images.openfoodfacts.org/images/products/890/800/319/7265/front_en.5.400.jpg
Whole Wheat Chapati,id,plant-based-foods-and-beverages,8906020580138,,"[""400 g""]","[""Wheat Flour (Atta"", ""56%)"", ""RO-Purified Water"", ""Edible Vegetable Oil (Sunflower and Soyabean Oil)"", ""Iodized Salt"", ""Natural Improver and Sugar.""]","[""gluten"", ""soybeans""]",[],,
Wagh bakri tea,wagh-bakri,beverages-and-beverages-preparations,8901747001553,,"[""250gm""]","[""Tea""]","[""-""]",[],,
masala masti,balaji,plant-based-foods-and-beverages,8906010500047,,"[""15g""]","[""potato 87%"", ""edible vegetable oil"", ""sugar"", ""spices and condiments"", ""edible common salt"", ""black salt""]","[""-""]",[],,
sugar,parry-s,sweeteners,8906009011318,,"[""500g""]","[""Sugar""]","[""-""]",[],,https://images.openfoodfacts.org/images/products/890/600/901/1318/front_en.7.400.jpg
Maggi,Maggi,plant-based-foods-and-beverages,8901058000269,,"[""280g""]","[""Noodles: Refined wheat flour (Maida)"", ""Paim oil"", ""lodized salt"", ""Wheat gluten"", ""Thickeners (508&412)"", ""Acidity regulators (501 (i) & 500 (i) and Humectant (451 (i)). Masala *TASTEMAKER®: Mixed spices (25.6%) (Onion powder Coriander powder"", ""Turmerie newder"", ""Red chilli powder"", ""Garlic powder Cumin powder"", ""Aniseed powder"", ""powder"", ""Fenugreek powder"", ""Black pepper powder"", ""Clove powder"", ""Green cardamom powder & Nutmeg powder)"", ""Refined wheat flour (Maida)"", ""Hydrolysed groundnut protein"", ""Sugar"", ""Palm oil"", ""Starch"", ""lodized salt"", ""Thickener (508)"", ""Flavour enhancer (635)"", ""Toasted onion flakes"", ""Acidity regulator (330)"", ""Colour (150d)"", ""Mineral and Wheat gluten. Contains Wheat & Nut. May Contains Milk"", ""Mustard"", ""Oats And Soy. #Lets toMAGGI""]","[""gluten"", ""milk"", ""mustard"", ""soybeans""]",[],,
Milma Pride,milma,dairies,8906137050036,,"[""500 ml""]","[""Milk""]","[""milk""]",[],,
Organic Farm Fresh Cow Milk,akshayakalpa-organic,dairies,8908003249063,,"[""500 ml""]","[""Organic Cow Milk""]","[""milk""]",[],,https://images.openfoodfacts.org/images/products/890/800/324/9063/front_en.3.400.jpg
Organic Cow Milk Pasteurized,akshayakalpa-organic,dairies,8908003249391,,"[""500 ml""]","[""Organic Cow Milk""]","[""milk""]",[],,
Peanut Spread Creamy,amul,plant-based-foods-and-beverages,8901262010511,,"[""300g""]","[""Roasted peanut (91%)"", ""sugar (5%)"", ""edible vegetable oil (groundnut oil)"", ""iodized salt"", ""stabilizer (471).""]","[""nuts"", ""peanuts""]",[],,
badam flavored milk,dodla,beverages,8906024484142,,"[""200ml""]","[""Milk Solids"", ""Sugar & Water. Contains Permitted Synthetic Food Colours (INS 102 & INS 110) And Added Nature-identical Flavour (Badam)""]","[""milk""]",[],,https://images.openfoodfacts.org/images/products/890/602/448/4142/front_en.11.400.jpg
Toned Milk a+,Nestlé,dairies,8901058869262,,"[""1000 ml""]","[""Milk""]","[""milk""]",[],,
Cream bell java coffee Milk shake,cream-bell,beverages-and-beverages-preparations,4906424418420,,"[""180ml""]","[""Double Toned Milk (82%)"", ""Potable Water"", ""Sugar"", ""Milk Solids"", ""Coffee Powder (0.4%)"", ""Emulsifying Agents(INS 471) &Stabilizing Agents (INS 407"", ""412"", ""415)"", ""Acidity Regulators (INS 340 (ii)"", ""340 (iii)"", ""452)"", ""Colour (INS 150d) and Flavour (Nature-Identical Favouring Substances (Coffee)}""]","[""milk""]",[],,
Milkybar,Nestlé,snacks,8901058029949,,"[""24.5g""]","[""Milk solids (35%)"", ""Sugar"", ""Hydrogenated vegetable fats"", ""Fractionated vegetable fat"", ""Emulsifier (Soya lecithin) and Nature-Identical flavouring substance.\nAllergen Note: Contains Milk"", ""soy and Sesame. \nMay Contain Oats"", ""Wheat"", ""Nut and Barley.""]","[""milk"", ""sesame seeds"", ""soybeans""]",[],,
Mixed Fruit Jam,-,plant-based-foods-and-beverages,8904234100616,,"[""480g""]","[""Sugar"", ""Water"", ""Mixed Fruit Pulp (45%) [Pear Pulp"", ""Mango Pulp"", ""Pineapple Pulp"", ""Apple Juice"", ""Orange Juice"", ""Strawberry Pulp"", ""Thickener (INS 440)"", ""Acidity Regulator (INS 330)"", ""Preservatives (INS 202 INS 211)"", ""Natural and Nature-Identical Flavours"", ""Synthetic Food Colour""]","[""-""]",[],,https://images.openfoodfacts.org/images/products/890/423/410/0616/front_en.5.400.jpg
L-Gycine Powder,nutrija,dietary-supplements,7734883569486,,"[""250 grams""]","[""L-Glycine NO Artificial Ingredients"", ""Fillers"", ""Chemicals"", ""Color Additives"", ""Binders or Preservatives. V MADE WITHOUT""]","[""none""]",[],,
Marine Collagen Orange,naturaltein,dietary-supplements,8939116155064,,"[""300g""]","[""Fish Collagen 75%"", ""Orange Powder"", ""Lemon Powder"", ""Vitamin & Mineral Mix Natural Flavouring Substances"", ""Turmeric Extract (Curcumin)"", ""Stevia Extract (INS 960)"", ""Thaumatin (E 957)"", ""Added Natural Flavouring Substances""]","[""-""]",[],,
Palada Payasam Mix,unitaste,cooking-helpers,8903666002765,,"[""300 g""]","[""Sugar"", ""Refined Wheat Pasta (Ada) المكونات سكر ، مكرونة قمح مكرر ، الكاجو، الزبيب، يحتوي على القمح والزبيب وجوز الكاجو معلومات مسببة للحساسية الهيل، الساجو. Storage""]","[""-""]",[],,https://images.openfoodfacts.org/images/products/890/366/600/2765/front_en.3.400.jpg
tanveer,mir,9103031691,0009103031691,,"[""ah""]","[""9103031691""]","[""-""]",[],,
Indian Raisins,ashapura-agrocomm,plant-based-foods-and-beverages,8908017778887,,"[""500gm""]","[""Raisins""]","[""-""]",[],,
Sunfeast 5-grain Digestive,itc,snacks,8901725016562,,"[""800g""]","[""REFINED WHEAT FLOUR (MAIDA) (37.8%)"", ""REFINED PALM OIL"", ""JOWAR FLOUR (13.87 %)"", ""SUGAR"", ""WHEAT BRAN (5.88%)"", ""INVERT SYRUP"", ""RAGI FLOUR (2.1%)"", ""LIQUID GLUCOSE"", ""MILK SOLIDS"", ""CORN FLAKES (0.97%)"", ""RAISING AGENTS (INS 503"", ""INS 500(ii))"", ""IODIZED SALT"", ""ROLLED OATS (0.42%)"", ""EMULSIFIERS [LECITHIN (FROM SOYABEAN)"", ""MOND-AND DI-GLYCERIDES OF FATTY ACIDS (FROM PALM OIL)"", ""DIACETYLTARTARIC AND FATTY ACID ESTERS OF GLYCEROL (FROM REFINED SUNFLOWER AND PALM OIL))"", ""NATURAL FLAVOURS AND NATURAL FLAVOURING SUBSTANCES"", ""ARTIFICIAL FLAVOURING SUBSTANCES (MILK"", ""MALT"", ""VANILLA) AND NATURE IDENTICAL FLAVOURING SUBSTANCES""]","[""gluten"", ""milk"", ""soybeans""]",[],,https://images.openfoodfacts.org/images/products/890/172/501/6562/front_en.3.400.jpg
Tata Simply Better Cold Pressed Groundnut Oil,simply-better,ground-nut-oil,8904043906928,,"[""1L""]","[""100% Cold Pressed Groundnut Oil""]","[""-""]",[],,
Tata Tea Agni,tata-tea,beverages-and-beverages-preparations,8901052034598,,"[""100g""]","[""Tea (99%)"", ""Natural Flavour""]","[""-""]",[],,
MuscleTech 100% Whey Isolate,muscletech,dietary-supplements,0631656260175,,"[""1.81kg""]","[""Whey Protein Isolate (91%)"", ""Natural and Artificial Flavours (Chocolate"", ""Vanilla)"", ""Cocoa (Processed with Alkali)"", ""Gum Blend (Cellulose Gum [Stabilizer]"", ""Xanthan Gum (Emulsifier)"", ""(0.6%) (Saccharomyces boulardii"", ""Amylase [from Aspergillus flavus var. oryzae"", ""Whole]"", ""Papain Carrageenan [Emulsifier])"", ""Soy or Sunflower Lecithin (Emulsifier)"", ""Probiotic and Enzyme Blend [from Carica papaya"", ""Fruit])"", ""Salt (Flavour Enhancer)"", ""Sucralose (Sweetener)"", ""Vitamin and Mineral Blend (0.2%) (L-Ascorbic Acid"", ""Zinc Oxide"", ""Nicotinamide"", ""Ergocalciferol"", ""Calcium D-Pantothenate"", ""D-Biotin"", ""Pyridoxine Hydrochloride"", ""Cyanocobalamin"", ""Riboflavin"", ""Thiamine Hydrochloride"", ""Folic Acid)"", ""Silicon Dioxide (Anti-Caking Agent). Allergen Warning: Contains milk and soy ingredients. Processed in a facility that also processes tree nuts and fish ingredients. This product contains sucralose (INS 955). CONTAINS NON-CALORIC SWEETENER. DIRECTIONS: Mix 1 serving (1 scoop) in 200 mL of cold water or skim milk in a shaker cup. Use between major meals or before and after exercise. Take up to 2 servings per day. Read the entire label before use and follow directions provided. Recommended Dose: 2 servings per day. Whey Protein Isolate with Probiotic Powder WARNING: NOT FOR MEDICINAL USE. For adult use only"", ""not recommended for children. Product is not to be used as a substitute for a varied diet. Do not use if you are pregnant or nursing. Consult a medical doctor before use if you have a medical condition or before starting a diet or exercise program. Do not exceed the recommended daily usage. KEEP OUT OF REACH OF CHILDREN. 100% WHEY ISOLATE AMINO ACID PROFILE Per Serving Per 100g Glutamic acid Glycine Alanine Arginine 0.5g 1.2g 3.8g 1.6g Aspartic acid 2.8g 8.99 Cysteine 0.6g 1.99 Glutamine / 4.3g 13.69 0.5g 1.69 Histidine 0.4g 1.3g Isoleucine 1.7g 5.40 Leucine 2.7g 8.59 Lysine 2.6g 8.20 Methionine 0.6g 1.99 Phenylalanine 0.7g 2.20 4.79 Proline 1.5g 3.59 Serine 1.19 5.49 Threonine 1.7g 1.69 Tryptophan 0.5g 2.20 Tyrosine 0.79 4.19 1.3g Valine with.""]","[""milk"", ""soybeans""]",[],,
Lemon Flavoured 2ltr,campa,beverages-and-beverages-preparations,8904132952621,,"[""2L(2000ml)""]","[""CARBONATED WATER"", ""SUGAR"", ""ACIDITY REGULATORS (E 330"", ""E 331(iii))"", ""PRESERVATIVE (E 211)"", ""NATURE IDENTICAL FLAVOURING SUBSTANCES""]","[""-""]",[],,https://images.openfoodfacts.org/images/products/890/413/295/2621/front_en.6.400.jpg
Soya Sticks,haldiram-s,snacks,8904004420111,,"[""400g""]","[""Tapioca Starch"", ""Refined Palmolein Oil"", ""Soya Flour (9%)"", ""Split Pulse Urad (Urad Dal) Flour"", ""Mixed Spices (Refined Sugar"", ""Edible Common Salt"", ""Maltodextrin"", ""Black Salt"", ""Red Chilli Powder"", ""Dried Mango Powder"", ""Onion Powder"", ""Glucose Powder"", ""Preservative (INS 262i)"", ""Coriander Powder"", ""Cumin Powder"", ""Fennel"", ""Whey Powder"", ""Ginger Powder"", ""Garlic Powder"", ""Clove Powder"", ""Yeast Extract"", ""Pipal"", ""Black Pepper"", ""Acidity Regulator (INS 296)"", ""Flavour Enhancer (INS 627"", ""INS 631)"", ""Turmeric Powder"", ""Anticaking Agent (INS 551)"", ""Bay Leaf"", ""Acidity Regulator (INS 330)"", ""Colour (INS 160c)"", ""Nutmeg"", ""Capsicum Powder"", ""Cinnamon"", ""Asafoetida)"", ""Hydrogenated Vegetable Oil (Vanaspati)"", ""Natural Flavouring Substance And Nature Identical Flavouring Substance""]","[""milk"", ""soybeans""]",[],,
Dexolac 1,nutricia,dairies,8906048501511,,"[""200 g""]","[""Partially Skimmed Milk"", ""Lactose"", ""Edible Vegetable Oils (Corn Oil & Canola Oil)"", ""Demineralised Whey and Whey Solids"", ""Fructo-Oligosaccharides"", ""Minerals#"", ""Emulsifier (Soya Lecithin)"", ""Vitamins*"", ""Acidity Regulator (Sodium Hydroxide)"", ""Choline"", ""Taurine"", ""L-Camitine"", ""Antioxidant (Mixed Tocopherols).""]","[""milk"", ""soybeans""]",[],,
Cow Milk Dahi Low Fat,sarda-farms,dairies,8908006061099,,"[""400 g""]","[""Low fat cow milk"", ""active culture""]","[""milk""]",[],,https://images.openfoodfacts.org/images/products/890/800/606/1099/front_en.7.400.jpg
peanut chikki,karia-s,snacks,8906036300027,,"[""100 g""]","[""Peanut"", ""Jaggery and Liquid Glucose Contains Added Flavour (Nature Identical & Artificial Flavouring Substances-Vanilla). Contains Peanut Allergen information: This product was manufactured in a plant that also processes product containing peanuts"", ""almonds"", ""pistachio"", ""tree nuts and sesame.""]","[""nuts"", ""peanuts"", ""sesame seeds""]",[],,
Masala Veg Atta noodles,Nestlé,plant-based-foods-and-beverages,8901058007213,,"[""72.5g""]","[""Noodles: Resultant Wheat Flour (Resultant Atta) (84.2%)"", ""Palm oil"", ""lodized salt"", ""Wheat gluten"", ""Thickeners (508 & 412)"", ""Humectants (451(i)&452(i)) and Acidity regulators (501(i) & 500 (i)\r\nMasala TASTEMAKER: Mixed spices (22.5%) ('Roasted spice mix powder (6.6%) (Coriander"", ""Turmeric"", ""Cumin"", ""Aniseed"", ""Black pepper"", ""Fenugreek"", ""Ginger"", ""Green cardamom"", ""Cinnamon"", ""Clove"", ""Nutmeg"", ""Bay leaf"", ""Black cardamom)"", ""Onion powder"", ""Garlic powder"", ""Red chilli powder"", ""Red chilli bits"", ""Coriander powder"", ""Turmeric powder"", ""Ginger powder"", ""Aniseed powder"", ""Black pepper powder"", ""Cumin powder"", ""Cumin"", ""Fenugreek powder"", ""Capsicum extract"", ""Compounded asafoetida"", ""Star anise powder"", ""Coriander extract & Cumin extract)"", ""Dehydrated Vegetables (16.7%) (Carrot bits (8.5%)"", ""Green peas (8.2%))"", ""Toasted onion flakes (Onion (12.4% )"", ""Corn oil)"", ""Resultant Wheat Flour (Resultant Atta)"", ""Sugar"", ""lodized salt"", ""Toasted onion powder (Onion (5.9%)"", ""Corn oil)"", ""Thickener (508)"", ""Palm oil"", ""Flavour enhancer (635)"", ""Yeast extract powder"", ""Starch"", ""Dehydrated kasuri methi leaves"", ""Acidity regulator (330)"", ""Wheat gluten and Mineral. Contains Wheat May contains Milk"", ""Oats and Soy.""]","[""gluten"", ""soybeans""]",[],,
toasted millet muesli dark chocolate and orange peel,monsoon-harvest,toasted-millet-muesli,0784927149447,,"[""250g""]","[""Rolled Oats 47.55%"", ""Dark Chocolate 30.89% (Cocoa Powder"", ""Cocoa Nibs"", ""Cocoa Butter"", ""Butter"", ""Sugar"", ""Milk Powder"", ""Soya Lecithin"", ""Vanilla). Millets 9.6% (Sorghum (Jowar) Flakes"", ""Finger Millet (Ragi) Flakes)"", ""Almonds 7.5%"", ""Orange Peel 3.55%"", ""Flax Seeds"", ""Orange Oil 0.24%"", ""Natural Mixed Tocopherols (E307b) Allergen Information: Contains milk"", ""nuts and seeds""]","[""milk"", ""nuts"", ""soybeans"", ""seeds""]",[],,https://images.openfoodfacts.org/images/products/078/492/714/9447/front_en.21.400.jpg
Ice Cream Sandwich Vanilla,amul,desserts,8901262178259,,"[""80ml, 53g""]","[""Inner Layer - Ice Cream (57%): Milk solids"", ""sugar"", ""dextrose"", ""emulsifiers (471"", ""491)"", ""stabilizers (407"", ""412)"", ""artificial flavouring substances (vanilla)"", ""Outer Layer - Biscuit (43%): Refined wheat flour"", ""sugar"", ""palm oil"", ""cocoa solids"", ""maltodextrin"", ""iodized salt"", ""raising agents [500 (ii)"", ""503 (ii)]"", ""antioxidant (319)"", ""emulsifier (322)"", ""artificial flavouring substances (vanilla)"", ""colour (150d).""]","[""gluten"", ""milk""]",[],,
Digestive,McVitie's,snacks,8906033742455,,"[""75g""]","[""Refined Wheat Flour (Maida) (40.6%)"", ""Wheat Flour (Atta) (18.3%)"", ""Edible Vegetable Oil(Palm)"", ""Polyols [INS 965(ii). INS 965(i)]"", ""Oligofructose(6.5%)"", ""Raising Agents [INS 500(ii)"", ""INS 503(ii)"", ""INS 450(i)]"", ""Calcium Carbonate"", ""lodised Salt. Oat Meal. Emulsifier(INS 471)"", ""Acidity Regulator (INS 296)"", ""Nature Identical Flavouring Substances"", ""Sweetener (INS 955). Contains Cereals containing gluten (Wheat. Oats). May contain Milk"", ""Nuts"", ""Soy and Sulphite.""]","[""gluten""]",[],,
Marie Gold,britannia,snacks,8901063162600,,"[""117g""]","[""REFINED WHEAT FLOUR (MAIDA) (73%)"", ""SUGAR"", ""REFINED PALM OIL"", ""INVERT SUGAR SYRUF"", ""MILK PRODUCTS (MILK SOLIDS&SWEETENED CONDENSED PARTLY SKIMMED MILK)"", ""RAISING AGENTS [(503(ii) & 500(ii)]"", ""1ODISED SALT MINERALS ARTIFICIAL (MILK & VANILLA) & NATURE IDENTICAL FLAVOURING SUBSTANCES"", ""EMULSIFIER (479 DOUGH CONDITIONER (223)"", ""VITAMINS"", ""COLOUR (150d) AND IMPROVER (1101(i)). Numbers in brackets as per International Numbering System) CONTAINS WHEAT"", ""MILK AND SULPHITE. Vitamins+ Minerals*""]","[""gluten"", ""milk"", ""sulphur dioxide and sulphites""]",[],,
EGGS,good-eggs,eggs-and-their-products,8908015089015,,"[""12""]","[""Eggs""]","[""eggs""]",[],,https://images.openfoodfacts.org/images/products/890/801/508/9015/front_en.3.400.jpg
Peanut Butter Unsweetened,open-secret,plant-based-foods-and-beverages,8906166360892,,"[""950 g""]","[""Roasted Peanut"", ""Emulsifier E-471""]","[""peanuts""]",[],,
Foxtail Millet,desi-kitchen,plant-based-foods-and-beverages,8902901027815,,"[""500g""]","[""Foxtail Millet""]","[""-""]",[],,
